Ferd,Moulsdall,fmoulsdall0@clickbank.net
Carie,Lidgard,clidgard1@google.nl
Gunilla,Spinks,gspinks2@dropbox.com
Barr,Guitt,bguitt3@qq.com
Daune,Brabant,dbrabant4@meetup.com
Dierdre,Leney,dleney5@spiegel.de
Inger,Douch,idouch6@stanford.edu
Elita,Zanioletti,ezanioletti7@squarespace.com
Colas,Parram,cparram8@instagram.com
Eugenia,Hamal,ehamal9@goodreads.com
Bondon,Spriggen,bspriggena@omniture.com
Grayce,Arr,garrb@foxnews.com
Charo,Flaonier,cflaonierc@vimeo.com
Raimondo,Garric,rgarricd@wufoo.com
Rosemaria,Brokenshaw,rbrokenshawe@yahoo.co.jp
Analiese,O'Donovan,aodonovanf@accuweather.com
Elga,Molyneaux,emolyneauxg@independent.co.uk
Tudor,Dorey,tdoreyh@intel.com
Jerri,Berkery,jberkeryi@netvibes.com
Nels,Landre,nlandrej@angelfire.com
Celestyna,Ohrt,cohrtk@cdbaby.com
Tait,Beyer,tbeyerl@independent.co.uk
Yetty,Baumler,ybaumlerm@mtv.com
Adelle,Cordner,acordnern@theguardian.com
Elwin,Iffland,eifflando@phpbb.com
Charmine,Booley,cbooleyp@timesonline.co.uk
Jeremias,Reddish,jreddishq@sphinn.com
Seamus,Bethune,sbethuner@jiathis.com
Nathanil,Dieton,ndietons@baidu.com
Andie,Wickstead,awicksteadt@people.com.cn
Alverta,Ware,awareu@nps.gov
Ryley,Mungan,rmunganv@berkeley.edu
Kaitlin,Pattingson,kpattingsonw@sbwire.com
Farra,Khosa,fkhosax@archive.org
Jdavie,Pinner,jpinnery@de.vu
Carlyn,Shearstone,cshearstonez@networksolutions.com
Bobbette,Presland,bpresland10@nbcnews.com
Skyler,Caplen,scaplen11@tripod.com
Gabe,Gotobed,ggotobed12@diigo.com
Travus,Colafate,tcolafate13@vinaora.com
Zaria,Weatherup,zweatherup14@webnode.com
Calley,Macenzy,cmacenzy15@wikimedia.org
Bobinette,Tolussi,btolussi16@chron.com
Luigi,Moberley,lmoberley17@skyrock.com
Rurik,Fishbourn,rfishbourn18@utexas.edu
Nancee,Stainton - Skinn,nstaintonskinn19@homestead.com
Jonie,Beviss,jbeviss1a@vimeo.com
Sal,Stentiford,sstentiford1b@skype.com
Arlee,Pilbury,apilbury1c@bluehost.com
Jodi,Bleesing,jbleesing1d@ocn.ne.jp
Catherin,Pollicott,cpollicott1e@moonfruit.com
Rodrick,Sidery,rsidery1f@yandex.ru
Aldin,Yellop,ayellop1g@shop-pro.jp
Darrin,Sidle,dsidle1h@w3.org
Crista,Rainton,crainton1i@zdnet.com
Pierette,Gauson,pgauson1j@macromedia.com
Dwayne,Demaine,ddemaine1k@ibm.com
Estevan,Gelderd,egelderd1l@ucla.edu
Tabina,Keilty,tkeilty1m@rakuten.co.jp
Desiri,Maulkin,dmaulkin1n@amazon.de
Camila,Laurenceau,claurenceau1o@digg.com
Padraig,Golborne,pgolborne1p@blogtalkradio.com
Karalee,Cawley,kcawley1q@archive.org
Logan,Inchcomb,linchcomb1r@webnode.com
Garth,Marrington,gmarrington1s@geocities.com
Oralle,McCallum,omccallum1t@biblegateway.com
Harmony,Gilkison,hgilkison1u@1und1.de
Bing,Gingold,bgingold1v@twitter.com
Ashleigh,Galland,agalland1w@nih.gov
Teodorico,Letts,tletts1x@delicious.com
Deck,Willetts,dwilletts1y@biglobe.ne.jp
Galvin,Errichelli,gerrichelli1z@bloglines.com
Ted,Reggiani,treggiani20@prlog.org
Porter,Sich,psich21@elpais.com
Carolan,Bartels,cbartels22@census.gov
Walton,Hambelton,whambelton23@furl.net
Frasier,Ritchard,fritchard24@chron.com
Jan,Hubble,jhubble25@clickbank.net
Rodney,Watson,rwatson26@parallels.com
Marylee,Frankiss,mfrankiss27@usnews.com
Marcellina,Banes,mbanes28@apache.org
Ash,Tippler,atippler29@odnoklassniki.ru
Germayne,Reolfo,greolfo2a@blogger.com
Nappy,Gambell,ngambell2b@usnews.com
Dom,Cramp,dcramp2c@oracle.com
Rog,Hardwell,rhardwell2d@alibaba.com
Rora,Petrolli,rpetrolli2e@virginia.edu
Lilly,Renvoise,lrenvoise2f@arstechnica.com
Elene,Matelyunas,ematelyunas2g@phpbb.com
Niven,Thurner,nthurner2h@geocities.jp
Corissa,Sier,csier2i@craigslist.org
Tate,Durdle,tdurdle2j@scientificamerican.com
Trudi,Roderighi,troderighi2k@ihg.com
Chloe,Gartery,cgartery2l@economist.com
Samara,Semiras,ssemiras2m@kickstarter.com
Candis,Tanby,ctanby2n@flavors.me
Michale,Cadell,mcadell2o@hud.gov
Andrea,Clair,aclair2p@cbslocal.com
Derby,Hathwood,dhathwood2q@geocities.jp
Junie,McDonnell,jmcdonnell2r@bravesites.com
Casar,Gooderick,cgooderick2s@hc360.com
Lyell,Visco,lvisco2t@123-reg.co.uk
Sofie,Dow,sdow2u@nytimes.com
Aron,Serot,aserot2v@salon.com
Zechariah,Klosa,zklosa2w@infoseek.co.jp
Norina,Rubinsky,nrubinsky2x@livejournal.com
Cullin,Cowley,ccowley2y@weebly.com
Nevin,Derrington,nderrington2z@com.com
Reidar,Sukbhans,rsukbhans30@elpais.com
Marty,Emmott,memmott31@furl.net
Reeba,Doy,rdoy32@vk.com
Algernon,Elbourne,aelbourne33@ox.ac.uk
Jilli,Allanby,jallanby34@shutterfly.com
Artemas,McCerery,amccerery35@miibeian.gov.cn
Cleon,Weatherdon,cweatherdon36@smugmug.com
Bax,Labone,blabone37@t-online.de
Christiana,Vondruska,cvondruska38@cnbc.com
Matelda,Alenin,malenin39@merriam-webster.com
Beaufort,Delgua,bdelgua3a@jigsy.com
Pancho,Elegood,pelegood3b@wix.com
Shane,Crimmins,scrimmins3c@npr.org
Sileas,Shewery,sshewery3d@ebay.co.uk
Clarance,Deveraux,cdeveraux3e@lulu.com
Douglass,Burnsell,dburnsell3f@nature.com
Freda,Barstock,fbarstock3g@ucla.edu
Yetta,Kupka,ykupka3h@bravesites.com
Des,Penright,dpenright3i@ameblo.jp
Xavier,Wildgoose,xwildgoose3j@hud.gov
Stearne,Siegertsz,ssiegertsz3k@yandex.ru
Faustina,Seeger,fseeger3l@gizmodo.com
Nikoletta,Harries,nharries3m@samsung.com
Berenice,Pannett,bpannett3n@oaic.gov.au
Mic,Marchbank,mmarchbank3o@trellian.com
Yolanda,Gready,ygready3p@wired.com
Vince,Beetles,vbeetles3q@twitter.com
Urbano,Stubbert,ustubbert3r@globo.com
Ave,Parrington,aparrington3s@free.fr
Zak,Brum,zbrum3t@tinypic.com
Krystal,Ivanchov,kivanchov3u@unesco.org
Athene,Clerc,aclerc3v@google.nl
Gay,Dumke,gdumke3w@illinois.edu
Brier,Quinell,bquinell3x@prnewswire.com
Anya,Adess,aadess3y@behance.net
Danie,Radmer,dradmer3z@stanford.edu
Herrick,Spaughton,hspaughton40@dot.gov
Herve,Nerne,hnerne41@bizjournals.com
Em,Kemp,ekemp42@chicagotribune.com
Lurlene,O'Growgane,logrowgane43@miitbeian.gov.cn
Wallie,Aronoff,waronoff44@dropbox.com
Harmonia,Trevorrow,htrevorrow45@buzzfeed.com
Otto,De Filippis,odefilippis46@nasa.gov
Goddard,Curryer,gcurryer47@hibu.com
Earle,Swapp,eswapp48@bloglines.com
Fitzgerald,Burnside,fburnside49@istockphoto.com
Virgilio,Blackston,vblackston4a@tuttocitta.it
Bobette,Hundell,bhundell4b@istockphoto.com
Obidiah,Halkyard,ohalkyard4c@issuu.com
Mavis,Odegaard,modegaard4d@hugedomains.com
Marianna,Darthe,mdarthe4e@php.net
Tove,Prevost,tprevost4f@arizona.edu
Gregoor,Christophers,gchristophers4g@skype.com
Kania,Mitchinson,kmitchinson4h@fastcompany.com
Falkner,Fakes,ffakes4i@earthlink.net
Torrance,Whatson,twhatson4j@phpbb.com
Yancey,Abad,yabad4k@uol.com.br
Fae,Magee,fmagee4l@wisc.edu
Sheffield,Harmour,sharmour4m@yahoo.co.jp
Vivia,Stobart,vstobart4n@woothemes.com
Joann,Acosta,jacosta4o@tuttocitta.it
Neils,Kunz,nkunz4p@163.com
Dicky,Tsar,dtsar4q@hhs.gov
Nickola,Tevlin,ntevlin4r@nsw.gov.au
Rafferty,Armitt,rarmitt4s@vk.com
Vanny,Amer,vamer4t@state.gov
Adorne,Winckworth,awinckworth4u@blogspot.com
Cristy,MacQuist,cmacquist4v@mayoclinic.com
Randie,Kalisch,rkalisch4w@wsj.com
Oswald,Bockmaster,obockmaster4x@yelp.com
Idalina,Caurah,icaurah4y@latimes.com
Jarad,Ginnane,jginnane4z@symantec.com
Malia,Magovern,mmagovern50@yahoo.co.jp
Stevana,Rusling,srusling51@wunderground.com
Lois,Stang-Gjertsen,lstanggjertsen52@fema.gov
Jens,Mulcahy,jmulcahy53@usgs.gov
Margareta,Wintour,mwintour54@soup.io
Allianora,Sandys,asandys55@nih.gov
Holly-anne,Stapleford,hstapleford56@arstechnica.com
Antonietta,Ingleton,aingleton57@un.org
Gerry,Reinisch,greinisch58@unblog.fr
Elwood,Hrinchenko,ehrinchenko59@purevolume.com
Nola,Meriott,nmeriott5a@drupal.org
Nady,Ottewill,nottewill5b@state.tx.us
Doroteya,Moulin,dmoulin5c@woothemes.com
Kerrill,Labin,klabin5d@booking.com
Natalya,Wollard,nwollard5e@unesco.org
Fulton,Downgate,fdowngate5f@huffingtonpost.com
Tad,Gowanson,tgowanson5g@bloomberg.com
Darrick,McQuin,dmcquin5h@merriam-webster.com
Stephannie,Lawerence,slawerence5i@bbb.org
Fey,Maneylaws,fmaneylaws5j@homestead.com
Jamison,Nagle,jnagle5k@icq.com
Demetria,Sate,dsate5l@nature.com
Gregg,Charon,gcharon5m@unesco.org
Donielle,Crosdill,dcrosdill5n@ed.gov
Ansley,Corden,acorden5o@ucla.edu
Dieter,Lissandre,dlissandre5p@bravesites.com
Flossy,Rahlof,frahlof5q@ning.com
Jackqueline,Feechan,jfeechan5r@irs.gov
Paulie,Alderman,palderman5s@blinklist.com
Jehanna,O'Duane,joduane5t@about.com
Ingaberg,Rodie,irodie5u@phoca.cz
Salomon,Eam,seam5v@opensource.org
Gris,Gauvin,ggauvin5w@unicef.org
Elisabetta,Crannach,ecrannach5x@ucla.edu
Perl,Ricardin,pricardin5y@godaddy.com
Reynolds,Haskew,rhaskew5z@opera.com
Roda,Moodycliffe,rmoodycliffe60@elegantthemes.com
Bev,Kryszkiecicz,bkryszkiecicz61@desdev.cn
Fredelia,Di Baudi,fdibaudi62@de.vu
Cari,Jeratt,cjeratt63@uol.com.br
Hamid,Menlove,hmenlove64@illinois.edu
Sarita,Kluge,skluge65@smugmug.com
Lorrin,Cockayne,lcockayne66@photobucket.com
Sukey,Fisby,sfisby67@artisteer.com
Jeanie,Josling,jjosling68@purevolume.com
Davidson,Toal,dtoal69@techcrunch.com
Cecil,Winkless,cwinkless6a@odnoklassniki.ru
Mohandis,McShane,mmcshane6b@xing.com
Floria,Lowdiane,flowdiane6c@google.it
Emmery,Dyer,edyer6d@europa.eu
Karlie,Farenden,kfarenden6e@wiley.com
Hewet,Clamp,hclamp6f@wp.com
Noreen,McArdell,nmcardell6g@usgs.gov
Lurette,Newlan,lnewlan6h@netvibes.com
Bil,Banting,bbanting6i@amazon.com
Jany,Swadlin,jswadlin6j@csmonitor.com
Cloe,Turford,cturford6k@springer.com
Dilan,Rodger,drodger6l@flickr.com
Brynna,Beneteau,bbeneteau6m@gnu.org
Raye,Purcer,rpurcer6n@mapquest.com
Arlen,Lindsell,alindsell6o@cam.ac.uk
Marice,Belsher,mbelsher6p@epa.gov
Jorgan,Hawarden,jhawarden6q@google.ru
Liza,Swepstone,lswepstone6r@usa.gov
Drusi,Freake,dfreake6s@shop-pro.jp
Carling,Gorriessen,cgorriessen6t@cocolog-nifty.com
Gabbi,Poppy,gpoppy6u@icio.us
Licha,Ogers,logers6v@toplist.cz
Victoir,Anselmi,vanselmi6w@rediff.com
Rebbecca,Shufflebotham,rshufflebotham6x@typepad.com
Jordana,L'Hommeau,jlhommeau6y@newsvine.com
Edythe,Mayow,emayow6z@cargocollective.com
Robers,McGorman,rmcgorman70@typepad.com
Steffen,Fossord,sfossord71@java.com
Archibaldo,Ewbank,aewbank72@godaddy.com
Durand,Chattington,dchattington73@nydailynews.com
Sunny,Amber,samber74@mail.ru
Regen,Fidelus,rfidelus75@google.co.jp
Burr,Castagne,bcastagne76@reuters.com
Alic,Richly,arichly77@japanpost.jp
Vivyan,Posnett,vposnett78@phpbb.com
Morgen,Salliss,msalliss79@w3.org
Karie,Terzi,kterzi7a@mediafire.com
Ann,Fidelus,afidelus7b@360.cn
Artemas,Comford,acomford7c@1und1.de
Corina,Havenhand,chavenhand7d@goo.gl
Thadeus,Drain,tdrain7e@printfriendly.com
Rebbecca,Trenholme,rtrenholme7f@i2i.jp
Jessi,Stocker,jstocker7g@reverbnation.com
Edlin,Magauran,emagauran7h@google.nl
Bartlet,De Domenico,bdedomenico7i@usatoday.com
Brooks,Jenyns,bjenyns7j@chron.com
Vaughn,McRinn,vmcrinn7k@hud.gov
Rosabel,Apark,rapark7l@amazonaws.com
Natassia,Brunet,nbrunet7m@privacy.gov.au
Robina,McClory,rmcclory7n@google.fr
Hank,Asken,hasken7o@businessinsider.com
Flore,Brahms,fbrahms7p@sogou.com
Ric,Sich,rsich7q@networkadvertising.org
Kele,Tigner,ktigner7r@china.com.cn
Perrine,Niessen,pniessen7s@slate.com
Durante,Coucha,dcoucha7t@dropbox.com
Mozes,Da Costa,mdacosta7u@umn.edu
Kendricks,Dillingstone,kdillingstone7v@blogs.com
Heall,Luetkemeyers,hluetkemeyers7w@goo.ne.jp
Marthe,Bowry,mbowry7x@t.co
Jewel,Skittle,jskittle7y@jalbum.net
Cob,Tampion,ctampion7z@pinterest.com
Roselle,Bottoms,rbottoms80@wiley.com
Elissa,Ert,eert81@4shared.com
Jobina,Wombwell,jwombwell82@google.de
Catarina,Kirkam,ckirkam83@weebly.com
Benji,Presslee,bpresslee84@wisc.edu
Robinett,Brolan,rbrolan85@ovh.net
Bobbie,Knibbs,bknibbs86@omniture.com
Berkie,Fawdrey,bfawdrey87@nhs.uk
Wynnie,Andrieu,wandrieu88@blogs.com
Leyla,Perceval,lperceval89@jimdo.com
Erskine,Petrenko,epetrenko8a@tumblr.com
Lesya,Barnwill,lbarnwill8b@com.com
Sancho,Vittet,svittet8c@ucla.edu
Gray,Kelshaw,gkelshaw8d@usgs.gov
Dorree,Dubbin,ddubbin8e@cloudflare.com
Crystie,Cochet,ccochet8f@bloglines.com
Valentin,Vanyarkin,vvanyarkin8g@disqus.com
Jamil,Odgaard,jodgaard8h@meetup.com
Nikkie,Latham,nlatham8i@ameblo.jp
Kingsly,Kuban,kkuban8j@hubpages.com
Prent,Sowten,psowten8k@aboutads.info
Delmer,Cooch,dcooch8l@nifty.com
Morrie,Gaywood,mgaywood8m@blogs.com
Currie,Dougherty,cdougherty8n@github.io
Thor,Kyndred,tkyndred8o@indiegogo.com
Rowan,Midlar,rmidlar8p@weebly.com
Diarmid,Palffrey,dpalffrey8q@si.edu
Adella,Mintrim,amintrim8r@yahoo.com
Avram,Wedgwood,awedgwood8s@google.co.jp
Ivan,Brazelton,ibrazelton8t@state.gov
Torrie,Lunam,tlunam8u@pen.io
Cord,Anthoin,canthoin8v@loc.gov
Mandi,Haire,mhaire8w@altervista.org
Libbi,Mc Harg,lmcharg8x@cdc.gov
Astra,Harower,aharower8y@dell.com
Verena,Feavearyear,vfeavearyear8z@amazon.co.uk
Pip,Linne,plinne90@tinypic.com
Elora,Courvert,ecourvert91@xing.com
Malory,McLemon,mmclemon92@aol.com
Emmit,Pleming,epleming93@phpbb.com
Bunny,Leap,bleap94@scribd.com
Raeann,Hearnes,rhearnes95@scientificamerican.com
Harriett,Sikora,hsikora96@amazon.co.jp
Kizzie,Glisane,kglisane97@spotify.com
Garey,Lampert,glampert98@umn.edu
Angelita,Holehouse,aholehouse99@soundcloud.com
Lorri,Gillion,lgillion9a@trellian.com
Shoshana,Immins,simmins9b@uiuc.edu
Mela,MacGee,mmacgee9c@goo.ne.jp
Yorgo,Divine,ydivine9d@stumbleupon.com
Gaile,Killiam,gkilliam9e@networksolutions.com
Huey,Podbury,hpodbury9f@washington.edu
Adamo,Mafham,amafham9g@newsvine.com
Arlinda,Castlake,acastlake9h@ihg.com
Grier,Crew,gcrew9i@aboutads.info
Ulrick,Cherry Holme,ucherryholme9j@ifeng.com
Rorke,Riall,rriall9k@shinystat.com
Lambert,McElwee,lmcelwee9l@yelp.com
Serene,Labbey,slabbey9m@google.co.jp
Burgess,Measen,bmeasen9n@tuttocitta.it
Owen,Oldknowe,ooldknowe9o@theatlantic.com
Joey,Kolodziej,jkolodziej9p@baidu.com
Winny,McKernan,wmckernan9q@list-manage.com
Meredeth,Atling,matling9r@infoseek.co.jp
Toby,Casotti,tcasotti9s@businessweek.com
Jaclin,Vanne,jvanne9t@harvard.edu
Milty,Sante,msante9u@hibu.com
Case,Andrivot,candrivot9v@vinaora.com
Robb,Petren,rpetren9w@is.gd
Henrik,Ibeson,hibeson9x@jalbum.net
Rozelle,Brumham,rbrumham9y@gizmodo.com
Shay,Lunt,slunt9z@prweb.com
Glynnis,Husselbee,ghusselbeea0@blinklist.com
Maude,Ruggieri,mruggieria1@princeton.edu
Sharai,Sinyard,ssinyarda2@ovh.net
Ertha,Simyson,esimysona3@blinklist.com
Boone,Boerderman,bboerdermana4@yahoo.co.jp
Annamarie,Tebb,atebba5@ftc.gov
Lydia,Tootell,ltootella6@youtu.be
Herman,Aizikowitz,haizikowitza7@seesaa.net
Heall,Swannie,hswanniea8@hugedomains.com
Arluene,Gerhartz,agerhartza9@last.fm
Zachariah,Still,zstillaa@chron.com
Shirlene,Crisall,scrisallab@quantcast.com
Chandra,Gyngell,cgyngellac@wunderground.com
Phillipp,Blincow,pblincowad@mediafire.com
Obed,Lewerenz,olewerenzae@mail.ru
Ignacio,Allery,ialleryaf@irs.gov
Celine,Romke,cromkeag@unicef.org
Xever,Grahame,xgrahameah@bigcartel.com
Brenn,Patron,bpatronai@cyberchimps.com
Rolf,Wale,rwaleaj@unc.edu
Dael,Evitts,devittsak@fc2.com
Philbert,Gratrix,pgratrixal@paypal.com
Michaela,Leeder,mleederam@ft.com
Elvyn,Trow,etrowan@dot.gov
Lilas,Chazier,lchazierao@adobe.com
Esdras,Cappel,ecappelap@bloglines.com
Janifer,Patriche,jpatricheaq@dagondesign.com
Wash,Brownhall,wbrownhallar@businessweek.com
Belia,Evequot,bevequotas@abc.net.au
Rycca,Wild,rwildat@wired.com
Amalia,Terram,aterramau@usatoday.com
Cherice,Douberday,cdouberdayav@china.com.cn
Hendrika,Luca,hlucaaw@deliciousdays.com
Leighton,Pernell,lpernellax@stumbleupon.com
Maggee,Leveritt,mleverittay@dailymotion.com
Gottfried,Ellwood,gellwoodaz@ucsd.edu
Marven,De Avenell,mdeavenellb0@cisco.com
Garland,Reardon,greardonb1@columbia.edu
Pat,Brandreth,pbrandrethb2@cnet.com
Antone,Merioth,ameriothb3@seesaa.net
Legra,Duesberry,lduesberryb4@shareasale.com
Annetta,Roby,arobyb5@eventbrite.com
Augusto,Swateridge,aswateridgeb6@mit.edu
Izaak,Malimoe,imalimoeb7@over-blog.com
Sigismundo,Waterstone,swaterstoneb8@google.nl
Trey,Evitt,tevittb9@flavors.me
Colman,Cardnell,ccardnellba@pcworld.com
Stevena,Blanking,sblankingbb@indiegogo.com
Horatio,Litchmore,hlitchmorebc@surveymonkey.com
Rhodie,MacKean,rmackeanbd@harvard.edu
Allister,Killimister,akillimisterbe@epa.gov
Maxwell,Del Dello,mdeldellobf@parallels.com
Obidiah,Wozencraft,owozencraftbg@engadget.com
Sigismond,Kinningley,skinningleybh@360.cn
Emmett,Sherrell,esherrellbi@linkedin.com
Leann,Gauvin,lgauvinbj@indiegogo.com
Elsa,Benasik,ebenasikbk@jimdo.com
Bunni,Plampeyn,bplampeynbl@sina.com.cn
Tish,Bownde,tbowndebm@wsj.com
Ginnie,Channer,gchannerbn@wisc.edu
Odey,Kropp,okroppbo@biblegateway.com
Lucina,Ottee,lotteebp@skype.com
Piotr,Le Hucquet,plehucquetbq@51.la
Oates,Prall,oprallbr@cisco.com
Jedd,Regardsoe,jregardsoebs@reference.com
Remus,Keave,rkeavebt@google.co.uk
Bekki,Grigsby,bgrigsbybu@t-online.de
Sharyl,Wichard,swichardbv@wiley.com
Griffy,Wharby,gwharbybw@meetup.com
Sawyer,Prescot,sprescotbx@mediafire.com
Elnore,Stovell,estovellby@infoseek.co.jp
Korella,Dunbabin,kdunbabinbz@webeden.co.uk
Haley,Alexandersson,halexanderssonc0@last.fm
Trudi,Rodnight,trodnightc1@etsy.com
Claudie,Taylorson,ctaylorsonc2@surveymonkey.com
Carline,Marcum,cmarcumc3@npr.org
Pauline,Cud,pcudc4@elpais.com
Denyse,Aliberti,dalibertic5@samsung.com
Curcio,Harme,charmec6@washington.edu
Clark,Thornthwaite,cthornthwaitec7@smh.com.au
Merell,Tarplee,mtarpleec8@jugem.jp
Salvatore,Hapke,shapkec9@tripadvisor.com
Karee,Dunsleve,kdunsleveca@virginia.edu
Stella,Linfitt,slinfittcb@netscape.com
Lura,Wellan,lwellancc@geocities.com
Ailis,Franses,afransescd@craigslist.org
Georgeanne,Gleadhall,ggleadhallce@ustream.tv
Winslow,Rohlfing,wrohlfingcf@slideshare.net
Carolynn,Gates,cgatescg@google.de
Wilfred,Nary,wnarych@oaic.gov.au
Layney,Collard,lcollardci@thetimes.co.uk
Franzen,Vsanelli,fvsanellicj@tripadvisor.com
Jarrett,Ansill,jansillck@mac.com
Goldi,Dullard,gdullardcl@economist.com
Jamey,Brannon,jbrannoncm@ox.ac.uk
Davidson,Danilchev,ddanilchevcn@nytimes.com
Hercule,Sweeten,hsweetenco@homestead.com
Marlo,Hounson,mhounsoncp@mtv.com
Ara,Gumbley,agumbleycq@trellian.com
Clerkclaude,Brookes,cbrookescr@etsy.com
Sam,Satcher,ssatchercs@nih.gov
Wylie,Abrahamsson,wabrahamssonct@hhs.gov
Kathrine,Philippsohn,kphilippsohncu@state.gov
Madelina,Scurman,mscurmancv@bing.com
Meriel,Curee,mcureecw@opensource.org
Shurlock,Mount,smountcx@paypal.com
Chico,Chiommienti,cchiommienticy@cam.ac.uk
Cyndia,McIsaac,cmcisaaccz@biblegateway.com
Emalee,Bugs,ebugsd0@irs.gov
Mattias,Channing,mchanningd1@auda.org.au
Lionel,Braker,lbrakerd2@phpbb.com
Meade,Oager,moagerd3@omniture.com
Edward,Champness,echampnessd4@wired.com
Marybelle,Jelly,mjellyd5@addthis.com
Edithe,Suthworth,esuthworthd6@xing.com
Donny,Bellison,dbellisond7@com.com
Claudell,Elion,celiond8@unblog.fr
Hanna,Meddemmen,hmeddemmend9@japanpost.jp
Alon,Demcak,ademcakda@hp.com
Demeter,Stolte,dstoltedb@biblegateway.com
Tine,Stopper,tstopperdc@senate.gov
Alice,Van Waadenburg,avanwaadenburgdd@google.cn
Althea,Cordon,acordonde@unblog.fr
Samuele,Beeze,sbeezedf@adobe.com
Parrnell,Luchelli,pluchellidg@wsj.com
Alma,Ketchen,aketchendh@bbc.co.uk
Fredra,Copeland,fcopelanddi@sohu.com
Dud,Hinners,dhinnersdj@oaic.gov.au
Constantine,MacHostie,cmachostiedk@vkontakte.ru
Dianna,Jex,djexdl@nih.gov
Cindi,Chadburn,cchadburndm@apache.org
Phillipe,Redwin,predwindn@vk.com
Kirsti,Oliveti,kolivetido@furl.net
Lyn,Newbegin,lnewbegindp@dailymotion.com
Rosella,Pedroni,rpedronidq@multiply.com
Rickert,Haswell,rhaswelldr@gravatar.com
Coraline,Guymer,cguymerds@weather.com
Yorgo,Darrigone,ydarrigonedt@icq.com
Lucita,Dilloway,ldillowaydu@github.io
Dunn,Necrews,dnecrewsdv@stanford.edu
Maddy,Felton,mfeltondw@ning.com
Arielle,Quartley,aquartleydx@admin.ch
Ainsley,Batrim,abatrimdy@wufoo.com
Annabal,Ploughwright,aploughwrightdz@statcounter.com
Eveleen,Jobbins,ejobbinse0@google.it
Geraldine,Sowden,gsowdene1@slate.com
Crista,Benech,cbeneche2@jimdo.com
Estevan,Joddens,ejoddense3@slashdot.org
Gretchen,Campling,gcamplinge4@163.com
Myrtle,Tattoo,mtattooe5@narod.ru
Carin,Bennedick,cbennedicke6@ifeng.com
Traci,Colls,tcollse7@yahoo.com
Bobbye,Marshland,bmarshlande8@wikia.com
Kiele,Pentycost,kpentycoste9@google.com
Gaspard,Adriaens,gadriaensea@delicious.com
Zedekiah,Fligg,zfliggeb@noaa.gov
Teirtza,Standish,tstandishec@example.com
Virgina,Aisthorpe,vaisthorpeed@bloglovin.com
Mart,Zapater,mzapateree@illinois.edu
Charlton,Robotham,crobothamef@theglobeandmail.com
Lynna,Sidebotton,lsidebottoneg@cisco.com
Wang,Sitford,wsitfordeh@desdev.cn
Jessalyn,Bullough,jbulloughei@slate.com
Matt,Taveriner,mtaverinerej@github.io
Katalin,Thornewill,kthornewillek@opensource.org
Elihu,Mathiassen,emathiassenel@chicagotribune.com
Helene,Derry,hderryem@examiner.com
Peirce,Bowmen,pbowmenen@shinystat.com
Brandise,Alcalde,balcaldeeo@flavors.me
Bonni,Monsey,bmonseyep@stumbleupon.com
Robin,Satyford,rsatyfordeq@google.de
Jock,Davidovich,jdavidovicher@seattletimes.com
Alexandr,Dunnet,adunnetes@ed.gov
Leonora,Papachristophorou,lpapachristophorouet@yandex.ru
Carolin,Nielson,cnielsoneu@hao123.com
Jacquelin,Cooch,jcoochev@creativecommons.org
Ward,Van Dijk,wvandijkew@indiegogo.com
Torr,Marsters,tmarstersex@gizmodo.com
Micky,Longson,mlongsoney@theatlantic.com
Dorothea,Arnauduc,darnauducez@simplemachines.org
Eberto,Haffard,ehaffardf0@cafepress.com
Odie,Ralling,orallingf1@yolasite.com
Matty,Weadick,mweadickf2@time.com
Helga,Grinvalds,hgrinvaldsf3@meetup.com
Mareah,Blofield,mblofieldf4@redcross.org
Tabby,Bradder,tbradderf5@t.co
Sam,Lefeuvre,slefeuvref6@miibeian.gov.cn
Cherye,Deeny,cdeenyf7@msn.com
Clayson,Vigors,cvigorsf8@hao123.com
Louis,Larmett,llarmettf9@paginegialle.it
Annabelle,Thurnham,athurnhamfa@buzzfeed.com
Harrietta,Bushby,hbushbyfb@senate.gov
Nadiya,Boycott,nboycottfc@cnbc.com
Gradey,Henstone,ghenstonefd@weibo.com
Charlean,Bolzen,cbolzenfe@bigcartel.com
Frannie,Rao,fraoff@blogs.com
Care,Flemyng,cflemyngfg@guardian.co.uk
Querida,Balshen,qbalshenfh@360.cn
Konstantine,Flawn,kflawnfi@myspace.com
Merrili,Comelini,mcomelinifj@usgs.gov
Freida,Whilde,fwhildefk@nyu.edu
Jaymee,Tawton,jtawtonfl@pagesperso-orange.fr
Waite,Gorthy,wgorthyfm@ameblo.jp
Charisse,Gregorio,cgregoriofn@usda.gov
Konstantine,MacKereth,kmackerethfo@uiuc.edu
Jamie,Gillion,jgillionfp@about.me
Geoff,Assante,gassantefq@symantec.com
Allister,Folds,afoldsfr@ustream.tv
Winslow,Blinco,wblincofs@fc2.com
Kleon,Paddle,kpaddleft@wikipedia.org
Simone,O'Beirne,sobeirnefu@nifty.com
Emelia,Wyss,ewyssfv@homestead.com
Jaimie,Ternent,jternentfw@ocn.ne.jp
Brit,Dorking,bdorkingfx@ameblo.jp
Bartolomeo,Maypes,bmaypesfy@sphinn.com
Nerte,Brimming,nbrimmingfz@qq.com
Brittne,Fetterplace,bfetterplaceg0@naver.com
Nickola,Trice,ntriceg1@vkontakte.ru
Rebe,Pencot,rpencotg2@intel.com
Reeba,Maypes,rmaypesg3@cnn.com
Rodger,McNelis,rmcnelisg4@vinaora.com
Emmy,Branscombe,ebranscombeg5@ucoz.com
Cecile,Chugg,cchuggg6@google.com.br
Morgen,Lace,mlaceg7@github.io
Tildi,Scorton,tscortong8@miibeian.gov.cn
Luke,Tenbrug,ltenbrugg9@lycos.com
Alys,Kobpa,akobpaga@rediff.com
Fair,Gaythor,fgaythorgb@prlog.org
Rodrique,Busst,rbusstgc@123-reg.co.uk
Harmonie,Bemrose,hbemrosegd@yale.edu
Andee,MacRanald,amacranaldge@1und1.de
Sisile,Dwerryhouse,sdwerryhousegf@dropbox.com
Benedikta,Kubach,bkubachgg@earthlink.net
Bernie,Scathard,bscathardgh@aboutads.info
Terri,Lugg,tlugggi@cmu.edu
Patrizio,Helix,phelixgj@example.com
Elladine,Abate,eabategk@t-online.de
Kurtis,Klemmt,kklemmtgl@delicious.com
Francklin,Norrington,fnorringtongm@bizjournals.com
Camey,Rex,crexgn@photobucket.com
Darelle,Keetley,dkeetleygo@virginia.edu
Tadeas,Lunney,tlunneygp@wikipedia.org
Gardiner,Quainton,gquaintongq@baidu.com
Emmy,Skerman,eskermangr@netscape.com
Rudolph,Bullan,rbullangs@twitter.com
Ninon,Franscioni,nfranscionigt@last.fm
Julianne,McMillan,jmcmillangu@mtv.com
Andy,Sylvaine,asylvainegv@umich.edu
Abdel,Lorenzo,alorenzogw@comsenz.com
Raoul,Buttner,rbuttnergx@xing.com
Elizabet,Northcliffe,enorthcliffegy@wordpress.com
Rita,Berick,rberickgz@china.com.cn
Bunnie,Oty,botyh0@tiny.cc
Filbert,Grose,fgroseh1@howstuffworks.com
Annecorinne,Allport,aallporth2@wiley.com
Jackson,Simic,jsimich3@nationalgeographic.com
Brien,Winterbourne,bwinterbourneh4@goodreads.com
Marylynne,Clevely,mclevelyh5@rakuten.co.jp
Thacher,Defrain,tdefrainh6@twitter.com
Raquel,Tomankowski,rtomankowskih7@va.gov
Kennett,Naper,knaperh8@seesaa.net
Hughie,Mapother,hmapotherh9@mac.com
Sher,Jessop,sjessopha@mapquest.com
Kathie,Lain,klainhb@linkedin.com
Sher,Corde,scordehc@skyrock.com
Des,Calderon,dcalderonhd@icq.com
Flo,Crathorne,fcrathornehe@mayoclinic.com
Hagen,Snowding,hsnowdinghf@sfgate.com
Abel,Rannells,arannellshg@house.gov
Hubie,Tonnesen,htonnesenhh@google.it
Bruce,Gozzett,bgozzetthi@google.co.jp
Delphine,Burdin,dburdinhj@slideshare.net
Bryn,Salvin,bsalvinhk@fotki.com
Jedediah,Samet,jsamethl@hhs.gov
Weston,Delacour,wdelacourhm@com.com
Abram,Rowlinson,arowlinsonhn@amazon.com
Gawen,Denk,gdenkho@bbc.co.uk
Olva,Kupke,okupkehp@go.com
Dannye,Georgiev,dgeorgievhq@tinypic.com
Pansie,Shawcross,pshawcrosshr@bandcamp.com
Deane,Mibourne,dmibournehs@arstechnica.com
Daile,Gorelli,dgorelliht@nifty.com
Brandon,Simpole,bsimpolehu@flavors.me
Garrett,Southwood,gsouthwoodhv@people.com.cn
Jemima,Goodfellow,jgoodfellowhw@geocities.com
Abner,Swepson,aswepsonhx@hc360.com
Eadie,Surgeoner,esurgeonerhy@t.co
Tandy,Yakobowitch,tyakobowitchhz@earthlink.net
Dredi,Norewood,dnorewoodi0@usgs.gov
Hadleigh,Bool,hbooli1@is.gd
Simeon,Jodkowski,sjodkowskii2@sciencedirect.com
Morgun,Woodberry,mwoodberryi3@va.gov
Emlynne,Simcox,esimcoxi4@mapy.cz
Yorgo,Hoyland,yhoylandi5@google.cn
Niles,Gentle,ngentlei6@comsenz.com
Clyde,Moggan,cmoggani7@google.co.jp
Jamey,Foulser,jfoulseri8@wisc.edu
Starla,Celier,scelieri9@vistaprint.com
Reggie,Tassaker,rtassakeria@vkontakte.ru
Immanuel,McClure,imcclureib@etsy.com
Lizabeth,Sircombe,lsircombeic@reddit.com
Lebbie,Perree,lperreeid@jiathis.com
Fin,Keese,fkeeseie@mlb.com
Magdaia,Rudiger,mrudigerif@dailymotion.com
Ransom,Crebott,rcrebottig@dagondesign.com
Valdemar,Hawkin,vhawkinih@goo.gl
Timmy,McIan,tmcianii@cpanel.net
Courtenay,Benkin,cbenkinij@google.co.uk
Rebbecca,Harley,rharleyik@toplist.cz
Hadley,Gagg,hgaggil@youtube.com
Rowan,Bromet,rbrometim@usa.gov
Saxe,Gori,sgoriin@google.co.jp
Angelika,Mugford,amugfordio@berkeley.edu
Glori,Learmount,glearmountip@globo.com
Helaina,Duetschens,hduetschensiq@craigslist.org
Jacquette,Layborn,jlaybornir@ask.com
Addy,Matieu,amatieuis@tuttocitta.it
Winny,Ebbutt,webbuttit@blog.com
Davey,Gribben,dgribbeniu@taobao.com
Em,Annand,eannandiv@nydailynews.com
Zena,Jirus,zjirusiw@foxnews.com
Roxine,Rookesby,rrookesbyix@lulu.com
Inna,Sall,isalliy@photobucket.com
Gerome,Allitt,gallittiz@google.de
Kaylyn,Healeas,khealeasj0@dot.gov
Leanor,Atwood,latwoodj1@thetimes.co.uk
Wendel,Bottom,wbottomj2@seesaa.net
Artemus,Antonignetti,aantonignettij3@phpbb.com
Orbadiah,Cliburn,ocliburnj4@apache.org
Aguie,Raymond,araymondj5@amazon.com
Edee,Flaverty,eflavertyj6@bing.com
Albert,Sproston,asprostonj7@businesswire.com
Sherline,Gotmann,sgotmannj8@npr.org
Colver,Lant,clantj9@soundcloud.com
Kippy,Furze,kfurzeja@last.fm
Odey,Burkin,oburkinjb@prlog.org
Eugine,Najera,enajerajc@ucoz.com
Rafe,Teodorski,rteodorskijd@imgur.com
Shelly,Ashwin,sashwinje@cnn.com
Ag,Haycock,ahaycockjf@upenn.edu
Haydon,Souley,hsouleyjg@photobucket.com
Kris,Bredgeland,kbredgelandjh@paypal.com
Aryn,Chrestien,achrestienji@google.com.hk
Melvin,Cleevely,mcleevelyjj@bandcamp.com
Munroe,Vevers,mveversjk@bloglovin.com
Aurel,Dickson,adicksonjl@cdbaby.com
Derril,Toffler,dtofflerjm@sina.com.cn
Thomasine,Anders,tandersjn@npr.org
Wilmette,Perrett,wperrettjo@statcounter.com
Chucho,Hannond,channondjp@globo.com
Hollis,Witt,hwittjq@github.io
Sandi,Le Conte,slecontejr@cnet.com
Myrtia,Crossley,mcrossleyjs@weibo.com
Merrick,Shannon,mshannonjt@e-recht24.de
Rutger,Cheshir,rcheshirju@instagram.com
Rabbi,Pizer,rpizerjv@go.com
Consuelo,Hasluck,chasluckjw@themeforest.net
Zach,Hallock,zhallockjx@phoca.cz
Marcel,Narup,mnarupjy@umich.edu
Cazzie,Matterface,cmatterfacejz@economist.com
Orbadiah,Coyte,ocoytek0@phpbb.com
Wendeline,Checcuzzi,wcheccuzzik1@soundcloud.com
Rochelle,Kloser,rkloserk2@independent.co.uk
Ulrich,Crossgrove,ucrossgrovek3@usnews.com
Gianina,Caruth,gcaruthk4@vk.com
Tucker,Kordt,tkordtk5@umich.edu
Clementina,Dainty,cdaintyk6@mayoclinic.com
Ira,Verbeke,iverbekek7@buzzfeed.com
Elijah,Buxsey,ebuxseyk8@woothemes.com
Teresa,Jobling,tjoblingk9@hubpages.com
Norina,Knagges,nknaggeska@yandex.ru
Sadye,Chart,schartkb@samsung.com
Holden,Tod,htodkc@vistaprint.com
Pattin,Bassindale,pbassindalekd@quantcast.com
Peter,Woolard,pwoolardke@ycombinator.com
Arvy,Welton,aweltonkf@yelp.com
Ferdinande,Liley,flileykg@telegraph.co.uk
Valentino,Fiennes,vfienneskh@uiuc.edu
Alexi,Simunek,asimunekki@statcounter.com
Thaxter,Argyle,targylekj@utexas.edu
Lind,Charlwood,lcharlwoodkk@naver.com
Jamie,MacCostigan,jmaccostigankl@seattletimes.com
Lin,Cissen,lcissenkm@indiatimes.com
Rebbecca,Iffland,rifflandkn@hugedomains.com
Joane,Reuben,jreubenko@mapquest.com
Stan,Tattersfield,stattersfieldkp@alexa.com
Chaunce,Yakovich,cyakovichkq@eventbrite.com
Bessie,Spier,bspierkr@nydailynews.com
Thomasina,Galiero,tgalieroks@flavors.me
Sasha,Noble,snoblekt@gnu.org
Damian,Wittering,dwitteringku@scientificamerican.com
Eward,Lumber,elumberkv@newyorker.com
Wyndham,Scudder,wscudderkw@va.gov
Genni,McAviy,gmcaviykx@fastcompany.com
Hermione,Gallone,hgalloneky@hhs.gov
Eveline,Ainslie,eainsliekz@e-recht24.de
Minnnie,Whatson,mwhatsonl0@goo.ne.jp
Zonnya,Claydon,zclaydonl1@delicious.com
Sigmund,Copestake,scopestakel2@usnews.com
Lorne,Matieu,lmatieul3@shareasale.com
Jorgan,Towl,jtowll4@netlog.com
Trisha,McKernon,tmckernonl5@skype.com
Golda,Wickens,gwickensl6@mediafire.com
Frank,Quest,fquestl7@over-blog.com
Myrta,Videan,mvideanl8@theglobeandmail.com
Sheba,McArte,smcartel9@cocolog-nifty.com
Laryssa,Bantick,lbantickla@phoca.cz
Niki,Edridge,nedridgelb@alibaba.com
Christiane,Ogers,cogerslc@wired.com
Robby,Draper,rdraperld@aol.com
Gigi,Baird,gbairdle@japanpost.jp
Nariko,Asbury,nasburylf@github.io
Ariela,Fick,aficklg@harvard.edu
Miner,Opdenorth,mopdenorthlh@ovh.net
Seana,Reyes,sreyesli@nhs.uk
Brita,Japp,bjapplj@pen.io
Cale,Emberton,cembertonlk@blogs.com
Sergio,Dunkley,sdunkleyll@japanpost.jp
Beatrice,Martland,bmartlandlm@yellowpages.com
Kiersten,Worley,kworleyln@alexa.com
Emanuel,Darch,edarchlo@discuz.net
Reinhold,Lampe,rlampelp@rambler.ru
Larisa,Itzkovitch,litzkovitchlq@wunderground.com
Worthy,Emmanuel,wemmanuellr@tiny.cc
Issie,Stair,istairls@arstechnica.com
Myrta,Castellanos,mcastellanoslt@mysql.com
Salim,Macek,smaceklu@simplemachines.org
Hamel,Gebbie,hgebbielv@privacy.gov.au
Dar,Hickin,dhickinlw@cmu.edu
Faith,Kedslie,fkedslielx@networksolutions.com
Jamaal,Klauer,jklauerly@yahoo.co.jp
Cyrus,Olivier,colivierlz@flickr.com
Parsifal,Witchell,pwitchellm0@apache.org
Brianna,Lobb,blobbm1@deliciousdays.com
Thorin,Henryson,thenrysonm2@moonfruit.com
Aleksandr,Ricoald,aricoaldm3@utexas.edu
Kalinda,Calladine,kcalladinem4@sina.com.cn
Chet,Ivasechko,civasechkom5@si.edu
Arielle,Leiden,aleidenm6@linkedin.com
Vi,Antoniat,vantoniatm7@newyorker.com
Tamiko,Baldacchi,tbaldacchim8@gmpg.org
Hermina,Swine,hswinem9@state.gov
Laurie,Packman,lpackmanma@meetup.com
Jeffrey,Pridmore,jpridmoremb@wiley.com
Gianina,Fitchew,gfitchewmc@cargocollective.com
Hube,Grabert,hgrabertmd@seesaa.net
Ram,Pirazzi,rpirazzime@ebay.com
Lianne,Challenor,lchallenormf@blogger.com
Abdul,Swepson,aswepsonmg@opera.com
Addy,Dusting,adustingmh@cmu.edu
Josias,Gurrado,jgurradomi@devhub.com
Shel,Senchenko,ssenchenkomj@mac.com
Rick,Duckhouse,rduckhousemk@booking.com
Ashlee,Hollington,ahollingtonml@twitter.com
Alys,Fronzek,afronzekmm@bloglines.com
Zia,Candish,zcandishmn@theglobeandmail.com
Bernete,McGroarty,bmcgroartymo@hugedomains.com
Kahlil,Babinski,kbabinskimp@scribd.com
Davey,Rosengren,drosengrenmq@joomla.org
Raymund,Mugglestone,rmugglestonemr@huffingtonpost.com
Kanya,Aldren,kaldrenms@statcounter.com
Fenelia,Glastonbury,fglastonburymt@sitemeter.com
Prent,Wistance,pwistancemu@youtube.com
Joanie,McSweeney,jmcsweeneymv@about.me
Gustav,Colicot,gcolicotmw@spotify.com
Kyle,Tolman,ktolmanmx@last.fm
Archer,Clementson,aclementsonmy@ted.com
Jessy,Powles,jpowlesmz@list-manage.com
Stirling,Fayers,sfayersn0@usda.gov
Arabel,Davana,adavanan1@nps.gov
Darcy,Meldon,dmeldonn2@ask.com
Lenard,Irlam,lirlamn3@tamu.edu
Auberta,Milham,amilhamn4@a8.net
Astra,Jamrowicz,ajamrowiczn5@over-blog.com
Isaak,Panswick,ipanswickn6@upenn.edu
Reeba,Domleo,rdomleon7@amazon.de
Griselda,Keast,gkeastn8@furl.net
Papageno,de Nore,pdenoren9@deviantart.com
Silas,Galia,sgaliana@examiner.com
Abraham,Euler,aeulernb@mozilla.org
Nita,Keepence,nkeepencenc@t.co
Kyle,Pickett,kpickettnd@nifty.com
Basia,Muggeridge,bmuggeridgene@wufoo.com
Cherianne,MacMenamy,cmacmenamynf@drupal.org
Rick,Petasch,rpetaschng@addtoany.com
Salomo,Themann,sthemannnh@goo.ne.jp
Stesha,Hockey,shockeyni@twitpic.com
Carey,Cuttler,ccuttlernj@opera.com
Dorris,Fawltey,dfawlteynk@smugmug.com
Mart,Dorie,mdorienl@paypal.com
Esme,Weatherill,eweatherillnm@noaa.gov
Georgine,Pohls,gpohlsnn@desdev.cn
Banky,Ramalhete,bramalheteno@imdb.com
Wileen,Cleere,wcleerenp@blogs.com
Norbie,Kealy,nkealynq@ucla.edu
Fredericka,Shoebridge,fshoebridgenr@ftc.gov
Tamara,Bleeze,tbleezens@hatena.ne.jp
Melany,Duffrie,mduffrient@usa.gov
Tommie,Gumm,tgummnu@github.com
Mickie,Zoellner,mzoellnernv@vk.com
Fionna,Thickens,fthickensnw@salon.com
Cindy,Salsberg,csalsbergnx@ask.com
Egbert,Haugeh,ehaugehny@slate.com
Elwood,Keelinge,ekeelingenz@webmd.com
Trudey,Wakeham,twakehamo0@nba.com
Jereme,Palley,jpalleyo1@foxnews.com
Amandi,Biswell,abiswello2@ucoz.ru
Allison,Reis,areiso3@reddit.com
Ailsun,Aleksankov,aaleksankovo4@chicagotribune.com
Irwinn,Rowet,iroweto5@furl.net
Gaven,Brosini,gbrosinio6@123-reg.co.uk
Rodina,Burnsall,rburnsallo7@theguardian.com
Rosalia,Howsam,rhowsamo8@furl.net
Nancie,Cruickshanks,ncruickshankso9@acquirethisname.com
Agnella,Ebbs,aebbsoa@etsy.com
Davita,Etter,detterob@prlog.org
Starr,Bayly,sbaylyoc@ucoz.com
Chery,Slessor,cslessorod@virginia.edu
Stu,Ludovico,sludovicooe@yellowpages.com
Nikolas,Volleth,nvollethof@washington.edu
Daryn,Endrighi,dendrighiog@phoca.cz
Debera,Higford,dhigfordoh@pcworld.com
Tudor,Nardi,tnardioi@skype.com
Stuart,Sleight,ssleightoj@webeden.co.uk
Cindelyn,Waterfield,cwaterfieldok@toplist.cz
Kelsi,Pawson,kpawsonol@illinois.edu
Emalee,Puddephatt,epuddephattom@biblegateway.com
Merline,Loxston,mloxstonon@ibm.com
Veda,Rigby,vrigbyoo@merriam-webster.com
Devondra,Batcheldor,dbatcheldorop@jiathis.com
Parke,Baack,pbaackoq@yolasite.com
Roberta,MacGillacolm,rmacgillacolmor@biblegateway.com
Billi,Hamblington,bhamblingtonos@myspace.com
Wes,Bellhouse,wbellhouseot@mit.edu
Silvester,Gillio,sgillioou@kickstarter.com
Opaline,Treadgear,otreadgearov@sakura.ne.jp
Corrie,Eicke,ceickeow@yellowpages.com
Rolland,Dalyell,rdalyellox@webmd.com
Fidel,Batterton,fbattertonoy@photobucket.com
Durant,Heinle,dheinleoz@github.com
Edvard,Warbys,ewarbysp0@free.fr
Caryn,Perceval,cpercevalp1@histats.com
Letti,Beament,lbeamentp2@livejournal.com
Ethelbert,Umpleby,eumplebyp3@ft.com
Abrahan,Cowton,acowtonp4@biblegateway.com
Fanya,McHugh,fmchughp5@furl.net
Haywood,Dumphries,hdumphriesp6@blogs.com
Donal,Girke,dgirkep7@blogspot.com
Isidora,Odde,ioddep8@loc.gov
Lee,Hearfield,lhearfieldp9@mozilla.com
Prescott,MacCaughey,pmaccaugheypa@bloomberg.com
Catlaina,Keoghan,ckeoghanpb@fema.gov
Delilah,Gabbotts,dgabbottspc@washington.edu
Maxwell,Vasyukhin,mvasyukhinpd@ihg.com
Eveline,Runnicles,erunniclespe@ucsd.edu
Ly,Beauman,lbeaumanpf@so-net.ne.jp
Melvyn,Clementel,mclementelpg@wikimedia.org
Cathleen,Hiscocks,chiscocksph@multiply.com
Bret,Classen,bclassenpi@narod.ru
Dar,Pamment,dpammentpj@cargocollective.com
Padraic,Eggleston,pegglestonpk@admin.ch
Cece,Fabri,cfabripl@msn.com
Enriqueta,Greveson,egrevesonpm@google.it
Irv,Whittlesee,iwhittleseepn@intel.com
Kit,Caveau,kcaveaupo@seattletimes.com
Helsa,Sommerville,hsommervillepp@rediff.com
Yasmin,Dyzart,ydyzartpq@nsw.gov.au
Sean,Gierth,sgierthpr@uiuc.edu
Alvy,Le Gallo,alegallops@angelfire.com
Forest,Gershom,fgershompt@craigslist.org
Bevvy,Kynson,bkynsonpu@go.com
Trumaine,Kippins,tkippinspv@shop-pro.jp
Stanton,Coverly,scoverlypw@reuters.com
Stace,Le Fevre,slefevrepx@imdb.com
Felicdad,Arndell,farndellpy@jimdo.com
Fawnia,Swigger,fswiggerpz@sohu.com
Coralyn,Loughead,clougheadq0@gov.uk
Frieda,Bladon,fbladonq1@moonfruit.com
Justus,Bangiard,jbangiardq2@mtv.com
Sanderson,Betty,sbettyq3@ycombinator.com
Katy,Pietsma,kpietsmaq4@gnu.org
Kristian,Gronav,kgronavq5@whitehouse.gov
Sadella,Brickett,sbrickettq6@miibeian.gov.cn
Kaylyn,Yesenin,kyeseninq7@europa.eu
Shirleen,Bremond,sbremondq8@sohu.com
Chan,Ox,coxq9@furl.net
Janek,Petchell,jpetchellqa@comcast.net
Wendell,Bossingham,wbossinghamqb@redcross.org
Rosabelle,Faraker,rfarakerqc@latimes.com
Mindy,Mayall,mmayallqd@vistaprint.com
Artemas,Yeardsley,ayeardsleyqe@foxnews.com
Aggie,Oake,aoakeqf@wired.com
Siward,Brettel,sbrettelqg@sphinn.com
Aeriel,Giannini,agianniniqh@springer.com
Ardisj,Brookbank,abrookbankqi@hc360.com
Fairfax,Isoldi,fisoldiqj@ibm.com
Nanon,Priddey,npriddeyqk@nhs.uk
Jennette,Roan,jroanql@xing.com
Irvin,Rosenblad,irosenbladqm@bigcartel.com
Laurianne,Orniz,lornizqn@hao123.com
Jereme,Sadgrove,jsadgroveqo@spiegel.de
Theodosia,Wickey,twickeyqp@t-online.de
Trenton,Short,tshortqq@stumbleupon.com
Noami,Chubb,nchubbqr@usda.gov
Aristotle,Karlolczak,akarlolczakqs@latimes.com
Coleman,Scafe,cscafeqt@nasa.gov
Rolf,Fisby,rfisbyqu@usatoday.com
Mick,Rodway,mrodwayqv@yellowpages.com
Louie,Chamberlin,lchamberlinqw@bloglines.com
Roman,Tracy,rtracyqx@bluehost.com
Mariejeanne,Bartlett,mbartlettqy@trellian.com
Don,Bodechon,dbodechonqz@wisc.edu
Dyanne,Veasey,dveaseyr0@noaa.gov
Janetta,Yeiles,jyeilesr1@github.io
Peg,Tolchard,ptolchardr2@friendfeed.com
Pansy,Washtell,pwashtellr3@addtoany.com
Edgard,Riquet,eriquetr4@berkeley.edu
Lesli,Goscar,lgoscarr5@psu.edu
Corry,Gherardini,cgherardinir6@php.net
Gipsy,De Miranda,gdemirandar7@dagondesign.com
Lek,Gocke,lgocker8@nytimes.com
Ingunna,Danniel,idannielr9@vinaora.com
Richy,Watson,rwatsonra@google.ca
Maximilianus,Wabersich,mwabersichrb@geocities.com
Sarine,Mattsson,smattssonrc@skype.com
Joshuah,Beste,jbesterd@tiny.cc
Freemon,Painter,fpainterre@ebay.com
Fidole,Peatt,fpeattrf@csmonitor.com
Marysa,Saiger,msaigerrg@topsy.com
Cathie,Edes,cedesrh@wix.com
Andonis,Crummy,acrummyri@msn.com
Laurence,Eagers,leagersrj@friendfeed.com
Audra,Tettley,atettleyrk@issuu.com
Chevy,Dunlap,cdunlaprl@rambler.ru
Allistir,Eam,aeamrm@mapy.cz
Eldin,Cullinan,ecullinanrn@elegantthemes.com
Gan,Luttgert,gluttgertro@oracle.com
Linc,McElvogue,lmcelvoguerp@phpbb.com
Deva,Peskin,dpeskinrq@forbes.com
Hubie,Werlock,hwerlockrr@deliciousdays.com
