Rickie,Seyfart,rseyfart0@netvibes.com
Alethea,Eates,aeates1@printfriendly.com
Meaghan,Bulcock,mbulcock2@trellian.com
Fabe,Orteu,forteu3@xing.com
Boony,Vannah,bvannah4@wikipedia.org
Mariana,Ghidini,mghidini5@bluehost.com
Gus,Lafontaine,glafontaine6@ovh.net
Gert,Fife,gfife7@cafepress.com
Gwenette,Pendleberry,gpendleberry8@imgur.com
Tamiko,Lovstrom,tlovstrom9@jugem.jp
Rooney,Butler,rbutlera@theatlantic.com
Emery,Peniman,epenimanb@godaddy.com
Andonis,O'Keeffe,aokeeffec@clickbank.net
Edward,Grzegorecki,egrzegoreckid@reddit.com
Carie,Japp,cjappe@theguardian.com
Hephzibah,Hardes,hhardesf@admin.ch
Chery,Heale,chealeg@deliciousdays.com
Amelia,McCourtie,amccourtieh@miibeian.gov.cn
Lauritz,Pinwill,lpinwilli@blinklist.com
Teri,Phibb,tphibbj@nps.gov
Bea,Manach,bmanachk@cnbc.com
Valentina,Colmore,vcolmorel@ezinearticles.com
Xylina,Tallquist,xtallquistm@spiegel.de
Enos,Claus,eclausn@slashdot.org
Kerrill,Parman,kparmano@youtube.com
Regen,Sarver,rsarverp@statcounter.com
Deonne,Ianetti,dianettiq@washington.edu
Teodoro,Eddowes,teddowesr@bbc.co.uk
Roderich,Belchem,rbelchems@auda.org.au
Alethea,Oloshkin,aoloshkint@google.com.au
Karlen,Laydel,klaydelu@eventbrite.com
Ned,Foyster,nfoysterv@google.com.au
Pia,Pow,ppoww@yahoo.com
Jilleen,McCaughen,jmccaughenx@weather.com
Gerhardt,Feldbrin,gfeldbriny@wired.com
Rahal,Lynd,rlyndz@wordpress.com
Tobias,Trussell,ttrussell10@eventbrite.com
Lucina,Edgcumbe,ledgcumbe11@shareasale.com
Lind,Barefoot,lbarefoot12@live.com
Sarette,Rentilll,srentilll13@multiply.com
Gracie,Janicijevic,gjanicijevic14@usatoday.com
Drucill,Spincke,dspincke15@time.com
Annadiane,Wadley,awadley16@un.org
Xylina,Wormleighton,xwormleighton17@exblog.jp
Mack,Sunock,msunock18@de.vu
Frances,Loomis,floomis19@census.gov
Dierdre,Byram,dbyram1a@youtu.be
Tyne,Courvert,tcourvert1b@dyndns.org
Svend,Tinsley,stinsley1c@nature.com
Marcelline,Issacoff,missacoff1d@cmu.edu
Rebekkah,Wickenden,rwickenden1e@techcrunch.com
Wynne,Oliva,woliva1f@livejournal.com
Alyse,Ropars,aropars1g@nasa.gov
Chaddie,Sperling,csperling1h@edublogs.org
Ashla,Tadgell,atadgell1i@google.com.au
Alexio,Todman,atodman1j@ezinearticles.com
Carin,Neaves,cneaves1k@deviantart.com
Kippar,Drieu,kdrieu1l@themeforest.net
Nikolaos,Livesey,nlivesey1m@nbcnews.com
Onida,Alcock,oalcock1n@paypal.com
Prent,Paddock,ppaddock1o@merriam-webster.com
Sande,Randleson,srandleson1p@marketwatch.com
Herold,Feaster,hfeaster1q@newyorker.com
Coletta,Duckwith,cduckwith1r@wunderground.com
Amby,Skakunas,askakunas1s@e-recht24.de
Merle,Olczyk,molczyk1t@auda.org.au
Jonie,Ribbon,jribbon1u@ow.ly
Burch,Jedrzejewicz,bjedrzejewicz1v@unesco.org
Helenelizabeth,Tibbetts,htibbetts1w@icio.us
Judith,Gile,jgile1x@guardian.co.uk
Marylynne,Formigli,mformigli1y@nih.gov
Tades,Le Ball,tleball1z@usatoday.com
Maressa,Minillo,mminillo20@chicagotribune.com
Guendolen,Baldcock,gbaldcock21@ezinearticles.com
Claire,Battlestone,cbattlestone22@bbb.org
Simone,Spilsbury,sspilsbury23@wp.com
Leelah,Bendtsen,lbendtsen24@aboutads.info
Helge,Ridpath,hridpath25@altervista.org
Edee,Caville,ecaville26@moonfruit.com
Pincas,Redwall,predwall27@wunderground.com
Christiana,Cunniff,ccunniff28@netscape.com
Roanne,Lappin,rlappin29@goodreads.com
Eduardo,Brothwood,ebrothwood2a@printfriendly.com
Renata,Blasl,rblasl2b@omniture.com
Nial,Perryn,nperryn2c@yellowpages.com
Goldie,Sinisbury,gsinisbury2d@wiley.com
Jewelle,Peidro,jpeidro2e@com.com
Wandie,Izhaky,wizhaky2f@storify.com
Zahara,Kenen,zkenen2g@google.es
Sharron,Overthrow,soverthrow2h@indiegogo.com
Kerwin,Schulze,kschulze2i@friendfeed.com
Stefanie,L'oiseau,sloiseau2j@i2i.jp
Pierette,Christoforou,pchristoforou2k@forbes.com
Zacharia,Raysdale,zraysdale2l@auda.org.au
Tabby,Kinnoch,tkinnoch2m@nih.gov
Tildie,Alvarez,talvarez2n@vimeo.com
Phebe,Mumm,pmumm2o@unicef.org
Vern,Franchioni,vfranchioni2p@icq.com
Maurine,Corp,mcorp2q@va.gov
Vanessa,Thornewill,vthornewill2r@dagondesign.com
Nydia,Rosebotham,nrosebotham2s@answers.com
Teodorico,Woolbrook,twoolbrook2t@squidoo.com
Wye,Barrim,wbarrim2u@sphinn.com
Daffie,Ickeringill,dickeringill2v@twitter.com
Kimberli,Titcombe,ktitcombe2w@xing.com
Paco,Kinleyside,pkinleyside2x@google.com.hk
Linell,McTrustrie,lmctrustrie2y@microsoft.com
Shep,Glennard,sglennard2z@unesco.org
Darrel,Lumby,dlumby30@mlb.com
Myrilla,Abrahami,mabrahami31@ask.com
Nicole,Dukesbury,ndukesbury32@biblegateway.com
Vivi,Menichini,vmenichini33@smugmug.com
Putnem,Sayburn,psayburn34@freewebs.com
Dewain,Sperski,dsperski35@hc360.com
Cammi,McDugal,cmcdugal36@taobao.com
Uriah,Farnhill,ufarnhill37@usatoday.com
Felice,Sowle,fsowle38@google.com.hk
Maxwell,Eleshenar,meleshenar39@ifeng.com
Caitlin,Slimmon,cslimmon3a@altervista.org
Pincus,Dayment,pdayment3b@storify.com
Osbourne,Ethridge,oethridge3c@tiny.cc
Penny,Chatwood,pchatwood3d@pbs.org
Onofredo,Klinck,oklinck3e@yellowbook.com
Jourdan,Ginnane,jginnane3f@zimbio.com
Bucky,Hanratty,bhanratty3g@sitemeter.com
Sydelle,Emons,semons3h@google.de
Franz,Roelofs,froelofs3i@blogspot.com
Hetti,Rhodus,hrhodus3j@altervista.org
Zarla,Bickerstaffe,zbickerstaffe3k@php.net
Brynn,Langham,blangham3l@thetimes.co.uk
Garner,Batram,gbatram3m@tinypic.com
Corrie,Lovell,clovell3n@live.com
Milly,Winnard,mwinnard3o@mayoclinic.com
Genna,Kynder,gkynder3p@ft.com
Arabele,Boadby,aboadby3q@princeton.edu
Kirstin,Gierth,kgierth3r@imdb.com
Michael,Francescozzi,mfrancescozzi3s@techcrunch.com
Roanne,Waldocke,rwaldocke3t@un.org
Clayborn,Pickavant,cpickavant3u@archive.org
Sara-ann,Camosso,scamosso3v@nyu.edu
Ivie,Orbine,iorbine3w@wp.com
Sheryl,Collumbell,scollumbell3x@yahoo.com
Wallie,Leatherland,wleatherland3y@sina.com.cn
Stanislaus,Etchell,setchell3z@umn.edu
Maddy,Blakeslee,mblakeslee40@de.vu
Luce,Barenskie,lbarenskie41@freewebs.com
Beverley,Crutchfield,bcrutchfield42@ihg.com
Leanor,Rushmare,lrushmare43@biglobe.ne.jp
Andra,Scain,ascain44@comcast.net
Cleon,Mee,cmee45@upenn.edu
Robinson,Monnelly,rmonnelly46@wsj.com
Theodor,Kees,tkees47@is.gd
Bennett,Soall,bsoall48@dropbox.com
Bev,Anten,banten49@merriam-webster.com
Goober,Lafont,glafont4a@senate.gov
Lib,Dell Casa,ldellcasa4b@joomla.org
Darcie,Jewer,djewer4c@vk.com
Sterne,Benitez,sbenitez4d@elpais.com
Northrop,Lamacraft,nlamacraft4e@wordpress.org
Ignaz,Gawthrop,igawthrop4f@washingtonpost.com
Reta,Balaison,rbalaison4g@hhs.gov
Norean,Trimbey,ntrimbey4h@chron.com
Saxe,Espina,sespina4i@yale.edu
Aldon,Leggan,aleggan4j@drupal.org
Maison,Arnolds,marnolds4k@answers.com
Milty,De Gogay,mdegogay4l@smh.com.au
Wang,Bettesworth,wbettesworth4m@illinois.edu
Dorothea,Polamontayne,dpolamontayne4n@mtv.com
Kalie,Jewers,kjewers4o@slideshare.net
Ulrica,Kindon,ukindon4p@mediafire.com
Jaime,Wetherby,jwetherby4q@bloomberg.com
Celestyn,Simonelli,csimonelli4r@themeforest.net
Sandie,Clohisey,sclohisey4s@google.co.uk
Tabitha,Thurston,tthurston4t@imdb.com
Dom,Denisovich,ddenisovich4u@artisteer.com
Christi,Spurman,cspurman4v@xing.com
Petronille,Gabbett,pgabbett4w@spotify.com
Crista,Tortoishell,ctortoishell4x@spotify.com
Ray,Cootes,rcootes4y@smugmug.com
Darby,Stoyell,dstoyell4z@fc2.com
Muffin,Capaldi,mcapaldi50@cloudflare.com
Gauthier,Shurrocks,gshurrocks51@bigcartel.com
Eric,Elgie,eelgie52@walmart.com
Corabel,McBrady,cmcbrady53@mysql.com
Gwenneth,Richardes,grichardes54@howstuffworks.com
Tansy,Verrills,tverrills55@wikimedia.org
Rosaleen,Washington,rwashington56@livejournal.com
Domini,Chitson,dchitson57@oracle.com
Lucky,Helix,lhelix58@chicagotribune.com
Wandie,Andrick,wandrick59@sohu.com
Doralyn,Barkworth,dbarkworth5a@woothemes.com
Lou,Dee,ldee5b@yale.edu
Cristian,Glavis,cglavis5c@phoca.cz
Margette,Stiling,mstiling5d@wordpress.org
Janis,Ennion,jennion5e@globo.com
Rosemonde,Hollindale,rhollindale5f@wix.com
Gay,Dives,gdives5g@oaic.gov.au
Eduino,Purselow,epurselow5h@discovery.com
Wat,Watts,wwatts5i@spotify.com
Bord,Olufsen,bolufsen5j@people.com.cn
Sheri,Biddlecombe,sbiddlecombe5k@dion.ne.jp
Dean,Tamblingson,dtamblingson5l@domainmarket.com
Beatrix,Decruse,bdecruse5m@discovery.com
Julie,Tidcomb,jtidcomb5n@e-recht24.de
Clemence,McCall,cmccall5o@webs.com
Codie,Kloss,ckloss5p@slate.com
Carlin,Bourhill,cbourhill5q@goodreads.com
Drake,Padwick,dpadwick5r@skyrock.com
Gabriele,Sonner,gsonner5s@umn.edu
Nils,Derisley,nderisley5t@techcrunch.com
Janeta,Hurtado,jhurtado5u@cdbaby.com
Freedman,Thickpenny,fthickpenny5v@google.de
Elisha,Thayre,ethayre5w@behance.net
Sharia,Narbett,snarbett5x@google.com
Johnnie,Heffer,jheffer5y@behance.net
Brucie,Bulteel,bbulteel5z@feedburner.com
Joyce,Gullam,jgullam60@discovery.com
Roland,Grimoldby,rgrimoldby61@naver.com
Lorelei,Campion,lcampion62@sourceforge.net
Marius,Haydney,mhaydney63@buzzfeed.com
Ardella,Sausman,asausman64@4shared.com
Frants,O'Sheeryne,fosheeryne65@spiegel.de
Annmaria,Hasel,ahasel66@bigcartel.com
Aryn,Gunner,agunner67@sohu.com
Pamela,Geely,pgeely68@mit.edu
Cris,Farrar,cfarrar69@deliciousdays.com
Jeffrey,Kurth,jkurth6a@unc.edu
Gavin,Stillwell,gstillwell6b@arizona.edu
Aloysius,Heynel,aheynel6c@hugedomains.com
Kimble,Burnyeat,kburnyeat6d@forbes.com
Holt,Forty,hforty6e@canalblog.com
Brett,Wolfenden,bwolfenden6f@topsy.com
Bonnibelle,Abrahamsson,babrahamsson6g@princeton.edu
Kenna,Meric,kmeric6h@thetimes.co.uk
Olav,Burn,oburn6i@last.fm
Trude,Gailor,tgailor6j@nba.com
Benedicto,Etter,better6k@bbb.org
Orlando,Audenis,oaudenis6l@google.fr
Bill,Eagle,beagle6m@indiatimes.com
Traver,Diplock,tdiplock6n@prweb.com
Elyssa,Benedick,ebenedick6o@dot.gov
Bobby,Robertshaw,brobertshaw6p@unblog.fr
Chauncey,Pitson,cpitson6q@dyndns.org
Jacqui,Twittey,jtwittey6r@w3.org
Alden,Novik,anovik6s@fema.gov
Susy,Dikels,sdikels6t@tripod.com
Taite,Liddle,tliddle6u@answers.com
Franciskus,Copozio,fcopozio6v@amazon.co.jp
Merna,Kleiser,mkleiser6w@businesswire.com
Fleurette,Hows,fhows6x@shareasale.com
Justina,Checcucci,jcheccucci6y@webmd.com
Ingar,Righy,irighy6z@mediafire.com
Tiertza,Mazzilli,tmazzilli70@tripod.com
Christoph,Weaben,cweaben71@alibaba.com
Cassandry,Dornin,cdornin72@sbwire.com
Karla,Conrard,kconrard73@ucsd.edu
Brander,Antusch,bantusch74@house.gov
Felix,Gerrit,fgerrit75@domainmarket.com
Paulie,Sikora,psikora76@utexas.edu
Alverta,Cloughton,acloughton77@infoseek.co.jp
Bernardo,Perazzo,bperazzo78@over-blog.com
Alvina,McCambrois,amccambrois79@ehow.com
Felisha,Schaumann,fschaumann7a@sbwire.com
Leon,Lotte,llotte7b@dyndns.org
Fidole,Piller,fpiller7c@google.fr
Free,Amiranda,famiranda7d@google.es
Alair,Mackness,amackness7e@geocities.jp
Calvin,Bernhardt,cbernhardt7f@time.com
Letizia,Mabbe,lmabbe7g@bbc.co.uk
Melody,Hachette,mhachette7h@cloudflare.com
Dorita,Vreiberg,dvreiberg7i@hao123.com
Matilda,Barras,mbarras7j@ow.ly
Frannie,Casper,fcasper7k@newyorker.com
Lynnette,Tween,ltween7l@wisc.edu
Talyah,Grizard,tgrizard7m@merriam-webster.com
Remy,Peeters,rpeeters7n@un.org
Iorgo,Port,iport7o@cisco.com
Craig,Morland,cmorland7p@topsy.com
Tricia,Summergill,tsummergill7q@kickstarter.com
Hendrika,French,hfrench7r@moonfruit.com
Avis,Butcher,abutcher7s@howstuffworks.com
Barrett,Costock,bcostock7t@is.gd
Krystyna,Richarz,kricharz7u@chicagotribune.com
Kaleb,Kirtley,kkirtley7v@microsoft.com
Edgard,Jentin,ejentin7w@1688.com
Henri,Antognazzi,hantognazzi7x@hc360.com
Abby,Loosely,aloosely7y@google.com.hk
Nicolea,Osgarby,nosgarby7z@com.com
Blondy,Mettericke,bmettericke80@unblog.fr
Rodd,Colecrough,rcolecrough81@behance.net
Lefty,Scarr,lscarr82@godaddy.com
Rhonda,Harmar,rharmar83@slideshare.net
Donnell,Guyers,dguyers84@fema.gov
Bil,Quiddington,bquiddington85@reddit.com
Annette,Kibbye,akibbye86@theatlantic.com
Michaelina,Milius,mmilius87@ezinearticles.com
Avrom,Fauguel,afauguel88@zimbio.com
Lauraine,Ramiro,lramiro89@ihg.com
Sonni,Reace,sreace8a@clickbank.net
Stevena,Drewson,sdrewson8b@un.org
Deane,Rodell,drodell8c@wikimedia.org
Roselia,Pflieger,rpflieger8d@studiopress.com
Enrichetta,Mustill,emustill8e@flavors.me
Abe,Drynan,adrynan8f@feedburner.com
Dawn,Piecha,dpiecha8g@technorati.com
Alden,Sapson,asapson8h@apple.com
Franzen,Garvill,fgarvill8i@networksolutions.com
Katharina,Woodburn,kwoodburn8j@hostgator.com
Mair,Verralls,mverralls8k@jigsy.com
Lennie,Feldstern,lfeldstern8l@csmonitor.com
Derick,Jime,djime8m@surveymonkey.com
Townsend,Tolmie,ttolmie8n@studiopress.com
Noak,Filipponi,nfilipponi8o@census.gov
Erna,Davidescu,edavidescu8p@princeton.edu
Jacinthe,Garriock,jgarriock8q@uiuc.edu
Lenci,Mottershead,lmottershead8r@vimeo.com
Maxy,Tingcomb,mtingcomb8s@usatoday.com
Leelah,Raitie,lraitie8t@nhs.uk
Ruthanne,Duggen,rduggen8u@skype.com
Burke,Wessel,bwessel8v@time.com
Mathian,Glas,mglas8w@prweb.com
Ninnetta,Baroc,nbaroc8x@discuz.net
Binky,Janoch,bjanoch8y@facebook.com
Rakel,Ogborne,rogborne8z@disqus.com
Becky,Greggor,bgreggor90@com.com
Roley,Hopkynson,rhopkynson91@gizmodo.com
Bryanty,Dugget,bdugget92@va.gov
Devinne,Rasell,drasell93@last.fm
Bryanty,Molineux,bmolineux94@virginia.edu
Aleksandr,Entres,aentres95@ucla.edu
Andra,Toderbrugge,atoderbrugge96@who.int
Ronica,Sedgwick,rsedgwick97@flavors.me
Chrisse,Kippax,ckippax98@salon.com
Hendrik,Bartholin,hbartholin99@jugem.jp
Frankie,Klugman,fklugman9a@sakura.ne.jp
Taber,Pigot,tpigot9b@hp.com
Katha,Iliffe,kiliffe9c@nifty.com
Pablo,Beamiss,pbeamiss9d@nsw.gov.au
Adah,Mitchelhill,amitchelhill9e@mtv.com
Truman,Vasyagin,tvasyagin9f@rakuten.co.jp
Sergei,Hatchman,shatchman9g@cocolog-nifty.com
Forrester,Edie,fedie9h@tinyurl.com
Johna,Cheer,jcheer9i@slashdot.org
Denise,Campe,dcampe9j@youku.com
Giacomo,Treweek,gtreweek9k@mail.ru
Bernadette,Dowding,bdowding9l@seattletimes.com
Hilda,Sirette,hsirette9m@amazon.com
Daveta,Clayworth,dclayworth9n@wordpress.org
Tanney,Wandless,twandless9o@unesco.org
Rooney,Franceschelli,rfranceschelli9p@tmall.com
Chanda,Greenough,cgreenough9q@oakley.com
Ashley,Sarfatti,asarfatti9r@sohu.com
Katusha,McCurdy,kmccurdy9s@shop-pro.jp
Solly,Willets,swillets9t@pinterest.com
Stavro,Sygrove,ssygrove9u@bluehost.com
Corty,Sparey,csparey9v@fc2.com
Massimo,Orrum,morrum9w@discovery.com
Julina,Blatchford,jblatchford9x@squidoo.com
Jerald,Clements,jclements9y@usatoday.com
Murial,Wewell,mwewell9z@sciencedaily.com
Douglass,Louca,dloucaa0@github.com
Yasmin,Dickinson,ydickinsona1@tamu.edu
Nikoletta,Leyson,nleysona2@istockphoto.com
Casper,Petersen,cpetersena3@soup.io
Valma,Mault,vmaulta4@tinypic.com
Decca,Menendez,dmenendeza5@stumbleupon.com
Brannon,Blest,bblesta6@sphinn.com
Alfredo,Zappel,azappela7@macromedia.com
Alexi,Briand,abrianda8@umn.edu
Moina,Exeter,mexetera9@domainmarket.com
Rodrick,Ambrogio,rambrogioaa@china.com.cn
Myca,Titford,mtitfordab@toplist.cz
Fina,Ashfield,fashfieldac@walmart.com
Elka,Frangleton,efrangletonad@alibaba.com
Babita,Dugue,bdugueae@360.cn
Paulie,Sitch,psitchaf@studiopress.com
Carlie,Cutchie,ccutchieag@reference.com
Slade,Mansell,smansellah@infoseek.co.jp
Romona,Derill,rderillai@nbcnews.com
Emmey,Fookes,efookesaj@goo.gl
Murvyn,Kendal,mkendalak@google.it
Spence,Hanford,shanfordal@flavors.me
Corina,Mauger,cmaugeram@accuweather.com
Maible,Redmain,mredmainan@ehow.com
Leonerd,Karpeev,lkarpeevao@scientificamerican.com
Ingmar,Grayne,igrayneap@123-reg.co.uk
Phillis,Pride,pprideaq@mediafire.com
Flore,Trevance,ftrevancear@gizmodo.com
Cosme,Selwood,cselwoodas@oakley.com
Ferrel,Vanyukhin,fvanyukhinat@geocities.jp
Jorgan,Scatchar,jscatcharau@addtoany.com
Michell,Garmston,mgarmstonav@hud.gov
Darbie,Coult,dcoultaw@ihg.com
Shoshana,Avraham,savrahamax@histats.com
Lana,Crosson,lcrossonay@360.cn
Gwenneth,O'Hegertie,gohegertieaz@deliciousdays.com
Kimmy,Currie,kcurrieb0@marriott.com
Tabor,Daulby,tdaulbyb1@multiply.com
Anstice,Nyssens,anyssensb2@bbb.org
Gerik,Stebbings,gstebbingsb3@theglobeandmail.com
Arlan,Hillock,ahillockb4@epa.gov
Adolphe,Le Sarr,alesarrb5@hatena.ne.jp
Cobb,Elcomb,celcombb6@webeden.co.uk
Dallis,Sansam,dsansamb7@delicious.com
Wald,McDuffie,wmcduffieb8@jiathis.com
Joete,Domeny,jdomenyb9@ameblo.jp
Megen,Dargie,mdargieba@miitbeian.gov.cn
Bea,O'Lunny,bolunnybb@miibeian.gov.cn
Melanie,Flewin,mflewinbc@tmall.com
Boris,Pruce,bprucebd@jiathis.com
Kristin,Djurkovic,kdjurkovicbe@cloudflare.com
Coreen,Relph,crelphbf@instagram.com
Harriott,Gerrens,hgerrensbg@xrea.com
Deirdre,Leng,dlengbh@delicious.com
Valencia,Coatsworth,vcoatsworthbi@fc2.com
Cy,Wolfart,cwolfartbj@nymag.com
Jere,Martinon,jmartinonbk@smugmug.com
Licha,Yankin,lyankinbl@1und1.de
Audie,Lorenzin,alorenzinbm@lulu.com
Bran,Wathan,bwathanbn@japanpost.jp
Minor,Rubinsky,mrubinskybo@printfriendly.com
Retha,Dunnet,rdunnetbp@issuu.com
Myrtia,Lockery,mlockerybq@ted.com
Sallyanne,Blowfelde,sblowfeldebr@cornell.edu
Filia,Knagges,fknaggesbs@wsj.com
Ariana,Delacour,adelacourbt@paginegialle.it
Viviene,De Normanville,vdenormanvillebu@cnbc.com
Hamel,Ondrich,hondrichbv@last.fm
Jess,Moseby,jmosebybw@instagram.com
Hillel,Connar,hconnarbx@independent.co.uk
Shari,Heisman,sheismanby@bandcamp.com
Scottie,Warke,swarkebz@rakuten.co.jp
Robbin,Wilmore,rwilmorec0@geocities.jp
Cahra,Weber,cweberc1@blogs.com
Kelila,O'Cullinane,kocullinanec2@un.org
Rosabelle,Copes,rcopesc3@yolasite.com
Kaila,Stirman,kstirmanc4@admin.ch
Merrily,Bogue,mboguec5@uol.com.br
Joline,Ryland,jrylandc6@squidoo.com
Jarred,Roggeman,jroggemanc7@google.it
Elmore,Gillino,egillinoc8@1und1.de
Kim,Garrard,kgarrardc9@vkontakte.ru
Johann,Sparshutt,jsparshuttca@oakley.com
Cort,Cantos,ccantoscb@ucla.edu
Karim,Lohan,klohancc@huffingtonpost.com
Daryle,Pollins,dpollinscd@arstechnica.com
Judith,Dict,jdictce@blogtalkradio.com
Calvin,Gebb,cgebbcf@simplemachines.org
Franciskus,Alejo,falejocg@twitpic.com
Barbara,Jouanny,bjouannych@microsoft.com
Ally,Gannan,agannanci@howstuffworks.com
Shalne,Stiff,sstiffcj@bandcamp.com
Rodrigo,Belfitt,rbelfittck@chicagotribune.com
Amabel,Ferries,aferriescl@phoca.cz
Myrle,Dolling,mdollingcm@mlb.com
Pen,Pyke,ppykecn@archive.org
Sashenka,Loughton,sloughtonco@mac.com
Ermina,Frift,efriftcp@admin.ch
Tamiko,Crasswell,tcrasswellcq@hc360.com
Gizela,Coan,gcoancr@reddit.com
Patsy,Yeo,pyeocs@opera.com
Drud,Lamerton,dlamertonct@i2i.jp
Halette,Mugleston,hmuglestoncu@craigslist.org
Faustina,Whittenbury,fwhittenburycv@nationalgeographic.com
Derk,Castellone,dcastellonecw@geocities.com
Natalina,Bruce,nbrucecx@instagram.com
Trisha,Antonescu,tantonescucy@scribd.com
Kristian,Benbrick,kbenbrickcz@google.cn
Denice,Guinan,dguinand0@pen.io
Eustacia,Chinnock,echinnockd1@google.de
Jacklin,Sperry,jsperryd2@joomla.org
Alida,Adran,aadrand3@netlog.com
Domini,Zanneli,dzannelid4@cbsnews.com
Christos,Armall,carmalld5@howstuffworks.com
Lory,Woodburne,lwoodburned6@homestead.com
Barthel,Bearward,bbearwardd7@mail.ru
Felipe,Kepe,fkeped8@smugmug.com
Xylia,Yarranton,xyarrantond9@thetimes.co.uk
Grady,Gilfether,ggilfetherda@ezinearticles.com
Christen,Adshede,cadshededb@paginegialle.it
Marcy,Yerlett,myerlettdc@gnu.org
Rocky,Lente,rlentedd@bbb.org
Sanson,Gallon,sgallonde@google.com.hk
Latia,Currington,lcurringtondf@gmpg.org
Vicki,Rodman,vrodmandg@phpbb.com
Yanaton,Reisin,yreisindh@e-recht24.de
Stanislas,Adderson,saddersondi@ycombinator.com
Nickie,Semple,nsempledj@symantec.com
Matti,Woodger,mwoodgerdk@imageshack.us
Nelly,Philpault,nphilpaultdl@reverbnation.com
Nikos,Durgan,ndurgandm@narod.ru
Moises,Valiant,mvaliantdn@baidu.com
Justine,Bainbrigge,jbainbriggedo@so-net.ne.jp
Charmion,Naisbit,cnaisbitdp@foxnews.com
Jeni,Vigers,jvigersdq@nydailynews.com
Jeannine,Gove,jgovedr@cam.ac.uk
Novelia,MacSporran,nmacsporrands@weibo.com
Conan,Pyser,cpyserdt@clickbank.net
Rayner,Moohan,rmoohandu@tuttocitta.it
Miran,Fawckner,mfawcknerdv@ucoz.com
Lynne,Blondel,lblondeldw@indiatimes.com
Quint,Prater,qpraterdx@tinypic.com
Starr,Lorkings,slorkingsdy@deviantart.com
Valentin,Boddam,vboddamdz@google.it
Nell,Wanstall,nwanstalle0@gizmodo.com
Purcell,Lockart,plockarte1@ustream.tv
Quint,Drew,qdrewe2@ow.ly
Jonathan,Mayoh,jmayohe3@samsung.com
Anthony,Tanby,atanbye4@ed.gov
Mohammed,Grindlay,mgrindlaye5@amazon.co.uk
King,Phillcox,kphillcoxe6@amazon.co.uk
Brandais,Pitcaithley,bpitcaithleye7@reverbnation.com
Dillie,Lyvon,dlyvone8@opera.com
Alister,Schulter,aschultere9@springer.com
Kent,Rigts,krigtsea@shinystat.com
Gregg,Scritch,gscritcheb@google.de
Selina,Howes,showesec@linkedin.com
Marj,Gavriel,mgavrieled@trellian.com
Anastasia,Parram,aparramee@wiley.com
Shirl,Sarfas,ssarfasef@hatena.ne.jp
Tabbatha,Morales,tmoraleseg@1und1.de
Jerald,Rebert,jreberteh@hhs.gov
Jamie,Youd,jyoudei@usa.gov
Kippie,Belleny,kbellenyej@discuz.net
Murdock,MacQuaker,mmacquakerek@about.com
Rici,Laskey,rlaskeyel@is.gd
Grannie,Bucknall,gbucknallem@ucoz.ru
Krista,Greves,kgrevesen@linkedin.com
Benyamin,MacConnal,bmacconnaleo@last.fm
Ray,Gyde,rgydeep@csmonitor.com
Dwayne,Mosey,dmoseyeq@hubpages.com
Millisent,Langley,mlangleyer@netlog.com
Ilysa,Viveash,iviveashes@hao123.com
Terrence,Jillis,tjilliset@harvard.edu
Ayn,Tumilty,atumiltyeu@telegraph.co.uk
Sibelle,Bee,sbeeev@com.com
Tiff,Gonzales,tgonzalesew@statcounter.com
Ulrikaumeko,Ruilton,uruiltonex@wsj.com
Sianna,Ellsbury,sellsburyey@chron.com
Rana,Baugham,rbaughamez@angelfire.com
Etan,Fritz,efritzf0@discovery.com
Ronnie,Gullivent,rgulliventf1@imdb.com
Maggi,Labroue,mlabrouef2@vkontakte.ru
Ettie,Gudge,egudgef3@jiathis.com
Rosalynd,Allsupp,rallsuppf4@sun.com
Fidelio,Thirlwell,fthirlwellf5@dropbox.com
Gae,Shelper,gshelperf6@ebay.com
Saxon,Debell,sdebellf7@sun.com
Yuma,Dron,ydronf8@scribd.com
Janel,Ondrusek,jondrusekf9@networkadvertising.org
Abey,Grandisson,agrandissonfa@redcross.org
Val,Casari,vcasarifb@trellian.com
Garnette,Phlipon,gphliponfc@parallels.com
Jordanna,Guyot,jguyotfd@ucla.edu
Alick,Napoleone,anapoleonefe@fema.gov
Jim,Robarts,jrobartsff@a8.net
Nichole,Churchill,nchurchillfg@epa.gov
Bruno,Thurlow,bthurlowfh@sina.com.cn
Selby,Boliver,sboliverfi@histats.com
Che,Dowzell,cdowzellfj@tuttocitta.it
Erin,Scala,escalafk@cmu.edu
Giustina,Osburn,gosburnfl@dagondesign.com
Rog,Kennsley,rkennsleyfm@dagondesign.com
Gaile,Kauffman,gkauffmanfn@sina.com.cn
Cherye,Joerning,cjoerningfo@over-blog.com
Robbin,Keelin,rkeelinfp@bandcamp.com
Melva,Addeycott,maddeycottfq@abc.net.au
Moishe,Pammenter,mpammenterfr@apple.com
Cathryn,Peatheyjohns,cpeatheyjohnsfs@cbslocal.com
Derward,McCaskill,dmccaskillft@linkedin.com
Fulton,Edworthy,fedworthyfu@alibaba.com
Corine,Grindle,cgrindlefv@utexas.edu
Toby,Ingry,tingryfw@fda.gov
Derwin,Rainon,drainonfx@umn.edu
Clio,Yitzhak,cyitzhakfy@amazon.de
Gabriellia,Heinle,gheinlefz@shop-pro.jp
Chas,Mozzetti,cmozzettig0@mayoclinic.com
Ellene,Fairbard,efairbardg1@bing.com
Olga,Patridge,opatridgeg2@ebay.com
Danice,Hambling,dhamblingg3@hp.com
Aurelia,Aimson,aaimsong4@t-online.de
Lillis,McEvay,lmcevayg5@nps.gov
Bobbie,Juza,bjuzag6@huffingtonpost.com
Frasier,Hinckesman,fhinckesmang7@bizjournals.com
Malynda,Sperrett,msperrettg8@joomla.org
Cross,Bogue,cbogueg9@cnet.com
Leroi,Nussgen,lnussgenga@usatoday.com
Nikolos,Caplan,ncaplangb@cpanel.net
Matty,Thurley,mthurleygc@cnn.com
Jeanna,Pendleberry,jpendleberrygd@ifeng.com
Celinda,Melsom,cmelsomge@hud.gov
Katinka,McCook,kmccookgf@spiegel.de
Sonnie,Bafford,sbaffordgg@pinterest.com
Valerye,Weatherup,vweatherupgh@nymag.com
Teddie,Hurdle,thurdlegi@cornell.edu
Hugues,Corrigan,hcorrigangj@wp.com
Ralph,Byham,rbyhamgk@livejournal.com
Barnabas,Greatbatch,bgreatbatchgl@friendfeed.com
Collen,Filipychev,cfilipychevgm@webs.com
Giorgi,Kilshall,gkilshallgn@hhs.gov
Chrissy,McCawley,cmccawleygo@ow.ly
Stepha,Kiessel,skiesselgp@booking.com
Claribel,Heinig,cheiniggq@google.com.hk
Ammamaria,Eminson,aeminsongr@mediafire.com
Petra,Semechik,psemechikgs@mtv.com
Dorice,Cuss,dcussgt@hao123.com
Kalinda,Hyndson,khyndsongu@reuters.com
Aeriela,Petasch,apetaschgv@sina.com.cn
Laird,Charette,lcharettegw@techcrunch.com
Jeth,Schuricke,jschurickegx@ask.com
Joelynn,Ramel,jramelgy@chicagotribune.com
Robers,Roelofsen,rroelofsengz@webeden.co.uk
Leia,Croasdale,lcroasdaleh0@bravesites.com
Rayshell,Isaq,risaqh1@blogspot.com
Cicely,Tomney,ctomneyh2@army.mil
Sean,Tydeman,stydemanh3@scientificamerican.com
Perice,Gardiner,pgardinerh4@elpais.com
Darleen,Rivers,driversh5@ameblo.jp
Bronnie,Edler,bedlerh6@yale.edu
Camila,MacCart,cmaccarth7@google.com.br
Benyamin,McCrainor,bmccrainorh8@joomla.org
Bambi,Hardinge,bhardingeh9@bizjournals.com
Cello,Whinray,cwhinrayha@nytimes.com
Amberly,Jagger,ajaggerhb@netscape.com
Yolane,Nenci,ynencihc@dmoz.org
Katharina,Blaine,kblainehd@answers.com
Temp,Tarver,ttarverhe@fotki.com
Allard,McAlarney,amcalarneyhf@php.net
Audre,Laird,alairdhg@naver.com
Raynard,Cinderey,rcindereyhh@alibaba.com
Chadd,Carlin,ccarlinhi@slate.com
Andonis,Startin,astartinhj@imageshack.us
Lorenza,Ambler,lamblerhk@blogs.com
Spence,Ubsdell,subsdellhl@un.org
Caria,Shapcott,cshapcotthm@etsy.com
Shirl,Sails,ssailshn@wufoo.com
Niven,Blose,nbloseho@tripod.com
Rasia,Varran,rvarranhp@yandex.ru
Lissi,Rider,lriderhq@guardian.co.uk
Orly,Davidovitch,odavidovitchhr@goo.ne.jp
Mata,Dashwood,mdashwoodhs@xrea.com
Chilton,Milella,cmilellaht@fotki.com
Toiboid,Seel,tseelhu@psu.edu
Mirabelle,McKew,mmckewhv@gnu.org
Tirrell,Clissold,tclissoldhw@rakuten.co.jp
Leda,Eastgate,leastgatehx@360.cn
Starlin,Perrelli,sperrellihy@dailymotion.com
Ignazio,Cragoe,icragoehz@pcworld.com
Karlene,Cordeux,kcordeuxi0@facebook.com
Avis,Stihl,astihli1@ocn.ne.jp
Marcie,Kaufman,mkaufmani2@bloglovin.com
Dwayne,Suff,dsuffi3@yandex.ru
Gunter,Titterton,gtittertoni4@so-net.ne.jp
Auguste,Gaiter,agaiteri5@miitbeian.gov.cn
Milka,Bunker,mbunkeri6@go.com
Lorette,Ethington,lethingtoni7@dagondesign.com
Ameline,Fishleigh,afishleighi8@miibeian.gov.cn
Yank,McGirl,ymcgirli9@unesco.org
Krispin,Gundry,kgundryia@bigcartel.com
Maryrose,Nudds,mnuddsib@ehow.com
Tallie,Karslake,tkarslakeic@github.com
Elsinore,Dell Casa,edellcasaid@springer.com
Paule,Hawley,phawleyie@devhub.com
Karoline,Croysdale,kcroysdaleif@example.com
Tori,Storrs,tstorrsig@goo.gl
Alleyn,Wotton,awottonih@patch.com
Deborah,Claussen,dclaussenii@symantec.com
Honey,Hawkings,hhawkingsij@cdc.gov
Basilio,Le Hucquet,blehucquetik@gov.uk
Thorvald,Jennings,tjenningsil@newsvine.com
Jayne,McIver,jmciverim@nhs.uk
Locke,Gariff,lgariffin@zdnet.com
Kariotta,Dobrowlski,kdobrowlskiio@facebook.com
Ash,Spondley,aspondleyip@de.vu
Jill,Mateuszczyk,jmateuszczykiq@zimbio.com
Gifford,Fatharly,gfatharlyir@shutterfly.com
Julienne,Hurrion,jhurrionis@dailymotion.com
Erminie,Bunworth,ebunworthit@house.gov
Ferdie,Jelkes,fjelkesiu@usnews.com
Deane,Covell,dcovelliv@wikispaces.com
Kimmi,Spurdle,kspurdleiw@artisteer.com
Ryley,Wards,rwardsix@bandcamp.com
Jewel,Wyne,jwyneiy@is.gd
Kara,Whiskin,kwhiskiniz@dell.com
Kailey,Karchewski,kkarchewskij0@unesco.org
Rafaellle,Connachan,rconnachanj1@mozilla.org
Chico,Vallens,cvallensj2@bbb.org
Tansy,Hullah,thullahj3@hibu.com
Ardis,Blow,ablowj4@washington.edu
Saraann,Gueste,sguestej5@hugedomains.com
Tremayne,Grimsdith,tgrimsdithj6@pagesperso-orange.fr
Ray,Dunphie,rdunphiej7@state.gov
Giralda,Keller,gkellerj8@mapy.cz
Coretta,Simcock,csimcockj9@telegraph.co.uk
Lolita,Pentelo,lpenteloja@msn.com
Erasmus,Brehat,ebrehatjb@statcounter.com
Conny,Bartolomeoni,cbartolomeonijc@nationalgeographic.com
Sax,Camies,scamiesjd@usda.gov
Lester,Stace,lstaceje@microsoft.com
Britney,Colum,bcolumjf@feedburner.com
Vladimir,Birkwood,vbirkwoodjg@1688.com
Xerxes,Millyard,xmillyardjh@yahoo.com
Elvyn,Sivewright,esivewrightji@mapy.cz
Karissa,Cowp,kcowpjj@geocities.com
Nicolai,Athridge,nathridgejk@angelfire.com
Darb,Barley,dbarleyjl@nytimes.com
Broderick,Splaven,bsplavenjm@arstechnica.com
Tiffani,Grindall,tgrindalljn@etsy.com
Alessandro,Ceeley,aceeleyjo@mail.ru
Papagena,Garza,pgarzajp@springer.com
Merry,Whipp,mwhippjq@xinhuanet.com
Randee,Cromarty,rcromartyjr@hexun.com
Gerta,Maybey,gmaybeyjs@xinhuanet.com
Raff,Pettie,rpettiejt@apple.com
Joceline,Cayser,jcayserju@trellian.com
Rudolf,Choppen,rchoppenjv@vinaora.com
Doe,Jaeggi,djaeggijw@sakura.ne.jp
Randall,Goodinson,rgoodinsonjx@eepurl.com
Bogey,Peskin,bpeskinjy@miibeian.gov.cn
Karrie,Pirot,kpirotjz@cloudflare.com
Benita,Atwill,batwillk0@facebook.com
Michelina,McBoyle,mmcboylek1@nationalgeographic.com
Allyce,Dollard,adollardk2@spiegel.de
Valene,Austwick,vaustwickk3@wisc.edu
Neall,Fraulo,nfraulok4@umn.edu
Byran,Morpeth,bmorpethk5@so-net.ne.jp
Leroy,Bartlam,lbartlamk6@sogou.com
Clara,Passe,cpassek7@mlb.com
Danie,Ruf,drufk8@deliciousdays.com
Marsiella,Avent,maventk9@simplemachines.org
Abraham,Guesford,aguesfordka@msn.com
Abra,Haggeth,ahaggethkb@usda.gov
Kermie,McCrystal,kmccrystalkc@whitehouse.gov
Betti,Mosten,bmostenkd@dagondesign.com
Raeann,Corro,rcorroke@gmpg.org
Loleta,Dingle,ldinglekf@zimbio.com
Gavrielle,Fryer,gfryerkg@ocn.ne.jp
Bentley,Radclyffe,bradclyffekh@arstechnica.com
Bernardine,Penniall,bpenniallki@ask.com
Anatollo,Bernardt,abernardtkj@wiley.com
Grete,Cluet,gcluetkk@reverbnation.com
Harriet,Keirl,hkeirlkl@ebay.com
Kristofer,Canham,kcanhamkm@xinhuanet.com
Stuart,Scolland,sscollandkn@baidu.com
Suellen,Bunker,sbunkerko@state.gov
Luke,Yakushkev,lyakushkevkp@infoseek.co.jp
Audry,Beddard,abeddardkq@indiegogo.com
Eudora,Rohlfs,erohlfskr@newsvine.com
Ronni,Sydry,rsydryks@who.int
Philly,Janota,pjanotakt@qq.com
Marion,Gammie,mgammieku@creativecommons.org
Wait,Godding,wgoddingkv@ehow.com
Ker,Besset,kbessetkw@ebay.co.uk
Alexio,Pickard,apickardkx@examiner.com
Forrester,Chatters,fchattersky@dailymotion.com
Garrard,Lilford,glilfordkz@bbc.co.uk
Sadye,Cobson,scobsonl0@ted.com
Isiahi,Cadden,icaddenl1@soundcloud.com
Martie,Rubee,mrubeel2@lulu.com
Tatiania,Sydry,tsydryl3@sfgate.com
Aurilia,Bartlomieczak,abartlomieczakl4@harvard.edu
Valentin,Tacon,vtaconl5@rediff.com
Nadia,Jamme,njammel6@hhs.gov
Benedick,Cancellieri,bcancellieril7@issuu.com
Vivia,Chauvey,vchauveyl8@ameblo.jp
Bartolomeo,Frostick,bfrostickl9@google.nl
Christophorus,Larcier,clarcierla@mozilla.com
Tally,Ruffy,truffylb@umich.edu
Fredericka,Newick,fnewicklc@yellowpages.com
Dunc,Draijer,ddraijerld@posterous.com
Wilt,Miquelet,wmiqueletle@gizmodo.com
Cecelia,Blackmuir,cblackmuirlf@globo.com
Seka,Waulker,swaulkerlg@icio.us
Adina,Spens,aspenslh@technorati.com
Sheelah,Tonn,stonnli@spiegel.de
Leontyne,Reinard,lreinardlj@hatena.ne.jp
Gabriel,Aleveque,galevequelk@dailymail.co.uk
Libbey,Kinworthy,lkinworthyll@merriam-webster.com
Veda,Thumim,vthumimlm@tripadvisor.com
Marrissa,Signorelli,msignorelliln@ft.com
Glyn,Grassi,ggrassilo@quantcast.com
Gustav,Remmers,gremmerslp@reuters.com
Rossy,Worsley,rworsleylq@ovh.net
Westleigh,Rivalant,wrivalantlr@globo.com
Dana,Girardey,dgirardeyls@ycombinator.com
Shana,Sorsby,ssorsbylt@slashdot.org
Arielle,Kermode,akermodelu@issuu.com
Ferd,Holliar,fholliarlv@arizona.edu
Knox,Rodger,krodgerlw@miibeian.gov.cn
Arri,Stennett,astennettlx@sun.com
Kaleena,Ovise,kovisely@msn.com
Edouard,Main,emainlz@boston.com
Maje,Jillins,mjillinsm0@behance.net
Silvie,MacFadzean,smacfadzeanm1@wired.com
Adore,Knock,aknockm2@gravatar.com
Regen,Andreucci,randreuccim3@tmall.com
Marylynne,Lease,mleasem4@ucoz.com
Garrot,Tanswell,gtanswellm5@printfriendly.com
Imogen,Sims,isimsm6@vkontakte.ru
Willi,Nellies,wnelliesm7@4shared.com
Cash,Troyes,ctroyesm8@csmonitor.com
Florella,Kidstone,fkidstonem9@devhub.com
Mabel,Ripley,mripleyma@ezinearticles.com
Carolina,O'Donovan,codonovanmb@phoca.cz
Lindy,Hewins,lhewinsmc@japanpost.jp
Tailor,Ofen,tofenmd@blinklist.com
Tymothy,Soots,tsootsme@wsj.com
Kevyn,Bonds,kbondsmf@seattletimes.com
Gay,Kerfut,gkerfutmg@reverbnation.com
Cyrille,Trueman,ctruemanmh@npr.org
Candis,Maw,cmawmi@nature.com
Alexia,Nerval,anervalmj@sourceforge.net
Audrie,Mendenhall,amendenhallmk@lulu.com
Kellyann,Stivens,kstivensml@answers.com
Ettore,Jones,ejonesmm@amazon.co.jp
Jennifer,Shortland,jshortlandmn@unblog.fr
Giff,Grelak,ggrelakmo@yolasite.com
Casey,Amdohr,camdohrmp@ftc.gov
Fancie,Sissel,fsisselmq@sciencedaily.com
Louise,Ovenell,lovenellmr@squarespace.com
Therese,Hargreves,thargrevesms@squarespace.com
Tillie,Aikin,taikinmt@paypal.com
Pauly,Donner,pdonnermu@prweb.com
Maximo,Reis,mreismv@miibeian.gov.cn
Johnathan,Simonaitis,jsimonaitismw@msn.com
Valina,Mulcahy,vmulcahymx@zdnet.com
Robena,Durker,rdurkermy@imdb.com
Dalila,Aizikovich,daizikovichmz@goo.ne.jp
Constantine,Tromans,ctromansn0@istockphoto.com
Elga,Shallcrass,eshallcrassn1@google.nl
Leonore,Hearst,lhearstn2@ebay.co.uk
Stella,Kehri,skehrin3@yale.edu
Berke,Chidgey,bchidgeyn4@narod.ru
Alfy,Janoschek,ajanoschekn5@bing.com
Lisle,Sifflett,lsifflettn6@dell.com
Tiffanie,Walkden,twalkdenn7@biglobe.ne.jp
Sascha,Farrans,sfarransn8@prnewswire.com
Della,Greenaway,dgreenawayn9@biblegateway.com
Caresa,Armfield,carmfieldna@hibu.com
Di,Cavee,dcaveenb@t-online.de
Brinna,Brinkworth,bbrinkworthnc@dot.gov
Gusti,McKenzie,gmckenziend@canalblog.com
Constantine,Hards,chardsne@qq.com
Chlo,Simonyi,csimonyinf@barnesandnoble.com
Petrina,Elmar,pelmarng@canalblog.com
Janna,McOwan,jmcowannh@hibu.com
Daisie,Cussen,dcussenni@walmart.com
Keefe,Rochewell,krochewellnj@alibaba.com
Micheline,Tidbold,mtidboldnk@sina.com.cn
Ashlee,Harriskine,aharriskinenl@nba.com
Madelon,Sambath,msambathnm@fc2.com
Mohammed,Archell,marchellnn@booking.com
Hilary,Pina,hpinano@vimeo.com
Siffre,Ridpath,sridpathnp@php.net
Hally,Leverson,hleversonnq@theglobeandmail.com
Beverlie,Caillou,bcaillounr@sourceforge.net
Maryrose,Braune,mbraunens@kickstarter.com
Elbertina,Hutcheons,ehutcheonsnt@mapquest.com
Javier,West,jwestnu@devhub.com
Ezmeralda,McTeer,emcteernv@mapy.cz
Susan,Syrett,ssyrettnw@loc.gov
Gail,Pechard,gpechardnx@fc2.com
Selig,Zorzi,szorziny@businessweek.com
Cordey,Espin,cespinnz@abc.net.au
Thane,Heazel,theazelo0@smh.com.au
Lalo,Blumire,lblumireo1@prlog.org
Ethelind,Rutherfoord,erutherfoordo2@ehow.com
Rhoda,Scottesmoor,rscottesmooro3@alibaba.com
Masha,Swyn,mswyno4@webeden.co.uk
Johnette,Ingles,jingleso5@issuu.com
Cass,Hardin,chardino6@google.nl
Bancroft,Simonson,bsimonsono7@yandex.ru
Ros,Hlavac,rhlavaco8@jigsy.com
Kimberly,Cuchey,kcucheyo9@businessinsider.com
Freedman,Northin,fnorthinoa@sciencedirect.com
Terese,Santorini,tsantoriniob@harvard.edu
Nancie,Woolfall,nwoolfalloc@phoca.cz
Corrine,Hearl,chearlod@geocities.jp
Iggie,Splevings,isplevingsoe@skyrock.com
Lita,Tobin,ltobinof@php.net
Karee,Gladden,kgladdenog@nifty.com
Tally,Croxton,tcroxtonoh@hostgator.com
Bald,Boarleyson,bboarleysonoi@shinystat.com
Elijah,Charter,echarteroj@narod.ru
Tommy,Larner,tlarnerok@squidoo.com
Noel,Latta,nlattaol@acquirethisname.com
Valera,Steggals,vsteggalsom@ft.com
Viva,Slatcher,vslatcheron@illinois.edu
Moria,Cloonan,mcloonanoo@canalblog.com
Fidelia,Dennis,fdennisop@shop-pro.jp
Dudley,Acey,daceyoq@msn.com
Fifine,Chifney,fchifneyor@altervista.org
Osborn,Trebble,otrebbleos@xing.com
Benita,Wadwell,bwadwellot@earthlink.net
Murvyn,Sclater,msclaterou@earthlink.net
Neilla,Grimsell,ngrimsellov@infoseek.co.jp
Kaia,Mullany,kmullanyow@friendfeed.com
Faydra,Irnys,firnysox@360.cn
Kinna,Blagbrough,kblagbroughoy@biglobe.ne.jp
Nedda,Haldene,nhaldeneoz@sohu.com
Gerald,Gareisr,ggareisrp0@bluehost.com
Lanita,Astill,lastillp1@t-online.de
Archy,Buzzing,abuzzingp2@de.vu
Ozzy,Stubbings,ostubbingsp3@histats.com
Ogdon,Navein,onaveinp4@forbes.com
Early,Dumini,eduminip5@ft.com
Alyssa,Seston,asestonp6@ustream.tv
Alasdair,Cabble,acabblep7@wsj.com
Caresa,Gartsyde,cgartsydep8@example.com
Silvanus,Fandrey,sfandreyp9@flickr.com
Cassey,Manby,cmanbypa@unc.edu
Tiffy,Idenden,tidendenpb@baidu.com
Beau,Kauble,bkaublepc@yolasite.com
Bone,McCay,bmccaypd@flickr.com
Carny,Downgate,cdowngatepe@jimdo.com
Tobi,Szach,tszachpf@nyu.edu
Shaw,Starbucke,sstarbuckepg@gravatar.com
Helge,Koppel,hkoppelph@wordpress.com
Mala,Glidder,mglidderpi@privacy.gov.au
Courtney,McDermott-Row,cmcdermottrowpj@whitehouse.gov
Phyllys,Huard,phuardpk@com.com
Bernice,Davidovitch,bdavidovitchpl@seattletimes.com
Krystal,Powell,kpowellpm@go.com
Cammie,Glanvill,cglanvillpn@amazon.co.uk
Upton,Dybbe,udybbepo@eepurl.com
Maurits,Pauls,mpaulspp@alibaba.com
Maurizia,Marle,mmarlepq@hatena.ne.jp
Sadella,Marval,smarvalpr@baidu.com
Tait,Blastock,tblastockps@ucsd.edu
Kirbie,Reggio,kreggiopt@w3.org
Dalton,Klimov,dklimovpu@amazon.co.jp
Birch,Goard,bgoardpv@google.co.uk
Crawford,Laidel,claidelpw@digg.com
Avery,Crawley,acrawleypx@chicagotribune.com
Herrick,Mouser,hmouserpy@storify.com
Phip,Pettwood,ppettwoodpz@newyorker.com
Anita,Dudin,adudinq0@tiny.cc
Anett,Pedican,apedicanq1@icio.us
Nikolas,Von Brook,nvonbrookq2@eepurl.com
Layney,Lightning,llightningq3@ocn.ne.jp
Afton,Waddington,awaddingtonq4@hao123.com
Jelene,McCluskey,jmccluskeyq5@gov.uk
Gherardo,Rowberry,growberryq6@time.com
Davine,Gellert,dgellertq7@amazon.de
Traci,Maseres,tmaseresq8@rakuten.co.jp
Dorie,Kadd,dkaddq9@sitemeter.com
Antonella,Jencken,ajenckenqa@springer.com
Shani,Chidler,schidlerqb@cdbaby.com
Vikky,Haslam,vhaslamqc@squarespace.com
Sephira,Lowey,sloweyqd@pbs.org
Andra,Lamey,alameyqe@google.de
Irwin,Bonellie,ibonellieqf@cbsnews.com
Saidee,Rois,sroisqg@google.com
Ruthy,Barney,rbarneyqh@liveinternet.ru
Lacy,Corragan,lcorraganqi@bloomberg.com
Dara,Byk,dbykqj@google.com.hk
Gianna,Reggiani,greggianiqk@cdbaby.com
Rutger,Wallbridge,rwallbridgeql@icq.com
Herby,Sainteau,hsainteauqm@photobucket.com
Harry,Paolinelli,hpaolinelliqn@microsoft.com
Mela,Greggersen,mgreggersenqo@amazon.com
Caty,Eastlake,ceastlakeqp@webnode.com
Danila,Lorenzo,dlorenzoqq@hao123.com
Lou,Sturney,lsturneyqr@sakura.ne.jp
Veradis,Petchell,vpetchellqs@hp.com
Allister,Monahan,amonahanqt@webmd.com
Payton,Medgewick,pmedgewickqu@themeforest.net
Enoch,Luckin,eluckinqv@mediafire.com
Arlina,Geraghty,ageraghtyqw@webs.com
Carlie,Statefield,cstatefieldqx@kickstarter.com
Rayner,Penberthy,rpenberthyqy@vinaora.com
Brier,Shewon,bshewonqz@wikia.com
Dud,Graith,dgraithr0@nature.com
Augustin,McBoyle,amcboyler1@abc.net.au
Clo,Argyle,cargyler2@symantec.com
Gilberta,Lidyard,glidyardr3@china.com.cn
Johnath,Drinan,jdrinanr4@fotki.com
Siobhan,Beney,sbeneyr5@go.com
Delbert,Mateu,dmateur6@whitehouse.gov
Louisa,Beseke,lbeseker7@arstechnica.com
Stephie,Teck,steckr8@nyu.edu
Janaye,Ure,jurer9@chicagotribune.com
Kain,Westney,kwestneyra@pinterest.com
Serge,MacKain,smackainrb@sohu.com
Marion,Jenicek,mjenicekrc@mayoclinic.com
Tull,Gerretsen,tgerretsenrd@gizmodo.com
Drucy,While,dwhilere@vk.com
Meriel,Noyce,mnoycerf@ted.com
Ardine,Eveque,aevequerg@nymag.com
Georgia,McSperrin,gmcsperrinrh@arizona.edu
Jandy,Ismead,jismeadri@hc360.com
Bianca,Greenough,bgreenoughrj@yandex.ru
Hoyt,Penritt,hpenrittrk@cloudflare.com
Yalonda,Teideman,yteidemanrl@businessweek.com
Wally,Staite,wstaiterm@earthlink.net
Christian,Eastlake,ceastlakern@state.tx.us
Jordanna,Verheijden,jverheijdenro@gizmodo.com
Andrew,Pitt,apittrp@house.gov
Marie,Isley,misleyrq@newsvine.com
