Beauregard,Tolliday,btolliday0@globo.com
Rubin,Campelli,rcampelli1@slashdot.org
Carver,Lafay,clafay2@statcounter.com
Enriqueta,Bartrap,ebartrap3@ibm.com
Danyelle,Eppson,deppson4@mayoclinic.com
Carlynn,Wyss,cwyss5@buzzfeed.com
Petey,Arbuckle,parbuckle6@hexun.com
Rosella,Cicchinelli,rcicchinelli7@apple.com
Remington,Ladloe,rladloe8@bbb.org
Gianna,Broadwood,gbroadwood9@yelp.com
Claudetta,Hudson,chudsona@wiley.com
Fredrika,Dallas,fdallasb@foxnews.com
Elsi,Bendtsen,ebendtsenc@usa.gov
Morgen,Durston,mdurstond@wiley.com
Dominik,Cortin,dcortine@reddit.com
Man,Legrice,mlegricef@purevolume.com
Stavros,Guiducci,sguiduccig@elpais.com
Karly,O'Deegan,kodeeganh@vistaprint.com
Zane,Valintine,zvalintinei@state.gov
Allyce,Broadbear,abroadbearj@themeforest.net
Silvan,Siddons,ssiddonsk@dagondesign.com
Bobby,Newbery,bnewberyl@icq.com
Korney,Bilfoot,kbilfootm@amazon.com
Tim,Willgrass,twillgrassn@aboutads.info
Thia,Shepherd,tshepherdo@ftc.gov
Herc,Napper,hnapperp@mapy.cz
Lauren,Feasey,lfeaseyq@cmu.edu
Hollie,Cypler,hcyplerr@uol.com.br
Kathryne,Le Grys,klegryss@hhs.gov
Egor,Haymes,ehaymest@goo.ne.jp
Annabella,Fawdrie,afawdrieu@dagondesign.com
Ninette,Prangnell,nprangnellv@acquirethisname.com
Noellyn,Bolderoe,nbolderoew@plala.or.jp
Sawyer,Nickless,snicklessx@ask.com
Karna,McGrowther,kmcgrowthery@reference.com
Gaby,Binge,gbingez@berkeley.edu
Hanny,Steynor,hsteynor10@loc.gov
Sheff,Layton,slayton11@edublogs.org
Zebulon,Ramsden,zramsden12@miibeian.gov.cn
Vernice,Goaley,vgoaley13@cargocollective.com
Rana,Duran,rduran14@cbc.ca
Sergei,Grafom,sgrafom15@wisc.edu
Giselbert,Ottey,gottey16@reference.com
Husain,Auchterlonie,hauchterlonie17@etsy.com
Nicol,Douberday,ndouberday18@google.it
Tome,MacPhail,tmacphail19@comsenz.com
Mechelle,Jesson,mjesson1a@sakura.ne.jp
Keeley,Decort,kdecort1b@icq.com
Martie,Playden,mplayden1c@addtoany.com
Dacey,Boays,dboays1d@theglobeandmail.com
Viola,Gledhall,vgledhall1e@chron.com
Hattie,Fellenor,hfellenor1f@slate.com
Mureil,Woodroofe,mwoodroofe1g@fastcompany.com
Gretel,Plowman,gplowman1h@theatlantic.com
Alexandre,Nary,anary1i@wisc.edu
Teena,Pirolini,tpirolini1j@geocities.jp
Care,Lodford,clodford1k@mozilla.org
Elysee,Divver,edivver1l@slate.com
Indira,Pardew,ipardew1m@si.edu
Grover,Nutter,gnutter1n@wordpress.org
Harmonia,Aykroyd,haykroyd1o@nydailynews.com
Ives,Sailor,isailor1p@youtu.be
Norby,Koenraad,nkoenraad1q@blinklist.com
Glenine,Chesser,gchesser1r@blinklist.com
Robert,Kobke,rkobke1s@stanford.edu
Pat,Stockdale,pstockdale1t@blogtalkradio.com
Benedicto,Velte,bvelte1u@uol.com.br
Emma,Michel,emichel1v@mozilla.org
Horacio,Kubek,hkubek1w@typepad.com
Elise,Durward,edurward1x@paginegialle.it
Hewett,Lebond,hlebond1y@blogs.com
Ilene,Aldcorn,ialdcorn1z@scribd.com
Fredric,Skarr,fskarr20@psu.edu
Danny,Hallut,dhallut21@sphinn.com
Tadeas,Isabell,tisabell22@flavors.me
Alon,Holbury,aholbury23@seesaa.net
Birgitta,Driussi,bdriussi24@nytimes.com
Vanny,Kenwell,vkenwell25@princeton.edu
Maible,Duinkerk,mduinkerk26@istockphoto.com
Monica,Tullis,mtullis27@blinklist.com
Margarette,Blagburn,mblagburn28@geocities.jp
Julio,Gras,jgras29@accuweather.com
Wendall,von Grollmann,wvongrollmann2a@instagram.com
Baily,Remmer,bremmer2b@marriott.com
Sharona,Ecclestone,secclestone2c@marketwatch.com
Carrol,Bullard,cbullard2d@ifeng.com
Liam,Haskell,lhaskell2e@miibeian.gov.cn
Brant,Delatour,bdelatour2f@nationalgeographic.com
Tristan,Durnford,tdurnford2g@auda.org.au
Correy,Aiers,caiers2h@weibo.com
Jobey,Yitshak,jyitshak2i@wikipedia.org
Marilyn,Pigney,mpigney2j@blog.com
Glenn,Fleming,gfleming2k@digg.com
Ricard,Garr,rgarr2l@ustream.tv
Bentlee,Carefull,bcarefull2m@amazon.co.jp
Carroll,Chipping,cchipping2n@spiegel.de
Frieda,Dallimare,fdallimare2o@virginia.edu
Marshal,Muirden,mmuirden2p@illinois.edu
Giuditta,Tartt,gtartt2q@auda.org.au
Lynda,Dudley,ldudley2r@vk.com
Christye,Thumnel,cthumnel2s@bbc.co.uk
Barri,Horley,bhorley2t@cocolog-nifty.com
Heywood,Roark,hroark2u@livejournal.com
Elga,Batstone,ebatstone2v@free.fr
Helen,Maypes,hmaypes2w@moonfruit.com
Mina,Sammut,msammut2x@bizjournals.com
Madelon,Brisseau,mbrisseau2y@sbwire.com
Guinna,Holttom,gholttom2z@ifeng.com
Aubrey,Yeskin,ayeskin30@biblegateway.com
Josi,Gealy,jgealy31@army.mil
Gerrilee,Pentycost,gpentycost32@tripod.com
Shaw,Pyle,spyle33@amazon.co.uk
Cassandre,Kanter,ckanter34@apache.org
Giselle,Essery,gessery35@ebay.co.uk
Pauli,Esmonde,pesmonde36@dyndns.org
Carver,Bazylets,cbazylets37@yolasite.com
Kiri,Hillin,khillin38@smugmug.com
Beauregard,Baxstair,bbaxstair39@yandex.ru
Drew,McGebenay,dmcgebenay3a@cpanel.net
Sonny,Figura,sfigura3b@bizjournals.com
Allayne,Letch,aletch3c@comcast.net
Noemi,Birrel,nbirrel3d@umich.edu
Nollie,Draycott,ndraycott3e@free.fr
Connie,Latore,clatore3f@etsy.com
Kalinda,Gilhoolie,kgilhoolie3g@admin.ch
Maynard,Rillett,mrillett3h@yelp.com
Erick,Abbet,eabbet3i@so-net.ne.jp
Mart,Kiefer,mkiefer3j@parallels.com
Christian,Youel,cyouel3k@redcross.org
Robinet,Draysey,rdraysey3l@independent.co.uk
Melitta,Kellogg,mkellogg3m@forbes.com
Bondie,Prenty,bprenty3n@microsoft.com
Shayna,Turnor,sturnor3o@bigcartel.com
Frederigo,Goodbarne,fgoodbarne3p@behance.net
Lannie,Murrey,lmurrey3q@psu.edu
Ray,Netherwood,rnetherwood3r@google.com.br
Ernie,Gatchell,egatchell3s@tamu.edu
Manya,Sandlin,msandlin3t@google.nl
Sibeal,Last,slast3u@theguardian.com
Gallagher,Tomczykiewicz,gtomczykiewicz3v@about.me
Rene,Tappington,rtappington3w@fastcompany.com
Montgomery,Tabard,mtabard3x@independent.co.uk
Cleavland,Lantaff,clantaff3y@cmu.edu
Grange,Karp,gkarp3z@omniture.com
Ambrosius,Gatrell,agatrell40@un.org
Benjie,Richardot,brichardot41@about.me
Heloise,Meaton,hmeaton42@google.cn
Eleni,Gammel,egammel43@istockphoto.com
Osborn,Adamoli,oadamoli44@abc.net.au
Cissy,Gaughan,cgaughan45@guardian.co.uk
Westley,Osborne,wosborne46@businesswire.com
Siobhan,Minci,sminci47@skyrock.com
Odessa,Cromer,ocromer48@github.io
Ronni,Lake,rlake49@virginia.edu
Dione,Wheelhouse,dwheelhouse4a@archive.org
Anallise,Kimberley,akimberley4b@4shared.com
Kathe,Knibbs,kknibbs4c@mail.ru
Kerrill,Daffey,kdaffey4d@issuu.com
Fanchette,MacGuffog,fmacguffog4e@tuttocitta.it
Gare,Harbar,gharbar4f@accuweather.com
Pansie,Jiranek,pjiranek4g@delicious.com
Celesta,Boadby,cboadby4h@twitter.com
Teodorico,Petegree,tpetegree4i@1688.com
Ellie,Durban,edurban4j@sbwire.com
Helyn,Gunny,hgunny4k@bluehost.com
Germana,Bolino,gbolino4l@wordpress.org
Gerri,Cavozzi,gcavozzi4m@mediafire.com
Morris,Wanjek,mwanjek4n@linkedin.com
Carita,Farans,cfarans4o@digg.com
Durante,Bidnall,dbidnall4p@360.cn
Jervis,Lozano,jlozano4q@mit.edu
Nolana,Leopold,nleopold4r@xing.com
Jannelle,Paynton,jpaynton4s@mozilla.com
Dita,Barends,dbarends4t@netscape.com
Bartel,Darrigoe,bdarrigoe4u@wikipedia.org
Whitaker,Thal,wthal4v@histats.com
Aimee,Leverage,aleverage4w@miibeian.gov.cn
Halley,Falkingham,hfalkingham4x@unblog.fr
Griswold,Martine,gmartine4y@google.es
Paulita,Berisford,pberisford4z@webs.com
Marianne,McGilmartin,mmcgilmartin50@joomla.org
Demetria,Fincke,dfincke51@upenn.edu
Flinn,Murrell,fmurrell52@reuters.com
Rosaline,Stoffel,rstoffel53@miitbeian.gov.cn
Thea,Pearne,tpearne54@uiuc.edu
Trixie,Iddins,tiddins55@simplemachines.org
Mason,Holtom,mholtom56@angelfire.com
Hobie,Giacubo,hgiacubo57@prlog.org
Bronson,Scammonden,bscammonden58@last.fm
Ethelind,Bassett,ebassett59@washingtonpost.com
Maribelle,Fancy,mfancy5a@pen.io
Zebulon,Yggo,zyggo5b@facebook.com
Anatol,Antoniewicz,aantoniewicz5c@forbes.com
Jourdan,Janu,jjanu5d@google.de
Faythe,Copo,fcopo5e@seesaa.net
Grantham,Ferriman,gferriman5f@nba.com
Carce,Dallosso,cdallosso5g@gizmodo.com
Hilda,Dornin,hdornin5h@mediafire.com
Othilia,Leel,oleel5i@latimes.com
Zenia,Hartop,zhartop5j@dyndns.org
Hi,Foskew,hfoskew5k@addtoany.com
Leslie,Bytheway,lbytheway5l@elegantthemes.com
Adrea,Pairpoint,apairpoint5m@cam.ac.uk
Waldemar,Floodgate,wfloodgate5n@gravatar.com
Brantley,Widdecombe,bwiddecombe5o@tripod.com
Lucy,Bosma,lbosma5p@scribd.com
Elizabet,Slatter,eslatter5q@ihg.com
Valaree,Vannet,vvannet5r@posterous.com
Jud,Mowling,jmowling5s@xing.com
Emanuel,Vitte,evitte5t@berkeley.edu
Portie,Bilney,pbilney5u@smh.com.au
Luther,Boyson,lboyson5v@paginegialle.it
Odetta,Scrivener,oscrivener5w@jimdo.com
Kathie,Sukbhans,ksukbhans5x@intel.com
Kathlin,Dudderidge,kdudderidge5y@geocities.jp
Lauralee,Dearell,ldearell5z@va.gov
Annabell,Prayer,aprayer60@fotki.com
Chick,Dell Casa,cdellcasa61@twitter.com
Gram,de Clerk,gdeclerk62@reuters.com
Hettie,Glaze,hglaze63@ox.ac.uk
Pamella,Kellert,pkellert64@house.gov
Adah,Flement,aflement65@google.com.br
Brady,Curgenuer,bcurgenuer66@shinystat.com
Clem,Morewood,cmorewood67@sohu.com
Ryun,Beckley,rbeckley68@yahoo.com
Hallie,Yanov,hyanov69@apple.com
Abrahan,Cumbes,acumbes6a@hugedomains.com
Mariellen,Willeson,mwilleson6b@telegraph.co.uk
Gualterio,Danby,gdanby6c@jugem.jp
Zsa zsa,Gibbs,zgibbs6d@foxnews.com
Scarlet,Rivard,srivard6e@sogou.com
Cari,Dunlop,cdunlop6f@jigsy.com
Constancia,Barrell,cbarrell6g@naver.com
Anastasia,Pender,apender6h@wikia.com
Almira,Snelson,asnelson6i@cisco.com
Carol-jean,Lake,clake6j@ft.com
Ferris,Eby,feby6k@unesco.org
Alic,Oakton,aoakton6l@1688.com
Eydie,Lowers,elowers6m@hud.gov
Rebekkah,Stille,rstille6n@berkeley.edu
Dosi,Creevy,dcreevy6o@nyu.edu
Jordon,Choffin,jchoffin6p@forbes.com
Lonna,Heugh,lheugh6q@java.com
Kev,Hambribe,khambribe6r@purevolume.com
Charlena,Swadlin,cswadlin6s@nationalgeographic.com
Merline,Arendt,marendt6t@businessweek.com
Humfrid,Jeckells,hjeckells6u@mac.com
Arie,Franzini,afranzini6v@apache.org
Annabelle,Addinall,aaddinall6w@hud.gov
Teressa,Empringham,tempringham6x@cdc.gov
Gregory,Alleburton,galleburton6y@techcrunch.com
Penrod,Botterill,pbotterill6z@angelfire.com
Cori,Dreelan,cdreelan70@ucoz.com
Muriel,Yellowlee,myellowlee71@eventbrite.com
Marion,Burley,mburley72@about.com
Tobie,Korpal,tkorpal73@sakura.ne.jp
Bridie,Fiorentino,bfiorentino74@home.pl
Lorie,Woodman,lwoodman75@list-manage.com
Noe,McGraw,nmcgraw76@smh.com.au
Harcourt,Seekings,hseekings77@who.int
Benedict,Swaton,bswaton78@scribd.com
Cherish,Rappoport,crappoport79@bravesites.com
Brendin,Tunmore,btunmore7a@jalbum.net
Christy,Galway,cgalway7b@ucla.edu
Patricia,Lawful,plawful7c@github.io
Lisabeth,Hawksby,lhawksby7d@dyndns.org
Andria,Mee,amee7e@ovh.net
Moises,Carmont,mcarmont7f@hostgator.com
Nap,Jain,njain7g@tinyurl.com
Meridel,Aveson,maveson7h@quantcast.com
Arabela,McNee,amcnee7i@ycombinator.com
Randie,Indruch,rindruch7j@networksolutions.com
Ranee,Cornill,rcornill7k@wisc.edu
Ave,Knapper,aknapper7l@harvard.edu
Karola,Jurca,kjurca7m@clickbank.net
Suzette,Gallimore,sgallimore7n@moonfruit.com
Birgitta,Roj,broj7o@whitehouse.gov
Tommy,Guillon,tguillon7p@qq.com
Berti,Bernardini,bbernardini7q@scientificamerican.com
Lynea,Abad,labad7r@privacy.gov.au
Tanya,Beningfield,tbeningfield7s@webs.com
Orelie,Jirak,ojirak7t@mit.edu
Opaline,Rushmare,orushmare7u@oakley.com
Cindelyn,Horsey,chorsey7v@upenn.edu
Celestia,Pate,cpate7w@kickstarter.com
Allegra,Ivchenko,aivchenko7x@mapy.cz
Evered,Podd,epodd7y@ezinearticles.com
Britta,Glandfield,bglandfield7z@nationalgeographic.com
Filmer,Ekins,fekins80@independent.co.uk
Flory,Bungey,fbungey81@dion.ne.jp
Fred,Woodthorpe,fwoodthorpe82@dailymail.co.uk
Pren,Blockey,pblockey83@tuttocitta.it
Darrelle,Johnsson,djohnsson84@mtv.com
Lauralee,Gottelier,lgottelier85@baidu.com
Sibbie,Maylor,smaylor86@lycos.com
Emeline,McCarter,emccarter87@privacy.gov.au
Ann-marie,Taye,ataye88@desdev.cn
Shelia,Woodvine,swoodvine89@google.com
Eirena,Bulloch,ebulloch8a@irs.gov
Carlyn,McWhinnie,cmcwhinnie8b@bandcamp.com
Zabrina,Synnott,zsynnott8c@over-blog.com
Corrine,Dymond,cdymond8d@hao123.com
Mechelle,Lenaghen,mlenaghen8e@twitpic.com
Thea,McGeever,tmcgeever8f@ow.ly
Rowney,Walcar,rwalcar8g@yahoo.com
Michael,Willans,mwillans8h@soup.io
Harwell,Nisard,hnisard8i@forbes.com
Adda,Panas,apanas8j@princeton.edu
Bendicty,Restieaux,brestieaux8k@apple.com
Major,Postlethwaite,mpostlethwaite8l@ning.com
Eachelle,Sorbie,esorbie8m@amazon.com
Adrian,Kerwin,akerwin8n@nhs.uk
Hailey,Bemand,hbemand8o@rakuten.co.jp
Gillie,Mathivet,gmathivet8p@uol.com.br
Libbie,Dreamer,ldreamer8q@usa.gov
Matilda,Mc Carroll,mmccarroll8r@nydailynews.com
Whittaker,Bortolussi,wbortolussi8s@indiatimes.com
Onofredo,Elderkin,oelderkin8t@yahoo.com
Bell,Allbrook,ballbrook8u@geocities.com
Jarid,Beal,jbeal8v@surveymonkey.com
Moe,McIlvenna,mmcilvenna8w@yandex.ru
Lancelot,Kincade,lkincade8x@google.com.hk
Gwenny,Abramovicz,gabramovicz8y@uol.com.br
Lynea,Nitto,lnitto8z@harvard.edu
Florri,Shilburne,fshilburne90@yahoo.com
Filmer,Ranns,franns91@miitbeian.gov.cn
Nikki,Renison,nrenison92@technorati.com
Carly,Bertelmot,cbertelmot93@php.net
Gerik,Mantrup,gmantrup94@stumbleupon.com
Catrina,Bello,cbello95@51.la
Avril,Antrim,aantrim96@wikia.com
Carine,Deaconson,cdeaconson97@forbes.com
Gideon,Insley,ginsley98@google.it
Hatti,Leigh,hleigh99@homestead.com
Jean,Kapelhof,jkapelhof9a@joomla.org
Meredith,Skermer,mskermer9b@altervista.org
Kris,Thackwray,kthackwray9c@jugem.jp
Ky,Van der Kruis,kvanderkruis9d@admin.ch
Jean,Piller,jpiller9e@trellian.com
Roberta,Knoble,rknoble9f@nifty.com
Ameline,Beddo,abeddo9g@geocities.com
Crista,Pavlasek,cpavlasek9h@51.la
Ulla,Boots,uboots9i@buzzfeed.com
Janaye,Lundie,jlundie9j@aol.com
Eirena,Tarply,etarply9k@ucsd.edu
Nikolaus,Guiden,nguiden9l@pagesperso-orange.fr
Reyna,Domnick,rdomnick9m@harvard.edu
Konstance,Loades,kloades9n@wunderground.com
Felipa,Yewdall,fyewdall9o@yahoo.com
Bogart,Suttill,bsuttill9p@ifeng.com
Jodi,Scotchford,jscotchford9q@weather.com
Elli,Angless,eangless9r@go.com
Adella,O'Tierney,aotierney9s@gmpg.org
Bernette,Fadden,bfadden9t@boston.com
Marion,Scotland,mscotland9u@tuttocitta.it
Trey,Ducker,tducker9v@sphinn.com
Hailee,Ailmer,hailmer9w@hp.com
Antons,Harrema,aharrema9x@ft.com
Rosella,Chattaway,rchattaway9y@blogtalkradio.com
Keriann,Jolliman,kjolliman9z@cnbc.com
Reynard,Sabbatier,rsabbatiera0@last.fm
Dorelle,Milmoe,dmilmoea1@pcworld.com
Dory,Trenear,dtreneara2@bandcamp.com
Sella,Slarke,sslarkea3@tripadvisor.com
Mikel,Klossmann,mklossmanna4@acquirethisname.com
Diahann,Awdry,dawdrya5@linkedin.com
Milzie,Woollons,mwoollonsa6@godaddy.com
Sibilla,Vasser,svassera7@livejournal.com
Yancey,Janssens,yjanssensa8@sbwire.com
Violante,Napleton,vnapletona9@addthis.com
Nikoletta,Bebbington,nbebbingtonaa@live.com
Amii,Grigori,agrigoriab@alexa.com
Emeline,Kenion,ekenionac@weibo.com
Hilliard,Rosenbush,hrosenbushad@arstechnica.com
May,Jannasch,mjannaschae@uol.com.br
Phil,Cush,pcushaf@uol.com.br
Dacia,McCrohon,dmccrohonag@cbc.ca
Linnet,Ellerington,lelleringtonah@google.com
Carlo,O'Carroll,cocarrollai@elpais.com
Arnoldo,McCrossan,amccrossanaj@imdb.com
Edwin,Huc,ehucak@digg.com
Rosene,Anders,randersal@opera.com
Kinsley,Pendlenton,kpendlentonam@tamu.edu
Justen,Langrish,jlangrishan@ameblo.jp
Rosmunda,Genery,rgeneryao@spotify.com
Channa,Gebbie,cgebbieap@guardian.co.uk
Hynda,McGurk,hmcgurkaq@bloglines.com
Dulcie,Saggs,dsaggsar@wordpress.com
Valeda,Thundercliffe,vthundercliffeas@topsy.com
Tanny,Hulmes,thulmesat@geocities.jp
Norris,Vickerman,nvickermanau@amazon.co.uk
Annaliese,Pischel,apischelav@i2i.jp
Annamaria,Conley,aconleyaw@sfgate.com
Jemimah,Johnes,jjohnesax@yandex.ru
Jeniffer,Oxx,joxxay@mtv.com
Travis,Folini,tfoliniaz@latimes.com
Shell,Lyptrade,slyptradeb0@networksolutions.com
Clerissa,Gutowska,cgutowskab1@google.it
Maddy,Weaver,mweaverb2@google.com.br
Sashenka,Fawlkes,sfawlkesb3@4shared.com
Ber,Angell,bangellb4@mit.edu
Christal,Bielefeld,cbielefeldb5@parallels.com
Alanson,Pavett,apavettb6@comsenz.com
Zena,Brisard,zbrisardb7@artisteer.com
Steffi,Scotter,sscotterb8@eepurl.com
Carmelia,Stiggles,cstigglesb9@blogtalkradio.com
Vilhelmina,Weinmann,vweinmannba@t.co
Artie,Peeke-Vout,apeekevoutbb@goo.ne.jp
Tracey,Armistead,tarmisteadbc@huffingtonpost.com
Abbi,Coultard,acoultardbd@bbc.co.uk
April,Thompsett,athompsettbe@instagram.com
Donnajean,MacAlester,dmacalesterbf@soundcloud.com
Fabien,Scaife,fscaifebg@newyorker.com
Shannan,Casbolt,scasboltbh@squidoo.com
Richard,Pedro,rpedrobi@buzzfeed.com
Obidiah,Crippin,ocrippinbj@businessweek.com
Bartlet,Ochterlony,bochterlonybk@google.ru
Avrit,Sergent,asergentbl@a8.net
Corrinne,Franklen,cfranklenbm@g.co
Jeno,Taplin,jtaplinbn@miibeian.gov.cn
Beret,Danihelka,bdanihelkabo@blogs.com
Marrissa,Andrieux,mandrieuxbp@npr.org
Darleen,Paggitt,dpaggittbq@google.ca
Joyce,Feveryear,jfeveryearbr@dyndns.org
Keir,Tregiddo,ktregiddobs@geocities.jp
Gabbi,Graben,ggrabenbt@patch.com
Pierre,Virr,pvirrbu@abc.net.au
Jacqueline,Monkleigh,jmonkleighbv@addtoany.com
Veda,Connett,vconnettbw@who.int
Kincaid,Brownjohn,kbrownjohnbx@meetup.com
Devin,Niccols,dniccolsby@microsoft.com
Sela,Langstone,slangstonebz@answers.com
Alyosha,Lickess,alickessc0@joomla.org
Kerwinn,Hallmark,khallmarkc1@virginia.edu
Berti,Domsalla,bdomsallac2@hubpages.com
Kellina,Trencher,ktrencherc3@yahoo.co.jp
Rosaleen,Cuskery,rcuskeryc4@slideshare.net
Alaine,Whiteman,awhitemanc5@github.com
Abby,Scrauniage,ascrauniagec6@narod.ru
Cornie,Bigadike,cbigadikec7@wikispaces.com
Alexia,Currall,acurrallc8@google.com.hk
Barris,Cordall,bcordallc9@skype.com
Wallie,Degoix,wdegoixca@hao123.com
Glynis,Bainbrigge,gbainbriggecb@creativecommons.org
Myrna,Balaizot,mbalaizotcc@redcross.org
Wesley,Govey,wgoveycd@a8.net
Lynett,Writtle,lwrittlece@hostgator.com
Marinna,Ferrant,mferrantcf@newsvine.com
Trent,Bawme,tbawmecg@creativecommons.org
Rozanna,Febry,rfebrych@va.gov
Phineas,Balma,pbalmaci@cocolog-nifty.com
Annabal,Grebert,agrebertcj@wikipedia.org
Sam,Woodyear,swoodyearck@ox.ac.uk
Desiri,Giddy,dgiddycl@studiopress.com
Lazare,Persich,lpersichcm@mysql.com
Candie,Blease,cbleasecn@nifty.com
Ailina,Mangenet,amangenetco@godaddy.com
Val,Ericssen,vericssencp@admin.ch
Gerhardt,McIlwrath,gmcilwrathcq@cam.ac.uk
Eric,Milberry,emilberrycr@ebay.com
Juana,Chaize,jchaizecs@netscape.com
Mose,Badsworth,mbadsworthct@a8.net
Nickie,Desporte,ndesportecu@globo.com
Ari,Oldman,aoldmancv@google.ca
Janenna,Gutans,jgutanscw@china.com.cn
Sammie,Kleinzweig,skleinzweigcx@wisc.edu
Bunnie,Cootes,bcootescy@flickr.com
Lizabeth,Ellaman,lellamancz@ezinearticles.com
Lutero,Fernanando,lfernanandod0@hugedomains.com
Miner,Takos,mtakosd1@si.edu
Delano,Nourse,dnoursed2@usda.gov
Dorella,Chaundy,dchaundyd3@timesonline.co.uk
Shaina,O'Dougherty,sodoughertyd4@wikimedia.org
Tomi,Hoppner,thoppnerd5@microsoft.com
Wilhelm,Counihan,wcounihand6@constantcontact.com
Dasha,Lett,dlettd7@canalblog.com
Rosalie,Swinford,rswinfordd8@typepad.com
Ingeborg,Etuck,ietuckd9@msu.edu
Sansone,Mascall,smascallda@blogspot.com
Carolyn,Lavin,clavindb@time.com
Leoine,Callacher,lcallacherdc@a8.net
Andras,Paynton,apayntondd@blogspot.com
Rebecka,Lacrouts,rlacroutsde@csmonitor.com
Laird,Breissan,lbreissandf@state.gov
Pauly,Kipping,pkippingdg@ning.com
Trefor,Saunder,tsaunderdh@csmonitor.com
Glyn,Rivett,grivettdi@ucla.edu
Courtney,Prattington,cprattingtondj@ning.com
Edie,Karolewski,ekarolewskidk@miibeian.gov.cn
Gerick,Jex,gjexdl@merriam-webster.com
Anna-maria,Jiles,ajilesdm@vistaprint.com
Nealy,Leidecker,nleideckerdn@va.gov
Chris,Drinkel,cdrinkeldo@people.com.cn
Francyne,Pilkinton,fpilkintondp@smh.com.au
Ruby,Bernardo,rbernardodq@php.net
Dawna,Clelland,dclellanddr@japanpost.jp
Andeee,Bilbrey,abilbreyds@deviantart.com
Emmit,Aplin,eaplindt@themeforest.net
Nick,Queen,nqueendu@slideshare.net
Cordey,Noen,cnoendv@sciencedaily.com
Raina,Johannes,rjohannesdw@netvibes.com
Kimball,Wastall,kwastalldx@hc360.com
Frank,Braga,fbragady@seattletimes.com
Simone,Tincey,stinceydz@engadget.com
Glendon,Yurkov,gyurkove0@bloomberg.com
Dorian,Kestian,dkestiane1@wix.com
Maury,Broxton,mbroxtone2@miibeian.gov.cn
Nikki,Aitken,naitkene3@surveymonkey.com
Querida,Strugnell,qstrugnelle4@webs.com
George,Pringuer,gpringuere5@trellian.com
Teddy,Echalier,techaliere6@narod.ru
Xenia,Botha,xbothae7@unc.edu
Hieronymus,Forgie,hforgiee8@toplist.cz
Karol,Iceton,kicetone9@nasa.gov
Lucilia,Realff,lrealffea@angelfire.com
Teodoro,Baert,tbaerteb@techcrunch.com
Tammy,Daine,tdaineec@google.com
Michel,Gossage,mgossageed@nba.com
Lesley,Gwalter,lgwalteree@livejournal.com
Horatia,Broad,hbroadef@wiley.com
Myrvyn,Le Provost,mleprovosteg@smh.com.au
Carey,Clynter,cclyntereh@bing.com
Jacky,Orsi,jorsiei@umn.edu
Bunnie,Hodcroft,bhodcroftej@digg.com
Hendrick,Kyttor,hkyttorek@php.net
Fanechka,Ivanchenkov,fivanchenkovel@cisco.com
Ronni,Painten,rpaintenem@google.ca
Claudio,Pentecust,cpentecusten@over-blog.com
Giusto,MacNair,gmacnaireo@wunderground.com
Gleda,Tanser,gtanserep@facebook.com
Noami,Skelly,nskellyeq@ucla.edu
Claybourne,Robert,croberter@google.com.br
Mac,Jeske,mjeskees@ftc.gov
Madelena,Hamp,mhampet@cnbc.com
Baillie,Habbin,bhabbineu@sina.com.cn
Beryl,Andreasson,bandreassonev@linkedin.com
Seamus,Fardon,sfardonew@delicious.com
Lonee,Schwandermann,lschwandermannex@51.la
Haleigh,O'Griffin,hogriffiney@samsung.com
Claudio,Josefsen,cjosefsenez@cnet.com
Wyatt,Oakenfull,woakenfullf0@devhub.com
Charleen,Turnor,cturnorf1@army.mil
Dasha,Athelstan,dathelstanf2@businessinsider.com
Melvin,Labrow,mlabrowf3@indiatimes.com
Cello,Corstan,ccorstanf4@linkedin.com
Nevil,Revelle,nrevellef5@barnesandnoble.com
Mamie,Broe,mbroef6@google.cn
Berkly,Lowten,blowtenf7@fotki.com
Greg,Sheekey,gsheekeyf8@hostgator.com
Pincus,Tringham,ptringhamf9@howstuffworks.com
Lilias,Maudlin,lmaudlinfa@nyu.edu
Scarlet,Silcock,ssilcockfb@hugedomains.com
Timofei,Matokhnin,tmatokhninfc@stanford.edu
Delaney,Diggle,ddigglefd@simplemachines.org
Errol,Goffe,egoffefe@intel.com
Judah,Cater,jcaterff@cbsnews.com
Vivia,Lovelock,vlovelockfg@hostgator.com
Jone,Jurczik,jjurczikfh@auda.org.au
Elberta,Lafuente,elafuentefi@wp.com
Bebe,Drysdell,bdrysdellfj@mac.com
Monica,Gilston,mgilstonfk@nature.com
Winnie,Ponsford,wponsfordfl@w3.org
Gerladina,Walewski,gwalewskifm@sun.com
Tannie,McCutcheon,tmccutcheonfn@yale.edu
Mortie,Czajka,mczajkafo@narod.ru
Dede,Crone,dcronefp@hc360.com
Darren,Picardo,dpicardofq@ovh.net
Sherlock,Bernardos,sbernardosfr@cbc.ca
Georgette,Banck,gbanckfs@last.fm
Jennee,Pardal,jpardalft@pen.io
Laryssa,Ayto,laytofu@cocolog-nifty.com
Malena,Busse,mbussefv@digg.com
Kasper,Moss,kmossfw@jiathis.com
Melanie,Maguire,mmaguirefx@npr.org
Elbert,Dovydenas,edovydenasfy@istockphoto.com
Carline,Vakhrushin,cvakhrushinfz@blogger.com
Alberta,Dumingos,adumingosg0@vk.com
Romeo,Malenfant,rmalenfantg1@flavors.me
Brittni,Kingdom,bkingdomg2@biblegateway.com
Chrysler,Doumerc,cdoumercg3@godaddy.com
Zane,Bucklan,zbucklang4@instagram.com
Bobbie,Hembling,bhemblingg5@marketwatch.com
Cleo,Shipley,cshipleyg6@amazonaws.com
Malory,Dymick,mdymickg7@howstuffworks.com
Charlie,Paffett,cpaffettg8@tuttocitta.it
Bartlet,Cannings,bcanningsg9@craigslist.org
Samantha,Benjefield,sbenjefieldga@lulu.com
Hilarius,Buttler,hbuttlergb@canalblog.com
Graham,Ferroni,gferronigc@whitehouse.gov
Walden,Arnley,warnleygd@si.edu
Gasper,Jardein,gjardeinge@topsy.com
Chilton,Leverich,cleverichgf@foxnews.com
Evanne,Iianon,eiianongg@hp.com
Justinian,Harmour,jharmourgh@amazonaws.com
Judith,Richardsson,jrichardssongi@telegraph.co.uk
Seymour,Thumim,sthumimgj@tiny.cc
Vally,Sydes,vsydesgk@va.gov
Thoma,Morville,tmorvillegl@cnbc.com
Zackariah,Chiommienti,zchiommientigm@unesco.org
Brook,Langeren,blangerengn@youku.com
Lizabeth,Szachniewicz,lszachniewiczgo@oakley.com
Lynde,Philips,lphilipsgp@quantcast.com
Kirby,Babst,kbabstgq@a8.net
David,Antunez,dantunezgr@wired.com
Cobbie,Korneichuk,ckorneichukgs@rediff.com
Louisette,Faussett,lfaussettgt@marriott.com
Frasquito,Khidr,fkhidrgu@oakley.com
Justinn,Enticott,jenticottgv@seattletimes.com
Michaelina,Rowesby,mrowesbygw@sakura.ne.jp
Aindrea,Eustes,aeustesgx@nba.com
Blair,Bohike,bbohikegy@hibu.com
Aeriell,Brosius,abrosiusgz@sakura.ne.jp
Frederic,McFall,fmcfallh0@domainmarket.com
Rubetta,Coram,rcoramh1@sphinn.com
Chandra,Casine,ccasineh2@constantcontact.com
Thia,Boatman,tboatmanh3@uol.com.br
Joycelin,Ace,jaceh4@mac.com
Pren,McGoogan,pmcgooganh5@mapy.cz
Ossie,O'Loinn,ooloinnh6@sciencedirect.com
Tammy,Pickavant,tpickavanth7@bandcamp.com
Sylvan,Lount,slounth8@fastcompany.com
Wynny,Reid,wreidh9@spotify.com
Maddie,Warrilow,mwarrilowha@goodreads.com
Laurene,Ditter,lditterhb@yellowbook.com
Corey,Gatherell,cgatherellhc@ifeng.com
Olympia,Durban,odurbanhd@webnode.com
Tania,Molnar,tmolnarhe@flavors.me
Deck,Stokell,dstokellhf@list-manage.com
Ranna,Stickings,rstickingshg@hao123.com
Clarence,Tibols,ctibolshh@ucla.edu
Ortensia,Eck,oeckhi@unicef.org
Michale,Hoyt,mhoythj@howstuffworks.com
Nanine,Boak,nboakhk@acquirethisname.com
Tim,Arguile,targuilehl@foxnews.com
Hyacinthe,Abbot,habbothm@stumbleupon.com
Mickie,Teasell,mteasellhn@uiuc.edu
Hort,Licari,hlicariho@arizona.edu
Seka,Moulder,smoulderhp@blogspot.com
Junia,Pescud,jpescudhq@sogou.com
Fernande,Willgoss,fwillgosshr@altervista.org
Correy,Leel,cleelhs@homestead.com
Vlad,Meah,vmeahht@twitter.com
Jaine,Petran,jpetranhu@instagram.com
Constance,Magovern,cmagovernhv@acquirethisname.com
Charles,Stallworth,cstallworthhw@globo.com
Lancelot,Morden,lmordenhx@taobao.com
Wini,Pirot,wpirothy@yellowpages.com
Madge,Itzhaiek,mitzhaiekhz@utexas.edu
Vi,Van Halen,vvanhaleni0@cpanel.net
Brok,Hordell,bhordelli1@vinaora.com
Thom,Surman-Wells,tsurmanwellsi2@yale.edu
Charita,Burwell,cburwelli3@gizmodo.com
Tandie,Cuddehay,tcuddehayi4@state.tx.us
Friedrich,Brigg,fbriggi5@arstechnica.com
Maxim,Toulamain,mtoulamaini6@macromedia.com
Barbara,Burril,bburrili7@cdbaby.com
Sutherland,McFarland,smcfarlandi8@soundcloud.com
Em,Simkovich,esimkovichi9@deviantart.com
Amalia,Minchindon,aminchindonia@pagesperso-orange.fr
Raviv,Yakunin,ryakuninib@sphinn.com
Janean,O' Scallan,joscallanic@live.com
Alyss,Jedrzejewski,ajedrzejewskiid@who.int
Emogene,Mathivet,emathivetie@opera.com
Noelle,Islep,nislepif@unesco.org
Enrika,Ducker,educkerig@accuweather.com
Bibby,Rendall,brendallih@jigsy.com
Akim,Tyres,atyresii@jimdo.com
Livia,Rowland,lrowlandij@joomla.org
Zacharie,Dugall,zdugallik@smugmug.com
Justis,Dansken,jdanskenil@com.com
Clifford,McAlinden,cmcalindenim@over-blog.com
Amil,Branchett,abranchettin@icq.com
Angela,Rodenhurst,arodenhurstio@admin.ch
Gratiana,Lindro,glindroip@bloglovin.com
Jillayne,Trasler,jtrasleriq@alibaba.com
Estevan,Foulis,efoulisir@tinypic.com
Doll,Bladder,dbladderis@mail.ru
Yulma,Millhouse,ymillhouseit@photobucket.com
Kris,Govinlock,kgovinlockiu@cnbc.com
Lisle,Dawidsohn,ldawidsohniv@google.de
Robbin,Saywell,rsaywelliw@theatlantic.com
Darrick,McKinley,dmckinleyix@discovery.com
Inessa,Bare,ibareiy@newyorker.com
Tannie,Woodroof,twoodroofiz@aboutads.info
Sherrie,Mattiessen,smattiessenj0@psu.edu
Silas,Sennett,ssennettj1@narod.ru
Eartha,Allworthy,eallworthyj2@yellowbook.com
Tremayne,Melloi,tmelloij3@desdev.cn
Brok,Chopping,bchoppingj4@google.fr
Mickey,Gallatly,mgallatlyj5@biglobe.ne.jp
Guss,Leythley,gleythleyj6@ft.com
Alexandr,Lamdin,alamdinj7@issuu.com
Joli,Heakey,jheakeyj8@macromedia.com
Jackson,Darrow,jdarrowj9@ftc.gov
Gannon,Brundle,gbrundleja@google.com
Adey,Kineton,akinetonjb@mapy.cz
Shell,Grandisson,sgrandissonjc@howstuffworks.com
Alida,Senten,asentenjd@mozilla.org
Lindsay,Turone,lturoneje@state.tx.us
Jami,Hartegan,jharteganjf@bandcamp.com
Sean,Brace,sbracejg@nih.gov
Lionel,Palfrie,lpalfriejh@nydailynews.com
Carlyn,Baile,cbaileji@bizjournals.com
Belva,Pinar,bpinarjj@youku.com
Bert,Gillopp,bgilloppjk@opera.com
Gifford,Salmen,gsalmenjl@a8.net
Antoni,Veschambes,aveschambesjm@bandcamp.com
Dominik,Hitscher,dhitscherjn@china.com.cn
Ernesta,Hugli,ehuglijo@hugedomains.com
Reeba,Aspenlon,raspenlonjp@creativecommons.org
Gennifer,Sixsmith,gsixsmithjq@youku.com
Chickie,Yea,cyeajr@oakley.com
Sydney,Fawltey,sfawlteyjs@uol.com.br
Bayard,Lounds,bloundsjt@hatena.ne.jp
Marris,Venes,mvenesju@bravesites.com
Kathy,Pirazzi,kpirazzijv@dropbox.com
Jeanelle,French,jfrenchjw@sitemeter.com
Kevyn,Jameson,kjamesonjx@addtoany.com
Giraldo,Samart,gsamartjy@tmall.com
Tedi,Hritzko,thritzkojz@posterous.com
Lib,Keher,lkeherk0@si.edu
Bordie,Jellis,bjellisk1@ucsd.edu
Rickie,Emmert,remmertk2@businessinsider.com
Ysabel,Hopkynson,yhopkynsonk3@canalblog.com
Timmi,Semper,tsemperk4@baidu.com
Bev,Borchardt,bborchardtk5@mysql.com
Pavia,Dufton,pduftonk6@plala.or.jp
Mart,Slark,mslarkk7@europa.eu
Indira,Baroux,ibarouxk8@marriott.com
Bealle,Pannett,bpannettk9@wsj.com
Erminie,Roistone,eroistoneka@creativecommons.org
Nathanil,Kisby,nkisbykb@dion.ne.jp
Roselin,Bedham,rbedhamkc@ocn.ne.jp
Leonardo,Penwell,lpenwellkd@gov.uk
Riannon,Carncross,rcarncrosske@over-blog.com
Madelyn,Doniso,mdonisokf@webs.com
Milli,Lording,mlordingkg@ocn.ne.jp
Windy,Branchet,wbranchetkh@mayoclinic.com
Gale,Brazil,gbrazilki@shop-pro.jp
Elvis,Pierucci,epieruccikj@canalblog.com
Enos,Scarff,escarffkk@opera.com
Carver,Hugk,chugkkl@behance.net
Reine,Messer,rmesserkm@usnews.com
Ragnar,Gladdifh,rgladdifhkn@cdc.gov
Lacy,Dumbar,ldumbarko@senate.gov
Townie,Norcross,tnorcrosskp@yahoo.co.jp
Rance,Esch,reschkq@joomla.org
Gabriel,Sam,gsamkr@mediafire.com
Belita,Gatus,bgatusks@wiley.com
Ailsun,Sanper,asanperkt@ft.com
Gabbey,Edgars,gedgarsku@about.me
Kelsi,Jiru,kjirukv@com.com
Culley,Castagneri,ccastagnerikw@answers.com
Ingaborg,Pastor,ipastorkx@redcross.org
Brnaby,Chaffer,bchafferky@exblog.jp
Wolf,Craster,wcrasterkz@slate.com
Dante,Gilliard,dgilliardl0@google.cn
Dael,Lytton,dlyttonl1@ft.com
Odie,Valintine,ovalintinel2@cornell.edu
Gnni,Sarah,gsarahl3@dropbox.com
Julia,Thumann,jthumannl4@adobe.com
Augustine,Leeuwerink,aleeuwerinkl5@topsy.com
Putnam,Lowy,plowyl6@tmall.com
Verney,Stannion,vstannionl7@tmall.com
Aviva,Ashby,aashbyl8@loc.gov
Alonso,Denzey,adenzeyl9@google.nl
Gaspard,Gyorffy,ggyorffyla@apache.org
Charlena,Cutridge,ccutridgelb@addthis.com
Terri-jo,Cadman,tcadmanlc@behance.net
Kamillah,Beckley,kbeckleyld@flickr.com
Licha,Whibley,lwhibleyle@i2i.jp
Keriann,Gitsham,kgitshamlf@nba.com
Thom,Cattrell,tcattrelllg@sciencedirect.com
Martin,Engley,mengleylh@yellowpages.com
Rosalia,Waitland,rwaitlandli@istockphoto.com
Kira,Tokley,ktokleylj@live.com
Mannie,Witz,mwitzlk@domainmarket.com
Crosby,Ewdale,cewdalell@gmpg.org
Illa,Madden,imaddenlm@simplemachines.org
Lyndy,Binton,lbintonln@bbb.org
Nalani,Pleace,npleacelo@cafepress.com
Shelba,Rawnsley,srawnsleylp@wunderground.com
Magda,Dust,mdustlq@gizmodo.com
Brooks,Phythien,bphythienlr@dedecms.com
Rodolph,Ferrieroi,rferrieroils@networkadvertising.org
Douglass,Ruvel,druvellt@ehow.com
Sharia,Turfrey,sturfreylu@lycos.com
Stacy,Coping,scopinglv@wikimedia.org
Consalve,Genthner,cgenthnerlw@sciencedaily.com
Gardie,Ridger,gridgerlx@miibeian.gov.cn
Raina,Rentoll,rrentollly@loc.gov
Nataniel,Heinonen,nheinonenlz@plala.or.jp
Eugenius,Face,efacem0@about.me
Emelita,Dubock,edubockm1@webs.com
Michel,Cave,mcavem2@mozilla.org
Bernadina,Prestidge,bprestidgem3@ameblo.jp
Janis,Slimon,jslimonm4@phoca.cz
Eberhard,Tremberth,etremberthm5@typepad.com
Sawyer,Gommes,sgommesm6@sun.com
Charmine,Robroe,crobroem7@cam.ac.uk
Sebastian,Choake,schoakem8@google.fr
Pierson,Durnford,pdurnfordm9@deviantart.com
Patsy,Woollacott,pwoollacottma@alibaba.com
Linc,Whibley,lwhibleymb@wordpress.org
Jordan,Blowes,jblowesmc@psu.edu
Gilles,Kynaston,gkynastonmd@free.fr
Fionna,Darlasson,fdarlassonme@gov.uk
Serena,Boutell,sboutellmf@altervista.org
Janean,Carding,jcardingmg@friendfeed.com
Laraine,Jump,ljumpmh@google.com.hk
Deina,Gleeton,dgleetonmi@stanford.edu
Brittne,Sympson,bsympsonmj@kickstarter.com
Tessie,Shewen,tshewenmk@jalbum.net
Aggi,Stag,astagml@imdb.com
Rosabel,Ivkovic,rivkovicmm@latimes.com
Hank,Peakman,hpeakmanmn@msn.com
Alika,McClinton,amcclintonmo@japanpost.jp
Valeda,Banasevich,vbanasevichmp@opera.com
Bank,Egiloff,begiloffmq@tumblr.com
Maribelle,Tinniswood,mtinniswoodmr@mlb.com
Kearney,Donaldson,kdonaldsonms@techcrunch.com
Birdie,McGreal,bmcgrealmt@time.com
Andi,Devitt,adevittmu@ebay.co.uk
Di,Mitrikhin,dmitrikhinmv@posterous.com
Ray,Goburn,rgoburnmw@gravatar.com
Northrop,Bilofsky,nbilofskymx@marriott.com
Valle,Lydford,vlydfordmy@t-online.de
Cristin,Reinbeck,creinbeckmz@google.com.au
York,Gronous,ygronousn0@bigcartel.com
Ree,Stote,rstoten1@sogou.com
Jarid,Guwer,jguwern2@statcounter.com
Nathanial,Ruffy,nruffyn3@uol.com.br
Opalina,Harriss,oharrissn4@dedecms.com
Sheff,Belderfield,sbelderfieldn5@guardian.co.uk
Nat,Castletine,ncastletinen6@irs.gov
Raye,Parslow,rparslown7@blogger.com
Carlee,Tunn,ctunnn8@nature.com
Betsey,Claypole,bclaypolen9@aboutads.info
Rhoda,Smeal,rsmealna@goo.gl
Clyve,Adame,cadamenb@cbc.ca
Moise,Widger,mwidgernc@spiegel.de
Ailsun,Schankel,aschankelnd@odnoklassniki.ru
Rachele,Rockingham,rrockinghamne@prweb.com
Rory,Tunnick,rtunnicknf@yale.edu
Kerwin,Rapkins,krapkinsng@google.cn
Cheston,Colman,ccolmannh@goo.ne.jp
Rafe,Iorillo,riorilloni@cisco.com
Nikolaos,Learmond,nlearmondnj@springer.com
Mordy,Bourdis,mbourdisnk@house.gov
Lennie,Boar,lboarnl@paypal.com
Burnaby,Virgoe,bvirgoenm@stanford.edu
Yoshi,Sindell,ysindellnn@drupal.org
Garvy,Obray,gobrayno@go.com
Jordan,Blakey,jblakeynp@accuweather.com
Sherline,Patifield,spatifieldnq@instagram.com
Bat,Saladin,bsaladinnr@devhub.com
Caldwell,Stocken,cstockenns@odnoklassniki.ru
Desirae,Ferrier,dferriernt@archive.org
Rica,Pilger,rpilgernu@china.com.cn
Jayne,Learmonth,jlearmonthnv@typepad.com
Laurie,Willson,lwillsonnw@youtube.com
Clarinda,Gisburne,cgisburnenx@toplist.cz
Roland,Lynds,rlyndsny@baidu.com
Kareem,Hattiff,khattiffnz@creativecommons.org
Gwynne,Buttner,gbuttnero0@indiatimes.com
Eldridge,Bartocci,ebartoccio1@msu.edu
Nadean,Spilsbury,nspilsburyo2@mit.edu
Mel,Mackrill,mmackrillo3@wsj.com
Myrlene,Burburough,mburburougho4@tuttocitta.it
Skip,Tayt,stayto5@yahoo.com
Carleen,Briddock,cbriddocko6@theguardian.com
Karolina,Goulstone,kgoulstoneo7@elpais.com
Ashlee,Hegarty,ahegartyo8@lycos.com
Pepe,Alanbrooke,palanbrookeo9@arstechnica.com
Deirdre,Zanetto,dzanettooa@army.mil
Camala,Normavill,cnormavillob@altervista.org
Abey,Larway,alarwayoc@umn.edu
Arthur,Kelemen,akelemenod@auda.org.au
Marijo,Lambricht,mlambrichtoe@msu.edu
Ofella,Mugglestone,omugglestoneof@cornell.edu
Sena,Moston,smostonog@myspace.com
Abie,Labon,alabonoh@chicagotribune.com
Hersh,Gheeorghie,hgheeorghieoi@spotify.com
Jasun,Robbins,jrobbinsoj@usnews.com
Daren,Jaulmes,djaulmesok@youtu.be
Jon,Luna,jlunaol@examiner.com
Alfons,Geerits,ageeritsom@digg.com
Darryl,Wybern,dwybernon@webeden.co.uk
Garrard,Greenhalf,ggreenhalfoo@wisc.edu
Danita,Casemore,dcasemoreop@kickstarter.com
Bryon,Conradie,bconradieoq@scribd.com
Kathryn,Connock,kconnockor@vkontakte.ru
Matthaeus,Callan,mcallanos@smh.com.au
Kelly,Bernli,kbernliot@reverbnation.com
Ileane,Flett,iflettou@businessinsider.com
Chariot,Cremins,ccreminsov@theglobeandmail.com
Wilow,Hedin,whedinow@nsw.gov.au
Reuben,Donohoe,rdonohoeox@tripadvisor.com
Conrado,Jessett,cjessettoy@squidoo.com
Darill,Kochel,dkocheloz@sfgate.com
Hamil,Howells,hhowellsp0@cbsnews.com
Jessie,Dmiterko,jdmiterkop1@samsung.com
Christoper,Jindra,cjindrap2@census.gov
Lolita,Brann,lbrannp3@uol.com.br
Albina,Mannakee,amannakeep4@amazon.co.uk
Ninette,Katte,nkattep5@google.co.uk
Rene,Athersmith,rathersmithp6@nytimes.com
Derek,Wenn,dwennp7@multiply.com
Susi,Doel,sdoelp8@va.gov
Randene,Sharer,rsharerp9@xinhuanet.com
Gilligan,Freddi,gfreddipa@issuu.com
Mose,Locarno,mlocarnopb@baidu.com
Marlow,Gotter,mgotterpc@mashable.com
Wenona,Linneman,wlinnemanpd@parallels.com
Ruggiero,Fossick,rfossickpe@intel.com
Mateo,Sindle,msindlepf@upenn.edu
Halimeda,Goodlatt,hgoodlattpg@samsung.com
Wallie,Pipkin,wpipkinph@zdnet.com
Winna,MacFarland,wmacfarlandpi@ezinearticles.com
Marje,Lias,mliaspj@nature.com
Floris,Pardon,fpardonpk@theglobeandmail.com
Ferne,Killeen,fkilleenpl@theatlantic.com
Chancey,Prosch,cproschpm@amazon.de
Elset,MacTeggart,emacteggartpn@ycombinator.com
Meredeth,Nathon,mnathonpo@dion.ne.jp
Krystle,Soppitt,ksoppittpp@ifeng.com
Steffen,Keilty,skeiltypq@nationalgeographic.com
Latashia,Carmel,lcarmelpr@nsw.gov.au
Donn,Menauteau,dmenauteaups@jugem.jp
Bevon,Skipworth,bskipworthpt@skype.com
Angelico,Timmens,atimmenspu@nifty.com
Sianna,Spearing,sspearingpv@dot.gov
Benedikt,Cleminson,bcleminsonpw@vistaprint.com
Jilly,Towey,jtoweypx@senate.gov
Jaime,Ogglebie,jogglebiepy@yelp.com
Ambros,Snoxell,asnoxellpz@e-recht24.de
Tamma,Bartomeu,tbartomeuq0@sciencedaily.com
Say,Byles,sbylesq1@nytimes.com
Yasmin,Pumphrey,ypumphreyq2@xing.com
Loree,Cowser,lcowserq3@bluehost.com
Farah,Hender,fhenderq4@1und1.de
David,Huegett,dhuegettq5@reddit.com
Jorry,Meriet,jmerietq6@myspace.com
Neddy,Shave,nshaveq7@imageshack.us
Leif,Alliberton,lallibertonq8@soundcloud.com
Franny,Pruckner,fprucknerq9@sciencedaily.com
Dorella,MacKeague,dmackeagueqa@seattletimes.com
Caron,Easthope,ceasthopeqb@wikia.com
Benson,Gisby,bgisbyqc@dropbox.com
Holly,Dobrovolski,hdobrovolskiqd@is.gd
Allsun,Beddard,abeddardqe@timesonline.co.uk
Adelina,Rojahn,arojahnqf@msu.edu
Horatius,Durdy,hdurdyqg@pbs.org
Nolana,Verni,nverniqh@senate.gov
Burt,Bitchener,bbitchenerqi@google.cn
Katie,Argont,kargontqj@ovh.net
Colin,Lomath,clomathqk@soundcloud.com
Fairfax,Leall,fleallql@princeton.edu
Israel,Lummasana,ilummasanaqm@google.nl
Amerigo,Pavett,apavettqn@pcworld.com
Grace,Lefwich,glefwichqo@unesco.org
Franky,Diffley,fdiffleyqp@dedecms.com
Hallie,Josifovic,hjosifovicqq@prweb.com
Dasi,MacBrearty,dmacbreartyqr@dailymotion.com
Keir,Santo,ksantoqs@techcrunch.com
Willamina,Schultheiss,wschultheissqt@ifeng.com
Jena,Sloy,jsloyqu@arizona.edu
Bev,Sakins,bsakinsqv@google.cn
Kennith,Madders,kmaddersqw@uol.com.br
Serge,Lightbourn,slightbournqx@xrea.com
Gwyn,Doul,gdoulqy@home.pl
Domini,Revill,drevillqz@joomla.org
Cody,Cleugh,ccleughr0@thetimes.co.uk
Major,Ebanks,mebanksr1@patch.com
Dodie,Fend,dfendr2@intel.com
Waiter,McRae,wmcraer3@reuters.com
Lucy,Negal,lnegalr4@princeton.edu
Adrian,Banat,abanatr5@mashable.com
Leticia,Booth,lboothr6@gnu.org
Rodolphe,Le febre,rlefebrer7@state.gov
Hayyim,Orneblow,horneblowr8@simplemachines.org
Quintina,Pennrington,qpennringtonr9@free.fr
Sawyer,Hannaby,shannabyra@ameblo.jp
Rudolf,Drabble,rdrabblerb@java.com
Cyndia,Garlic,cgarlicrc@gov.uk
Desiree,Melross,dmelrossrd@paginegialle.it
Hinda,Iacomo,hiacomore@flickr.com
Leonelle,Hamlett,lhamlettrf@miitbeian.gov.cn
Jerrie,Reye,jreyerg@yale.edu
Gussy,Tregenza,gtregenzarh@ed.gov
Grata,Howsden,ghowsdenri@berkeley.edu
Stirling,Styant,sstyantrj@salon.com
Delila,Sambeck,dsambeckrk@adobe.com
Tatiania,Loalday,tloaldayrl@sohu.com
Jo,Busby,jbusbyrm@nasa.gov
Vera,Wabersinke,vwabersinkern@squidoo.com
Damian,Snalum,dsnalumro@woothemes.com
Joela,Aspinal,jaspinalrp@bbc.co.uk
Mercie,Turfin,mturfinrq@phoca.cz
Micah,Laffling,mlafflingrr@merriam-webster.com
