Hunt,Miebes,hmiebes0@theglobeandmail.com
Haley,Greenalf,hgreenalf1@vk.com
Rossie,Bouchard,rbouchard2@mapy.cz
Traci,Mongain,tmongain3@de.vu
Venus,Quilligan,vquilligan4@istockphoto.com
Camey,Moxon,cmoxon5@mlb.com
Maxy,Poizer,mpoizer6@auda.org.au
Hugo,Maykin,hmaykin7@stumbleupon.com
Allyn,Hayto,ahayto8@techcrunch.com
Raynor,Moody,rmoody9@yandex.ru
Bobinette,Lackie,blackiea@bravesites.com
Jenn,Bravey,jbraveyb@blogs.com
Carlin,Montacute,cmontacutec@deliciousdays.com
Eugen,Dudleston,edudlestond@is.gd
Philomena,Kubacki,pkubackie@discovery.com
Margot,Coppock.,mcoppockf@biblegateway.com
Rafaello,Hedgeley,rhedgeleyg@vk.com
Christie,Whiteford,cwhitefordh@va.gov
Page,Littleover,plittleoveri@ucoz.com
Rad,Clarkson,rclarksonj@hubpages.com
Lacey,Trench,ltrenchk@fda.gov
Nessi,Jirzik,njirzikl@ucoz.com
Fidela,Leban,flebanm@mozilla.org
Kenon,Cattemull,kcattemulln@amazon.com
Daffy,Pecha,dpechao@flavors.me
Happy,Tatlock,htatlockp@army.mil
Ardene,Luipold,aluipoldq@google.ru
Darlleen,Mathews,dmathewsr@multiply.com
Tamarah,Satteford,tsattefords@hubpages.com
Rena,Race,rracet@feedburner.com
Aubrey,Leigh,aleighu@gmpg.org
Gayler,Dryden,gdrydenv@yelp.com
Yelena,Mitchely,ymitchelyw@goo.gl
Everard,Gleadhell,egleadhellx@naver.com
Alyce,Cribbin,acribbiny@ask.com
Paxton,Eyckelbeck,peyckelbeckz@shutterfly.com
Abner,Hallam,ahallam10@comsenz.com
Adan,Sessions,asessions11@noaa.gov
Adolph,Berth,aberth12@umn.edu
Terrel,Dorricott,tdorricott13@forbes.com
Darn,Cattermole,dcattermole14@mozilla.com
Tish,McLenaghan,tmclenaghan15@unesco.org
Lon,Bride,lbride16@shutterfly.com
Robinet,Phizakarley,rphizakarley17@lulu.com
Syman,Goodall,sgoodall18@list-manage.com
Homerus,Lodemann,hlodemann19@dell.com
Raine,Rumbold,rrumbold1a@rakuten.co.jp
Katina,Borg-Bartolo,kborgbartolo1b@seesaa.net
Jerald,Monday,jmonday1c@netlog.com
Wyatt,McKall,wmckall1d@slideshare.net
Germaine,Goodchild,ggoodchild1e@ucoz.com
Karl,Chinnick,kchinnick1f@technorati.com
Mabel,Kimbling,mkimbling1g@telegraph.co.uk
Hestia,Edgerley,hedgerley1h@wsj.com
Darlleen,Goodlake,dgoodlake1i@xing.com
Cully,Haseley,chaseley1j@webeden.co.uk
Oralie,Billson,obillson1k@desdev.cn
Darren,Emmerson,demmerson1l@hibu.com
Davey,Alsford,dalsford1m@privacy.gov.au
Valentine,Simenon,vsimenon1n@sohu.com
Heidie,MacNeice,hmacneice1o@google.it
Oralia,Winchester,owinchester1p@shop-pro.jp
Gale,Medhurst,gmedhurst1q@salon.com
Niall,Munnery,nmunnery1r@prlog.org
Cele,Heaven,cheaven1s@digg.com
Edythe,Fearne,efearne1t@globo.com
Ilyse,Bleakley,ibleakley1u@so-net.ne.jp
Darsey,Stolworthy,dstolworthy1v@bizjournals.com
Kandace,Purple,kpurple1w@pagesperso-orange.fr
Moses,Adamsson,madamsson1x@meetup.com
Dunc,Varnes,dvarnes1y@elpais.com
Crystal,Reader,creader1z@tmall.com
Trina,Rajchert,trajchert20@mac.com
Petronella,Pittman,ppittman21@ft.com
Lacie,Minelli,lminelli22@guardian.co.uk
Arvy,Hidderley,ahidderley23@amazon.com
Vlad,Filipchikov,vfilipchikov24@plala.or.jp
Alard,MacAnulty,amacanulty25@g.co
Sylvia,Toderini,stoderini26@yale.edu
Neda,Beefon,nbeefon27@cafepress.com
Abrahan,Strivens,astrivens28@uol.com.br
Chancey,MacLardie,cmaclardie29@livejournal.com
Alene,Hew,ahew2a@bing.com
Geneva,Eveque,geveque2b@qq.com
Ericha,Challiss,echalliss2c@biblegateway.com
Perle,Errol,perrol2d@sfgate.com
Cherida,Baudinet,cbaudinet2e@ycombinator.com
Lucine,Napleton,lnapleton2f@msu.edu
Dal,Makepeace,dmakepeace2g@jalbum.net
Agneta,Klebes,aklebes2h@reddit.com
Beitris,Willerson,bwillerson2i@cyberchimps.com
Margot,MacKonochie,mmackonochie2j@joomla.org
Sammy,Breinlein,sbreinlein2k@nsw.gov.au
Sergio,Gilliard,sgilliard2l@istockphoto.com
Rosmunda,Farge,rfarge2m@amazon.co.jp
Zarah,Sturdgess,zsturdgess2n@homestead.com
Raimund,Behning,rbehning2o@dmoz.org
Ethe,Bowe,ebowe2p@nbcnews.com
Zondra,Aries,zaries2q@comcast.net
Brietta,Blucher,bblucher2r@furl.net
Fowler,Trazzi,ftrazzi2s@histats.com
Velma,Tyce,vtyce2t@shop-pro.jp
Aeriel,Feehily,afeehily2u@miitbeian.gov.cn
Farley,Nutbean,fnutbean2v@google.fr
Jasmin,Ashling,jashling2w@mtv.com
Ly,Mingasson,lmingasson2x@ovh.net
Sharity,Dubique,sdubique2y@theatlantic.com
Jeffrey,Belchem,jbelchem2z@japanpost.jp
Renaldo,Eltune,reltune30@fotki.com
Yevette,McColl,ymccoll31@webeden.co.uk
Chad,Kaufman,ckaufman32@diigo.com
Novelia,Harmes,nharmes33@google.es
Sisile,Davidzon,sdavidzon34@behance.net
Auberta,Gossage,agossage35@cam.ac.uk
Emmalynn,Camis,ecamis36@cocolog-nifty.com
Tabor,Hearn,thearn37@hubpages.com
Robinia,Whitton,rwhitton38@unc.edu
Caresa,Masser,cmasser39@liveinternet.ru
Annamaria,Oxe,aoxe3a@blogtalkradio.com
Riley,Bartkowiak,rbartkowiak3b@google.nl
Hal,Franciotti,hfranciotti3c@virginia.edu
Slade,Thomlinson,sthomlinson3d@nasa.gov
Brear,Locock,blocock3e@ifeng.com
Alix,Whittock,awhittock3f@ustream.tv
Tommy,Escala,tescala3g@pagesperso-orange.fr
Dulcia,Hemphrey,dhemphrey3h@go.com
Sally,Elphick,selphick3i@dropbox.com
Curtis,Vassano,cvassano3j@bravesites.com
Jeannie,Stellman,jstellman3k@scribd.com
Cecily,Sanpere,csanpere3l@redcross.org
Jay,Fardy,jfardy3m@examiner.com
Averyl,Hoyle,ahoyle3n@wikimedia.org
Korella,Signore,ksignore3o@intel.com
Birk,Humphrey,bhumphrey3p@comsenz.com
Ingram,Lownie,ilownie3q@gravatar.com
Hadley,Maunders,hmaunders3r@unc.edu
Cherrita,Christofol,cchristofol3s@home.pl
Aviva,Ducarne,aducarne3t@e-recht24.de
Yevette,McAllen,ymcallen3u@cocolog-nifty.com
Sandye,Thurby,sthurby3v@freewebs.com
Sylvia,Cromar,scromar3w@yolasite.com
Melinda,Gleader,mgleader3x@ftc.gov
Tawnya,Beauman,tbeauman3y@google.it
Alisha,Clearie,aclearie3z@yellowpages.com
Kaleena,Bockmaster,kbockmaster40@nasa.gov
Catherin,Crosser,ccrosser41@pen.io
Dante,Ogelbe,dogelbe42@ed.gov
Tiffani,Hallgarth,thallgarth43@wiley.com
Avigdor,Duding,aduding44@google.it
Krissie,MacAlinden,kmacalinden45@twitter.com
Dmitri,Bubb,dbubb46@google.ru
Fairlie,Broadfoot,fbroadfoot47@biglobe.ne.jp
Giraldo,Mills,gmills48@dropbox.com
Avigdor,Godber,agodber49@wikispaces.com
Karie,World,kworld4a@elpais.com
Gretel,Szymczyk,gszymczyk4b@photobucket.com
Chevy,Lamswood,clamswood4c@ucla.edu
Wakefield,Mathers,wmathers4d@who.int
Elianora,Megainey,emegainey4e@stanford.edu
Morissa,Anglin,manglin4f@nih.gov
Marla,McClaurie,mmcclaurie4g@imgur.com
Dyanne,Lambden,dlambden4h@goo.ne.jp
Debbi,Kabisch,dkabisch4i@soup.io
Raquela,Krystek,rkrystek4j@berkeley.edu
Elia,Witling,ewitling4k@hugedomains.com
Berna,Pepis,bpepis4l@nhs.uk
Nero,Smogur,nsmogur4m@who.int
Tiffie,Thumim,tthumim4n@prweb.com
Vi,Hazelhurst,vhazelhurst4o@dot.gov
Geralda,Fedorchenko,gfedorchenko4p@nifty.com
Dolorita,Enric,denric4q@va.gov
Janeta,Zaczek,jzaczek4r@ask.com
Jessalin,Cloney,jcloney4s@businesswire.com
Clarisse,Snailham,csnailham4t@aboutads.info
Dill,Cavnor,dcavnor4u@meetup.com
Jodi,Kerins,jkerins4v@hhs.gov
Kasey,Wimmers,kwimmers4w@taobao.com
Nadya,Mougenel,nmougenel4x@freewebs.com
Valery,Rigden,vrigden4y@census.gov
Vanna,Woodruffe,vwoodruffe4z@cargocollective.com
Colin,Calbaithe,ccalbaithe50@geocities.jp
Freemon,Churcher,fchurcher51@amazon.co.uk
Roarke,Pennock,rpennock52@tinyurl.com
Joey,Glossup,jglossup53@wikimedia.org
Hale,Powdrell,hpowdrell54@java.com
Alfy,Ruggles,aruggles55@cafepress.com
Maxie,Yuryev,myuryev56@bbc.co.uk
Gaile,Baptista,gbaptista57@google.ru
Karel,Whiterod,kwhiterod58@cbc.ca
Teressa,Tenniswood,ttenniswood59@statcounter.com
Ingrid,Jerman,ijerman5a@umn.edu
Addy,Lemm,alemm5b@parallels.com
Elisabeth,Ellen,eellen5c@aboutads.info
Marena,Townes,mtownes5d@cocolog-nifty.com
Abram,Moulson,amoulson5e@oracle.com
Jephthah,Thorsen,jthorsen5f@fema.gov
Sigismundo,Wilmott,swilmott5g@ning.com
Freddie,Petche,fpetche5h@state.gov
Dayna,Largen,dlargen5i@virginia.edu
Brook,Ludewig,bludewig5j@elegantthemes.com
Iormina,Shavel,ishavel5k@seattletimes.com
Rosalia,Gamell,rgamell5l@ucla.edu
Minta,Kollatsch,mkollatsch5m@amazon.co.uk
Moira,Norris,mnorris5n@cnbc.com
Cele,Whyatt,cwhyatt5o@multiply.com
Briant,Benham,bbenham5p@amazon.com
Harry,Doulton,hdoulton5q@bloglines.com
Sonia,Hoyle,shoyle5r@thetimes.co.uk
Gerrilee,Brambill,gbrambill5s@godaddy.com
Honor,Pechet,hpechet5t@uol.com.br
Pearl,Parrott,pparrott5u@dion.ne.jp
Kellby,Pocknell,kpocknell5v@google.com.hk
Borden,Cocks,bcocks5w@who.int
Brien,Henrichs,bhenrichs5x@instagram.com
Dacey,Lysons,dlysons5y@ask.com
Roshelle,Brimble,rbrimble5z@symantec.com
Cullan,Weymont,cweymont60@adobe.com
Walton,Costellow,wcostellow61@prlog.org
Kennie,Hyslop,khyslop62@de.vu
Faustina,Winston,fwinston63@webeden.co.uk
Jolene,Gravie,jgravie64@newsvine.com
Winn,Crilley,wcrilley65@xrea.com
Marcella,Janecki,mjanecki66@nydailynews.com
Fabio,Larroway,flarroway67@examiner.com
Leonore,Benza,lbenza68@list-manage.com
Leshia,Crombie,lcrombie69@amazon.co.uk
Ardene,Breton,abreton6a@virginia.edu
Erie,Asprey,easprey6b@quantcast.com
Lacy,Benois,lbenois6c@list-manage.com
Trey,Swanborrow,tswanborrow6d@mashable.com
Dru,Calverd,dcalverd6e@princeton.edu
Isadore,Golby,igolby6f@fda.gov
Cart,Gwinnell,cgwinnell6g@google.com.br
Dedie,Letessier,dletessier6h@nydailynews.com
Aggy,Altham,aaltham6i@hud.gov
Addie,Lammertz,alammertz6j@liveinternet.ru
Myca,Hamsley,mhamsley6k@exblog.jp
Gloriane,Schollick,gschollick6l@qq.com
Janos,Verchambre,jverchambre6m@independent.co.uk
Lane,Phillp,lphillp6n@bandcamp.com
Filide,Sheed,fsheed6o@samsung.com
Lanie,Bilbee,lbilbee6p@about.me
Jethro,Doick,jdoick6q@creativecommons.org
Suki,Hake,shake6r@sina.com.cn
Berta,Tuson,btuson6s@washingtonpost.com
Rory,MacClinton,rmacclinton6t@sciencedirect.com
Malchy,Strettell,mstrettell6u@webeden.co.uk
Alyosha,Pendrick,apendrick6v@elegantthemes.com
Nat,Denley,ndenley6w@blinklist.com
Louisa,Popescu,lpopescu6x@newyorker.com
Tiena,Hare,thare6y@scientificamerican.com
Cherin,MacCoveney,cmaccoveney6z@guardian.co.uk
Edlin,McCoid,emccoid70@auda.org.au
Shirl,Pressman,spressman71@fda.gov
Leslie,Regis,lregis72@earthlink.net
Elset,Faulkes,efaulkes73@msu.edu
Charmine,Garrould,cgarrould74@macromedia.com
Cam,Cockill,ccockill75@yahoo.com
Paloma,Dredge,pdredge76@dedecms.com
Farah,Atkirk,fatkirk77@symantec.com
Shayne,Skaife d'Ingerthorpe,sskaifedingerthorpe78@booking.com
Rik,Slamaker,rslamaker79@tripod.com
Krishnah,Adair,kadair7a@imageshack.us
Cymbre,MacGebenay,cmacgebenay7b@newyorker.com
Lynnet,Clowes,lclowes7c@accuweather.com
Munroe,Holde,mholde7d@arstechnica.com
Tiena,Jaycock,tjaycock7e@dedecms.com
Stewart,Maes,smaes7f@cam.ac.uk
Kailey,Hubbocks,khubbocks7g@archive.org
Madelyn,Aubin,maubin7h@squarespace.com
Freeland,Binnall,fbinnall7i@ucoz.com
Nehemiah,Inggall,ninggall7j@ucsd.edu
Mycah,Pynner,mpynner7k@tuttocitta.it
Theodosia,Cruikshank,tcruikshank7l@loc.gov
Brina,Maccaddie,bmaccaddie7m@abc.net.au
Mallissa,Ander,mander7n@digg.com
Marion,Carratt,mcarratt7o@bigcartel.com
Ewell,Hoffmann,ehoffmann7p@businessweek.com
Gilbert,Kite,gkite7q@indiatimes.com
Karel,Kroin,kkroin7r@deviantart.com
Kristina,Laphorn,klaphorn7s@psu.edu
Laughton,Wrightim,lwrightim7t@walmart.com
Alair,Bertlin,abertlin7u@mtv.com
Mervin,McKibbin,mmckibbin7v@g.co
Sunshine,Barter,sbarter7w@bluehost.com
Riordan,Baltzar,rbaltzar7x@elpais.com
Fania,Checklin,fchecklin7y@devhub.com
Jecho,Harty,jharty7z@istockphoto.com
Lee,Fassmann,lfassmann80@themeforest.net
Guss,Casserly,gcasserly81@state.gov
Wes,Loadsman,wloadsman82@hao123.com
Lusa,Gallamore,lgallamore83@nasa.gov
Hakeem,Jina,hjina84@ameblo.jp
Jackie,Reiglar,jreiglar85@stanford.edu
Shawnee,Sinnock,ssinnock86@oaic.gov.au
Denys,Baptist,dbaptist87@statcounter.com
Bondie,Shave,bshave88@theglobeandmail.com
Renata,Cuardall,rcuardall89@ibm.com
Lexis,Rizzello,lrizzello8a@xinhuanet.com
Isidora,Sheldon,isheldon8b@usgs.gov
Lionel,Goly,lgoly8c@github.io
Isobel,Ivanisov,iivanisov8d@businessinsider.com
Elinore,Shelford,eshelford8e@elpais.com
Fabien,Plaxton,fplaxton8f@nationalgeographic.com
Baryram,Blakemore,bblakemore8g@icio.us
Daisy,Bavidge,dbavidge8h@google.co.jp
Reggy,Lamport,rlamport8i@webnode.com
Fedora,Hovee,fhovee8j@deviantart.com
Carleen,Beane,cbeane8k@eventbrite.com
Bryant,Depper,bdepper8l@rambler.ru
Cesya,Bellham,cbellham8m@fema.gov
Willie,Harrinson,wharrinson8n@washington.edu
Franzen,Escudier,fescudier8o@ezinearticles.com
Iormina,Motion,imotion8p@soundcloud.com
Hakim,Runsey,hrunsey8q@merriam-webster.com
Lillian,Lafranconi,llafranconi8r@samsung.com
Melony,McLucky,mmclucky8s@reuters.com
Allayne,Rae,arae8t@weather.com
Dominik,Dowthwaite,ddowthwaite8u@kickstarter.com
Dayna,Costy,dcosty8v@nifty.com
Josiah,Scaice,jscaice8w@usatoday.com
Charles,Brugman,cbrugman8x@earthlink.net
Henrie,Dangl,hdangl8y@w3.org
Devy,Mattielli,dmattielli8z@bing.com
Merrili,Cappleman,mcappleman90@dyndns.org
Jesse,Feetham,jfeetham91@shutterfly.com
Tierney,Hugland,thugland92@sohu.com
Remy,Lorenzetto,rlorenzetto93@oracle.com
Elie,Maryet,emaryet94@ucsd.edu
Casey,Hamstead,chamstead95@symantec.com
Ceil,Krugmann,ckrugmann96@storify.com
Orly,Sall,osall97@icio.us
Mallory,Grono,mgrono98@arizona.edu
Laurianne,Earsman,learsman99@mysql.com
Tomasine,Kelk,tkelk9a@wufoo.com
Elli,Cuncarr,ecuncarr9b@archive.org
Maggi,Ida,mida9c@mozilla.org
Abeu,Perel,aperel9d@ebay.com
Hugo,Mival,hmival9e@scribd.com
Matilde,Taffee,mtaffee9f@bbc.co.uk
Lulu,Ciementini,lciementini9g@google.cn
Celene,Derks,cderks9h@prweb.com
Rogers,Moizer,rmoizer9i@bravesites.com
Shaylyn,Tipple,stipple9j@wp.com
Etta,McMorran,emcmorran9k@storify.com
Claire,Sinderland,csinderland9l@forbes.com
Lucie,Spollen,lspollen9m@ihg.com
Janith,Malyon,jmalyon9n@dion.ne.jp
Mellicent,Traice,mtraice9o@time.com
Gretta,Polamontayne,gpolamontayne9p@facebook.com
Parke,Schwieso,pschwieso9q@cbc.ca
Kendrick,Datte,kdatte9r@g.co
Danna,Ferens,dferens9s@xrea.com
Timothy,Puckrin,tpuckrin9t@goo.ne.jp
Vladimir,Duke,vduke9u@uol.com.br
Perry,Fredi,pfredi9v@senate.gov
Dilan,Grason,dgrason9w@dot.gov
Desmond,Saunt,dsaunt9x@ask.com
Fabian,Niset,fniset9y@wp.com
Cathrine,McKinney,cmckinney9z@theguardian.com
Catherina,Stoneham,cstonehama0@ftc.gov
Frederique,Nelles,fnellesa1@homestead.com
Mariann,Dmitrichenko,mdmitrichenkoa2@photobucket.com
Royall,Christol,rchristola3@fc2.com
Sandy,Guice,sguicea4@sina.com.cn
Napoleon,Cicculi,ncicculia5@yale.edu
Pippo,Bowman,pbowmana6@nationalgeographic.com
Felisha,Yon,fyona7@comsenz.com
Kori,Wyke,kwykea8@ucla.edu
Jodie,Miguel,jmiguela9@spiegel.de
Rickie,Ducket,rducketaa@xinhuanet.com
Brandyn,Eales,bealesab@shinystat.com
Sanderson,Cejka,scejkaac@forbes.com
Merrilee,Di Baudi,mdibaudiad@bravesites.com
Peta,Dufour,pdufourae@goo.ne.jp
Tomaso,Rigeby,trigebyaf@imageshack.us
Gabriella,Kill,gkillag@fotki.com
Egon,Fort,efortah@mashable.com
Elspeth,Brisse,ebrisseai@ustream.tv
Merla,Gane,mganeaj@mayoclinic.com
Odelle,Kubek,okubekak@state.tx.us
Una,Gluyus,ugluyusal@1und1.de
Diana,Darton,ddartonam@google.co.uk
Purcell,Swanbourne,pswanbournean@ifeng.com
Port,Serfati,pserfatiao@apple.com
Cassie,Ganderton,cgandertonap@ucoz.ru
Johann,Scamal,jscamalaq@walmart.com
Lisette,Duplan,lduplanar@bing.com
Kareem,Devorill,kdevorillas@livejournal.com
Jorgan,Kensitt,jkensittat@wisc.edu
Bobbee,Maleck,bmaleckau@nih.gov
Torr,Najara,tnajaraav@google.ca
Eduino,Biddiss,ebiddissaw@unblog.fr
Silvio,Adolthine,sadolthineax@samsung.com
Teodorico,Padell,tpadellay@dailymotion.com
Coralyn,Spurman,cspurmanaz@nbcnews.com
Melisenda,Tawse,mtawseb0@cdc.gov
Hurleigh,Ratley,hratleyb1@altervista.org
Griswold,Heyns,gheynsb2@senate.gov
Chet,Hutten,chuttenb3@comcast.net
Carol-jean,Gaymar,cgaymarb4@sciencedirect.com
Caren,Silcocks,csilcocksb5@facebook.com
Biron,Girardengo,bgirardengob6@i2i.jp
Jessie,Troubridge,jtroubridgeb7@reuters.com
Krystle,Courtes,kcourtesb8@opensource.org
Bram,Walley,bwalleyb9@ed.gov
Ilsa,Minette,iminetteba@dailymail.co.uk
Sari,Boughtwood,sboughtwoodbb@wikimedia.org
Zabrina,Otteridge,zotteridgebc@ucla.edu
Jeffy,Costi,jcostibd@cnet.com
Gratiana,Shedd,gsheddbe@macromedia.com
Roman,Bollis,rbollisbf@sakura.ne.jp
Kirby,Shoebottom,kshoebottombg@yale.edu
Sibbie,Blakemore,sblakemorebh@constantcontact.com
Nydia,Huxton,nhuxtonbi@house.gov
Bunni,Mandy,bmandybj@businessweek.com
Dasha,Paulack,dpaulackbk@cnbc.com
Tillie,Giacometti,tgiacomettibl@newyorker.com
Lulu,Sothcott,lsothcottbm@yellowbook.com
Lizbeth,Bleasdille,lbleasdillebn@eepurl.com
Dedie,Dyzart,ddyzartbo@so-net.ne.jp
Ernst,Cockhill,ecockhillbp@angelfire.com
Annabell,Kiehl,akiehlbq@aboutads.info
Alica,Vivyan,avivyanbr@odnoklassniki.ru
Vicki,Feldberg,vfeldbergbs@shinystat.com
Viola,Tremethack,vtremethackbt@mayoclinic.com
Lura,Kays,lkaysbu@360.cn
Gratia,Whitford,gwhitfordbv@miibeian.gov.cn
Miguel,Rands,mrandsbw@list-manage.com
Ban,Temple,btemplebx@phoca.cz
Alexandrina,Kays,akaysby@bloglines.com
Rutger,Doyle,rdoylebz@opensource.org
Abbye,Portch,aportchc0@constantcontact.com
Ezmeralda,Trobey,etrobeyc1@intel.com
Dirk,Crowcombe,dcrowcombec2@sohu.com
Sayre,Amburgy,samburgyc3@buzzfeed.com
Mariele,Spall,mspallc4@answers.com
Elnore,Cholmondeley,echolmondeleyc5@macromedia.com
Morty,McMurthy,mmcmurthyc6@furl.net
Nara,Goodwin,ngoodwinc7@facebook.com
Cherice,Illsley,cillsleyc8@mapy.cz
Verena,Songhurst,vsonghurstc9@tripod.com
Robby,Absalom,rabsalomca@acquirethisname.com
Thor,Stiff,tstiffcb@cnbc.com
Ambrosi,Ansteys,aansteyscc@ihg.com
Horst,Wison,hwisoncd@globo.com
Pavlov,Crandon,pcrandonce@shinystat.com
Adelheid,Fuzzens,afuzzenscf@blogger.com
Reagan,Blakemore,rblakemorecg@rediff.com
Meredith,Claus,mclausch@virginia.edu
Alessandra,Pagelsen,apagelsenci@digg.com
Darlleen,Bevir,dbevircj@nymag.com
Mariann,Kearsley,mkearsleyck@com.com
Patience,Jumonet,pjumonetcl@constantcontact.com
Ike,Shelmardine,ishelmardinecm@123-reg.co.uk
Vania,Bratch,vbratchcn@biglobe.ne.jp
Harper,Holwell,hholwellco@businesswire.com
Eduino,Foulgham,efoulghamcp@amazon.com
Alfredo,Geibel,ageibelcq@patch.com
Lockwood,Kitcat,lkitcatcr@ed.gov
Brucie,Crick,bcrickcs@unblog.fr
Caprice,Fetters,cfettersct@github.io
Letitia,Iley,lileycu@altervista.org
Thebault,Pallant,tpallantcv@ca.gov
Alexis,Dorbin,adorbincw@aboutads.info
Alejandra,McNee,amcneecx@webmd.com
Rodger,Yashanov,ryashanovcy@sphinn.com
Chip,Penvarden,cpenvardencz@mail.ru
Analise,Cassells,acassellsd0@amazon.co.jp
Teddi,Shimony,tshimonyd1@netvibes.com
Joline,Moran,jmorand2@com.com
Hedi,Peasegod,hpeasegodd3@netlog.com
Mateo,Buddington,mbuddingtond4@wunderground.com
Engracia,Bulleyn,ebulleynd5@flavors.me
Erhart,Tarbett,etarbettd6@paypal.com
Crystal,Bonnell,cbonnelld7@sciencedirect.com
Norry,Kayes,nkayesd8@yellowpages.com
Parrnell,Lodin,plodind9@gravatar.com
Herman,Tann,htannda@hubpages.com
Zerk,Toffalo,ztoffalodb@youtube.com
Maressa,Pitfield,mpitfielddc@reddit.com
Charley,Cadogan,ccadogandd@cdbaby.com
Palm,Zanicchelli,pzanicchellide@yellowbook.com
Patricia,Kendrick,pkendrickdf@cdc.gov
Sherlocke,Anthoin,santhoindg@chron.com
Arleyne,Sharrard,asharrarddh@businesswire.com
Noellyn,Lowis,nlowisdi@furl.net
Ynez,Dugall,ydugalldj@ezinearticles.com
Adrea,Roggieri,aroggieridk@naver.com
Murielle,Loomis,mloomisdl@instagram.com
El,Turneaux,eturneauxdm@google.ru
Jacinta,Sultana,jsultanadn@whitehouse.gov
Nickey,Mochar,nmochardo@yellowpages.com
Selie,Clemont,sclemontdp@nationalgeographic.com
Quincy,Wellesley,qwellesleydq@rakuten.co.jp
Simon,Bohlens,sbohlensdr@altervista.org
Eartha,Fairebrother,efairebrotherds@bluehost.com
Byran,Haddy,bhaddydt@cmu.edu
Frederico,Catonne,fcatonnedu@booking.com
Barbabra,Dufoure,bdufouredv@ifeng.com
Tiffi,Selborne,tselbornedw@prweb.com
Kip,Maidstone,kmaidstonedx@newsvine.com
Drusilla,Aldcorne,daldcornedy@surveymonkey.com
Gabbie,Adnams,gadnamsdz@edublogs.org
Robb,Trevaskus,rtrevaskuse0@comsenz.com
Giacopo,Moryson,gmorysone1@people.com.cn
Penn,Drakers,pdrakerse2@ca.gov
Tiffani,Kidson,tkidsone3@salon.com
Brander,Flook,bflooke4@qq.com
Renaldo,Vasenkov,rvasenkove5@alexa.com
Maisey,Liggons,mliggonse6@toplist.cz
Gawain,Harhoff,gharhoffe7@dailymotion.com
Petunia,Copeland,pcopelande8@usnews.com
Iorgo,Lintott,ilintotte9@moonfruit.com
Cristy,Pebworth,cpebworthea@studiopress.com
Kaitlyn,Bard,kbardeb@t-online.de
Kit,Sinnie,ksinnieec@army.mil
Thedrick,Bettles,tbettlesed@livejournal.com
Elene,Cattonnet,ecattonnetee@nps.gov
Marji,Tudhope,mtudhopeef@scribd.com
Genia,Challin,gchallineg@mac.com
Reginauld,Copp,rcoppeh@tamu.edu
Suzy,Oels,soelsei@fotki.com
Kamilah,Masterton,kmastertonej@tiny.cc
Dido,Reiner,dreinerek@homestead.com
Raf,Harvey,rharveyel@acquirethisname.com
Mara,Marr,mmarrem@google.co.uk
Georgianna,Poznan,gpoznanen@yahoo.co.jp
Marline,Danby,mdanbyeo@bing.com
Heloise,Le Marquand,hlemarquandep@sohu.com
Becki,Clifford,bcliffordeq@live.com
Esme,Oby,eobyer@1und1.de
Collen,Ceney,cceneyes@wix.com
Denver,Rudolf,drudolfet@mapy.cz
Emmott,Dunlap,edunlapeu@icq.com
Berke,Whettleton,bwhettletonev@usnews.com
Dalston,Watsham,dwatshamew@ebay.com
Jewell,Sachno,jsachnoex@slideshare.net
Demetrius,Broadist,dbroadistey@indiatimes.com
Carolynn,Golby,cgolbyez@hubpages.com
Corrina,Godman,cgodmanf0@va.gov
Opalina,Faldo,ofaldof1@netlog.com
Wakefield,Pixton,wpixtonf2@google.com.br
Harry,Greeno,hgreenof3@ehow.com
Dalia,Abramin,dabraminf4@who.int
Randy,Hinkins,rhinkinsf5@wikipedia.org
Dougy,Rocca,droccaf6@oaic.gov.au
Mavra,Meldrum,mmeldrumf7@yellowpages.com
Hermon,Ganny,hgannyf8@gnu.org
Ann,Weldrake,aweldrakef9@ibm.com
Merilee,Sellick,msellickfa@zimbio.com
Leonie,Karus,lkarusfb@ameblo.jp
Saunders,Reddlesden,sreddlesdenfc@squarespace.com
Norene,Knowles,nknowlesfd@prlog.org
Deborah,Neilus,dneilusfe@answers.com
Garald,Spillard,gspillardff@shop-pro.jp
Heath,Bernardt,hbernardtfg@mit.edu
Catherine,Calrow,ccalrowfh@artisteer.com
Jermaine,Linay,jlinayfi@ustream.tv
Camilla,Shelliday,cshellidayfj@360.cn
Gawain,Sellwood,gsellwoodfk@economist.com
Brenn,La Torre,blatorrefl@tripod.com
Karil,Francescozzi,kfrancescozzifm@slate.com
Miltie,Gueinn,mgueinnfn@google.ru
Jenica,Adkin,jadkinfo@feedburner.com
Benyamin,Grandin,bgrandinfp@storify.com
Bridie,Graber,bgraberfq@prnewswire.com
Prissie,Blackater,pblackaterfr@state.gov
Carma,Knighton,cknightonfs@mail.ru
Ellie,Horsey,ehorseyft@nbcnews.com
Vail,Pol,vpolfu@issuu.com
Rodd,Couzens,rcouzensfv@reverbnation.com
Othella,Measom,omeasomfw@fc2.com
Duncan,Habeshaw,dhabeshawfx@buzzfeed.com
Garey,Marfield,gmarfieldfy@amazon.co.uk
Salim,Rossetti,srossettifz@loc.gov
Arlee,Harrington,aharringtong0@reverbnation.com
Stern,Stent,sstentg1@ifeng.com
Rees,Lumox,rlumoxg2@google.de
Lamar,Vicarey,lvicareyg3@so-net.ne.jp
Dannel,Dewett,ddewettg4@t.co
Kendra,Jee,kjeeg5@qq.com
Jamal,McCook,jmccookg6@geocities.jp
Clayborne,Stoak,cstoakg7@vimeo.com
Cassandra,Orvis,corvisg8@abc.net.au
Delmore,Hallitt,dhallittg9@imageshack.us
Gianina,Rudall,grudallga@indiatimes.com
Thea,Sandyfirth,tsandyfirthgb@bloomberg.com
Eric,Spofford,espoffordgc@linkedin.com
Gwyn,Swyre,gswyregd@berkeley.edu
Pepita,Grazier,pgrazierge@bigcartel.com
Alonzo,Stockman,astockmangf@google.co.jp
Che,Glasscoo,cglasscoogg@admin.ch
Kizzee,Peffer,kpeffergh@alexa.com
Maryjane,Streatfeild,mstreatfeildgi@bandcamp.com
Shep,Kettlestring,skettlestringgj@cloudflare.com
Berne,Scullard,bscullardgk@vimeo.com
Joellyn,Hablot,jhablotgl@scientificamerican.com
Ursola,Verner,uvernergm@harvard.edu
Isadore,Schonfeld,ischonfeldgn@csmonitor.com
Suzie,Camilletti,scamillettigo@spiegel.de
Francene,Sandercroft,fsandercroftgp@ocn.ne.jp
Douglas,Lossman,dlossmangq@mysql.com
Paddie,Rentenbeck,prentenbeckgr@imdb.com
Glynis,Meller,gmellergs@indiatimes.com
Raphaela,Scones,rsconesgt@cbsnews.com
Ethelyn,Grunwall,egrunwallgu@wisc.edu
Chandra,Guswell,cguswellgv@un.org
Thomasina,Whannel,twhannelgw@vimeo.com
Venus,Mulran,vmulrangx@google.com
Lovell,Venneur,lvenneurgy@oaic.gov.au
Malvin,Sinisbury,msinisburygz@seesaa.net
Reinold,Sinton,rsintonh0@uiuc.edu
Giovanni,Mackie,gmackieh1@example.com
Amabelle,Arthurs,aarthursh2@google.nl
Fabiano,Siverns,fsivernsh3@pcworld.com
Charmian,O'Scollee,coscolleeh4@netlog.com
Bancroft,Headingham,bheadinghamh5@wikimedia.org
Maurits,Favel,mfavelh6@globo.com
Annecorinne,Posen,aposenh7@people.com.cn
Pasquale,Carrier,pcarrierh8@thetimes.co.uk
Haskel,Hallwell,hhallwellh9@who.int
Gale,Caisley,gcaisleyha@newyorker.com
Edgard,Burgiss,eburgisshb@opera.com
Herminia,Samples,hsampleshc@163.com
Hestia,Doughtery,hdoughteryhd@desdev.cn
Gerti,Jakubovitch,gjakubovitchhe@intel.com
Inigo,Flahive,iflahivehf@wikipedia.org
Marge,Vize,mvizehg@upenn.edu
Cecelia,Kellock,ckellockhh@wp.com
Allianora,Peaple,apeaplehi@patch.com
Richart,Bedborough,rbedboroughhj@alexa.com
Fabien,Torbett,ftorbetthk@cargocollective.com
Wallis,Brind,wbrindhl@blog.com
Matti,Beek,mbeekhm@google.com.hk
Quintin,Benko,qbenkohn@plala.or.jp
Lyndel,Kelle,lkelleho@1und1.de
Winona,Eastwell,weastwellhp@google.es
Alexina,Widocks,awidockshq@xrea.com
Wilona,Sleath,wsleathhr@newyorker.com
Cullie,Nel,cnelhs@vkontakte.ru
Allison,Humber,ahumberht@huffingtonpost.com
Cecilia,O'Griffin,cogriffinhu@berkeley.edu
Drusilla,Shimwall,dshimwallhv@domainmarket.com
Therine,Janicijevic,tjanicijevichw@cbslocal.com
Bernardo,Cornil,bcornilhx@si.edu
Ilysa,Sarjeant,isarjeanthy@rakuten.co.jp
Sheila-kathryn,McGrae,smcgraehz@soup.io
Aldridge,Junkison,ajunkisoni0@posterous.com
Adlai,Herety,aheretyi1@dot.gov
Dasi,Peterffy,dpeterffyi2@yolasite.com
Verine,Rouby,vroubyi3@1688.com
Mehetabel,Harse,mharsei4@biblegateway.com
Guthrey,Hanna,ghannai5@lycos.com
Victor,Slaght,vslaghti6@sciencedirect.com
Lizbeth,Blakeney,lblakeneyi7@mtv.com
Travus,Chittie,tchittiei8@ucla.edu
Aundrea,Revance,arevancei9@hugedomains.com
Mill,O'Duggan,moduggania@google.pl
Aviva,Shear,ashearib@weibo.com
Vlad,Rowler,vrowleric@about.me
Carmella,Whichelow,cwhichelowid@google.co.jp
Waldemar,Cayet,wcayetie@blogs.com
Farrand,Vautin,fvautinif@myspace.com
Keven,Spawell,kspawellig@skype.com
Pru,Sloam,psloamih@omniture.com
Lauri,MacKall,lmackallii@cmu.edu
Ring,Sidgwick,rsidgwickij@parallels.com
Clark,Ransom,cransomik@hugedomains.com
Peterus,Richardes,prichardesil@army.mil
Gwenni,Phillins,gphillinsim@disqus.com
Addia,Hove,ahovein@mtv.com
Fredi,Autie,fautieio@indiatimes.com
Bryna,Melton,bmeltonip@yahoo.com
Marcelline,Bampkin,mbampkiniq@boston.com
Marve,Baggiani,mbaggianiir@narod.ru
Howard,Maher,hmaheris@mozilla.com
Drusilla,Christiensen,dchristiensenit@bbc.co.uk
Chrysa,Petow,cpetowiu@sitemeter.com
Galven,Munning,gmunningiv@lulu.com
Penni,Hunnable,phunnableiw@hp.com
Joceline,Curran,jcurranix@xinhuanet.com
Paige,Bedham,pbedhamiy@ehow.com
Hewe,Rockcliff,hrockcliffiz@washingtonpost.com
Anabelle,Van Leeuwen,avanleeuwenj0@reuters.com
Abbi,Beautyman,abeautymanj1@bloglovin.com
Leonard,Elloy,lelloyj2@cornell.edu
Melamie,Sanchiz,msanchizj3@twitpic.com
Elayne,Gallear,egallearj4@twitpic.com
Darryl,Miettinen,dmiettinenj5@wsj.com
Mufinella,Snarie,msnariej6@goo.gl
Alayne,Fetherston,afetherstonj7@homestead.com
Jacquie,Marchiso,jmarchisoj8@multiply.com
Cortney,Dunham,cdunhamj9@mysql.com
Prudi,Onge,pongeja@tamu.edu
Kevin,Caccavale,kcaccavalejb@phoca.cz
Amandy,De Morena,ademorenajc@seattletimes.com
Gordy,O'Cullen,gocullenjd@pcworld.com
Becca,Koppens,bkoppensje@wikia.com
Aggi,Jodlowski,ajodlowskijf@i2i.jp
Toni,Womack,twomackjg@shareasale.com
Bradley,McGaugan,bmcgauganjh@techcrunch.com
Clemens,Gonnely,cgonnelyji@fotki.com
Jolee,Blease,jbleasejj@sakura.ne.jp
Viola,Overington,voveringtonjk@java.com
Rasla,Zanre,rzanrejl@e-recht24.de
Nani,Bassick,nbassickjm@wunderground.com
Brigg,Beringer,bberingerjn@scribd.com
Meredith,Comley,mcomleyjo@parallels.com
Gordie,Nobes,gnobesjp@edublogs.org
Quint,Porch,qporchjq@nymag.com
Johanna,McPheat,jmcpheatjr@jiathis.com
Goddard,Fisby,gfisbyjs@techcrunch.com
Florence,Harbage,fharbagejt@google.com.au
Alexa,Oganian,aoganianju@yellowbook.com
Camile,Yard,cyardjv@wp.com
Mathias,Fearn,mfearnjw@state.tx.us
Alyse,Lago,alagojx@chicagotribune.com
Frazer,Bursell,fburselljy@hatena.ne.jp
Marie-jeanne,Camies,mcamiesjz@webs.com
Andris,Bingall,abingallk0@aboutads.info
Sheilakathryn,Feighney,sfeighneyk1@goo.gl
Bunnie,Ballham,bballhamk2@360.cn
Bern,Belliss,bbellissk3@foxnews.com
Minta,Eilhersen,meilhersenk4@tripadvisor.com
Sallyanne,Lievesley,slievesleyk5@google.com.br
Charlie,Pixton,cpixtonk6@feedburner.com
Blinnie,Eby,bebyk7@mit.edu
Wilone,Pietrasik,wpietrasikk8@oracle.com
Winn,Francombe,wfrancombek9@flickr.com
Manda,Tremellier,mtremellierka@icq.com
Geoffry,Leap,gleapkb@homestead.com
Wiatt,Danniell,wdanniellkc@webeden.co.uk
Richie,Beazley,rbeazleykd@constantcontact.com
Franz,Warry,fwarryke@icq.com
Jilli,Wolseley,jwolseleykf@unesco.org
Orson,Button,obuttonkg@shop-pro.jp
Kristopher,Robrow,krobrowkh@addthis.com
Cello,Hydes,chydeski@abc.net.au
Felecia,Klawi,fklawikj@imgur.com
Amie,Berends,aberendskk@free.fr
Rockwell,Elijahu,relijahukl@bravesites.com
Ximenez,Moreno,xmorenokm@blinklist.com
Maible,Choppin,mchoppinkn@omniture.com
Claudianus,Orrin,corrinko@instagram.com
Cecilia,Toxell,ctoxellkp@samsung.com
Domingo,Purselowe,dpurselowekq@xrea.com
Editha,Cottill,ecottillkr@weibo.com
Cthrine,Langford,clangfordks@census.gov
Di,Leindecker,dleindeckerkt@epa.gov
Electra,Orrobin,eorrobinku@tamu.edu
Holly,Bicker,hbickerkv@umn.edu
Maynord,Musso,mmussokw@rambler.ru
Clary,Cosgrove,ccosgrovekx@bravesites.com
Ignacius,Greeve,igreeveky@xrea.com
Chas,O'Duggan,coduggankz@storify.com
Ketty,Gorhardt,kgorhardtl0@ow.ly
Rosamond,Romanetti,rromanettil1@google.ru
Hedda,Alaway,halawayl2@canalblog.com
Winslow,Gabby,wgabbyl3@parallels.com
Maury,Isacsson,misacssonl4@bluehost.com
Garrik,Baish,gbaishl5@bloglovin.com
Marrilee,Cromblehome,mcromblehomel6@sphinn.com
Rafaela,Tenant,rtenantl7@ucla.edu
Annabelle,Hassent,ahassentl8@fastcompany.com
Dewain,Mordin,dmordinl9@prnewswire.com
Nellie,Troman,ntromanla@chronoengine.com
Kellie,Stanbridge,kstanbridgelb@eventbrite.com
Renee,Hardisty,rhardistylc@indiatimes.com
Marcel,Galland,mgallandld@java.com
Lissy,Pickle,lpicklele@shutterfly.com
Ker,Jannings,kjanningslf@netlog.com
Marion,Pahlsson,mpahlssonlg@symantec.com
Justinn,Bunyan,jbunyanlh@loc.gov
Bartholomeo,Peller,bpellerli@blogs.com
Marni,Scare,mscarelj@nasa.gov
Wilma,Pawelek,wpaweleklk@pagesperso-orange.fr
Germana,Sanzio,gsanzioll@baidu.com
Mikel,Fawcus,mfawcuslm@hibu.com
Odele,Bussy,obussyln@geocities.jp
Torrey,Phelip,tpheliplo@163.com
Aidan,Hughlock,ahughlocklp@reverbnation.com
Fionna,Connerry,fconnerrylq@angelfire.com
Mischa,Drioli,mdriolilr@deliciousdays.com
Prescott,Baudic,pbaudicls@telegraph.co.uk
Hedi,Ranscomb,hranscomblt@narod.ru
Grayce,Furlow,gfurlowlu@liveinternet.ru
Selig,Batten,sbattenlv@yahoo.com
Pierette,Hayhow,phayhowlw@t.co
Benn,Spincks,bspinckslx@ucsd.edu
Jordan,Guiraud,jguiraudly@google.de
Clementina,Verrall,cverralllz@cocolog-nifty.com
Davida,Chaves,dchavesm0@sina.com.cn
Arni,Jeanel,ajeanelm1@japanpost.jp
Harlene,Beahan,hbeahanm2@list-manage.com
Sapphire,Sherwill,ssherwillm3@github.io
Jule,Harses,jharsesm4@tripod.com
Stewart,Daish,sdaishm5@ucoz.com
Melba,Goodlet,mgoodletm6@discovery.com
Mandie,Rolles,mrollesm7@hubpages.com
Alvie,MacKain,amackainm8@techcrunch.com
Foster,Yakovitch,fyakovitchm9@epa.gov
Kirsten,Hurrell,khurrellma@blogger.com
Livvy,Pogue,lpoguemb@cdbaby.com
Sena,Parkman,sparkmanmc@fastcompany.com
Clotilda,Wibberley,cwibberleymd@netlog.com
Ivar,Redmond,iredmondme@house.gov
Demetra,Curedell,dcuredellmf@economist.com
Harvey,Lashford,hlashfordmg@stumbleupon.com
Abey,Kighly,akighlymh@networkadvertising.org
Mariana,Wolters,mwoltersmi@i2i.jp
Rockwell,Stratton,rstrattonmj@ameblo.jp
Ivie,Casely,icaselymk@virginia.edu
Bryna,Couttes,bcouttesml@dailymail.co.uk
Avrom,Sell,asellmm@discuz.net
Shay,Giovannoni,sgiovannonimn@bluehost.com
Nanine,D'Alessio,ndalessiomo@amazonaws.com
Kakalina,Cradock,kcradockmp@mayoclinic.com
Upton,Schoales,uschoalesmq@sakura.ne.jp
Perry,Wernham,pwernhammr@angelfire.com
Augustine,Enrdigo,aenrdigoms@ucoz.com
Aime,Panton,apantonmt@walmart.com
Becca,Pockett,bpockettmu@sina.com.cn
Josiah,Blinkhorn,jblinkhornmv@multiply.com
Archy,Northall,anorthallmw@about.com
Jaquenetta,Chilley,jchilleymx@privacy.gov.au
Doralyn,Tynemouth,dtynemouthmy@fc2.com
Karel,MacAllaster,kmacallastermz@edublogs.org
Davina,Reijmers,dreijmersn0@feedburner.com
Janaya,Lippitt,jlippittn1@ehow.com
Erwin,McAteer,emcateern2@diigo.com
Bone,Kiely,bkielyn3@mail.ru
Garrot,Reggler,gregglern4@apache.org
Dalenna,Cabbell,dcabbelln5@discuz.net
Pollyanna,Rains,prainsn6@ca.gov
Wilmer,Wainman,wwainmann7@soup.io
Mirella,Tuff,mtuffn8@imdb.com
Eryn,Wain,ewainn9@dailymail.co.uk
Ulrike,Hannaford,uhannafordna@netvibes.com
Val,Spering,vsperingnb@rambler.ru
L;urette,Dowbiggin,ldowbigginnc@issuu.com
Allsun,Bearblock,abearblocknd@i2i.jp
Esdras,Balharry,ebalharryne@prlog.org
Madalyn,Tippler,mtipplernf@cam.ac.uk
Gavra,Schnieder,gschniederng@msn.com
Napoleon,Stubley,nstubleynh@simplemachines.org
Verine,Arnhold,varnholdni@kickstarter.com
Norma,Dillistone,ndillistonenj@123-reg.co.uk
Mercedes,Madge,mmadgenk@drupal.org
Blondelle,Morkham,bmorkhamnl@amazonaws.com
Benn,Willacot,bwillacotnm@jigsy.com
Durand,Leander,dleandernn@ftc.gov
Constanta,Minty,cmintyno@vkontakte.ru
Lazar,Prate,lpratenp@reddit.com
Ellerey,Budcock,ebudcocknq@hc360.com
Emerson,Dreus,edreusnr@yale.edu
Oralla,Giamo,ogiamons@gnu.org
Waring,Shorey,wshoreynt@godaddy.com
Odelinda,Skynner,oskynnernu@liveinternet.ru
Chrystel,Lomasny,clomasnynv@ycombinator.com
Brietta,Toolan,btoolannw@howstuffworks.com
Gusti,Jorn,gjornnx@over-blog.com
Randal,Enticott,renticottny@feedburner.com
Marcia,Breslin,mbreslinnz@tripod.com
Georgiana,Standall,gstandallo0@europa.eu
Tomi,Labitt,tlabitto1@comsenz.com
Beverlie,Showler,bshowlero2@issuu.com
Nata,Lalevee,nlaleveeo3@virginia.edu
Sibella,Coniff,sconiffo4@mayoclinic.com
Amory,Iacovielli,aiacoviellio5@i2i.jp
Jody,Calbrathe,jcalbratheo6@army.mil
Tatiania,Tallquist,ttallquisto7@ibm.com
Hilly,Gookes,hgookeso8@webnode.com
Maribel,Demke,mdemkeo9@tripadvisor.com
Jerry,Eloy,jeloyoa@photobucket.com
Donelle,Durnin,ddurninob@umn.edu
Rey,Surr,rsurroc@ft.com
Ethelin,Newnham,enewnhamod@salon.com
Eirena,Bissill,ebissilloe@salon.com
Marita,Jakel,mjakelof@sphinn.com
Dion,Galero,dgaleroog@economist.com
Whittaker,McCarly,wmccarlyoh@woothemes.com
Tamas,Eddington,teddingtonoi@arstechnica.com
Port,Aylward,paylwardoj@about.me
Carlen,Norrie,cnorrieok@privacy.gov.au
Aurora,Marklund,amarklundol@unicef.org
Calli,Seth,csethom@php.net
Leandra,Adamczyk,ladamczykon@abc.net.au
Bonni,Berrigan,bberriganoo@surveymonkey.com
Had,Magor,hmagorop@msn.com
Bliss,Lethlay,blethlayoq@wisc.edu
Queenie,Cunnah,qcunnahor@google.pl
Lyda,Bruford,lbrufordos@soundcloud.com
Ulrika,Haddinton,uhaddintonot@hexun.com
Herbert,Maffione,hmaffioneou@earthlink.net
Jonas,Carsberg,jcarsbergov@ibm.com
Alisha,Pashba,apashbaow@blogs.com
Florry,Michallat,fmichallatox@photobucket.com
Finn,Oliveira,foliveiraoy@webeden.co.uk
Ivor,Bursnoll,ibursnolloz@gizmodo.com
Daniella,Moen,dmoenp0@accuweather.com
Rancell,Reboul,rreboulp1@omniture.com
Wilmer,Coulson,wcoulsonp2@ycombinator.com
Gram,Karleman,gkarlemanp3@webs.com
Land,Smalcombe,lsmalcombep4@360.cn
Malinde,Staniland,mstanilandp5@pagesperso-orange.fr
Jo-anne,Senter,jsenterp6@geocities.jp
Mitchael,Lindman,mlindmanp7@ft.com
Ricardo,Cornelisse,rcornelissep8@census.gov
Sharleen,Suffe,ssuffep9@123-reg.co.uk
Shurlock,Dicey,sdiceypa@unicef.org
Hadlee,Mecco,hmeccopb@economist.com
Aube,Braddock,abraddockpc@go.com
Lizabeth,Bortoloni,lbortolonipd@sitemeter.com
Celene,Gisburn,cgisburnpe@ebay.co.uk
Damian,Mayoral,dmayoralpf@buzzfeed.com
Christoph,Staterfield,cstaterfieldpg@ox.ac.uk
Rand,Gorwood,rgorwoodph@odnoklassniki.ru
Tadd,Bunyan,tbunyanpi@europa.eu
Gretal,Roderham,groderhampj@weather.com
Tate,Paul,tpaulpk@webmd.com
Poppy,Allam,pallampl@tamu.edu
Gui,Smitheram,gsmitherampm@cbc.ca
Jaime,Banville,jbanvillepn@nyu.edu
Artemas,Lampke,alampkepo@angelfire.com
Pepita,Webb-Bowen,pwebbbowenpp@europa.eu
Cale,Barttrum,cbarttrumpq@example.com
Ardelia,Wilkin,awilkinpr@delicious.com
Shirline,Ragbourn,sragbournps@soundcloud.com
Lillis,Kiernan,lkiernanpt@oakley.com
Harp,Medendorp,hmedendorppu@nifty.com
Innis,Cogswell,icogswellpv@angelfire.com
Ursala,Vankeev,uvankeevpw@ameblo.jp
Linnie,Ninnoli,lninnolipx@hexun.com
Christabella,Deere,cdeerepy@wiley.com
Rafaelia,Lipp,rlipppz@umn.edu
Riordan,Deacon,rdeaconq0@paginegialle.it
Francesco,Copeman,fcopemanq1@nasa.gov
Isador,Ducker,iduckerq2@yelp.com
Ash,Shillabear,ashillabearq3@pagesperso-orange.fr
Philippine,Santoro,psantoroq4@baidu.com
Howey,Dilworth,hdilworthq5@sourceforge.net
Nickolai,Blackey,nblackeyq6@go.com
Boyce,Piatkow,bpiatkowq7@whitehouse.gov
Melody,Huard,mhuardq8@github.io
Jean,Jikovsky,jjikovskyq9@nih.gov
Ailis,Menicomb,amenicombqa@vkontakte.ru
Yovonnda,Devereux,ydevereuxqb@liveinternet.ru
L;urette,Chafer,lchaferqc@nytimes.com
Ky,Dayer,kdayerqd@dion.ne.jp
Shalom,Quinion,squinionqe@liveinternet.ru
Orlan,Verling,overlingqf@miitbeian.gov.cn
Brannon,Pring,bpringqg@ezinearticles.com
Ravid,Fulun,rfulunqh@umich.edu
Bron,Chretien,bchretienqi@linkedin.com
Vanessa,Poser,vposerqj@mozilla.com
Davon,Sharville,dsharvilleqk@ow.ly
Pooh,Metcalf,pmetcalfql@nytimes.com
Mommy,Randal,mrandalqm@i2i.jp
Cristine,De Gregorio,cdegregorioqn@rakuten.co.jp
Dalia,McGlaughn,dmcglaughnqo@discovery.com
Jana,Manueli,jmanueliqp@booking.com
Zaccaria,Heiden,zheidenqq@angelfire.com
Regen,Astles,rastlesqr@oaic.gov.au
Thom,Saunter,tsaunterqs@reuters.com
Addison,De Simoni,adesimoniqt@hibu.com
Ernest,Paulillo,epaulilloqu@home.pl
Edgard,Tabourel,etabourelqv@elegantthemes.com
Dorey,Brotherheed,dbrotherheedqw@vkontakte.ru
Madalyn,Bewshaw,mbewshawqx@newsvine.com
Tuesday,De Hooge,tdehoogeqy@oaic.gov.au
Heloise,Stump,hstumpqz@businesswire.com
Idaline,McCarlich,imccarlichr0@multiply.com
Deny,Soper,dsoperr1@unicef.org
Mayor,Bohling,mbohlingr2@tinyurl.com
Constantin,Brettel,cbrettelr3@ted.com
Emery,Olive,eoliver4@1und1.de
Tawnya,Ellaman,tellamanr5@seesaa.net
Henrietta,Lardeur,hlardeurr6@hao123.com
Taber,Malter,tmalterr7@aboutads.info
Yoko,Mingardi,ymingardir8@go.com
Josey,Mincini,jmincinir9@paginegialle.it
Richmound,Scardafield,rscardafieldra@tuttocitta.it
Skippie,Raimbauld,sraimbauldrb@statcounter.com
Marina,Bau,mbaurc@elpais.com
Gaultiero,Maffezzoli,gmaffezzolird@elpais.com
Arty,Full,afullre@bluehost.com
Hortense,Witling,hwitlingrf@marriott.com
Chaim,Kiff,ckiffrg@dropbox.com
Blane,Shoard,bshoardrh@cnbc.com
Teriann,Thornthwaite,tthornthwaiteri@blogger.com
Mady,Lebbon,mlebbonrj@github.io
Kirstin,Fillimore,kfillimorerk@cdbaby.com
Fin,Noe,fnoerl@washington.edu
Hazlett,Goodger,hgoodgerrm@flickr.com
Stephanus,Kermode,skermodern@cbsnews.com
Patricia,Avey,paveyro@cafepress.com
Gina,Smetoun,gsmetounrp@nhs.uk
Theadora,Osant,tosantrq@amazon.co.uk
Harcourt,Bickardike,hbickardikerr@tripadvisor.com
