Carlos,Berrie,cberrie0@topsy.com
Bryan,Varfalameev,bvarfalameev1@scientificamerican.com
Merline,Micheu,mmicheu2@github.com
Marcelia,Koeppe,mkoeppe3@parallels.com
Finlay,Mouth,fmouth4@over-blog.com
Brice,Fice,bfice5@arizona.edu
Garald,Haggerwood,ghaggerwood6@xinhuanet.com
Nadiya,Lambrick,nlambrick7@indiegogo.com
Ezri,Jaine,ejaine8@posterous.com
Milzie,Janko,mjanko9@omniture.com
Tawsha,Capelin,tcapelina@mac.com
Alma,Durbin,adurbinb@uiuc.edu
Helga,Lamey,hlameyc@mysql.com
Jeniffer,Frears,jfrearsd@imageshack.us
Emory,Shervil,eshervile@apple.com
Darsey,Wittman,dwittmanf@slate.com
Stanton,Gurdon,sgurdong@rakuten.co.jp
Jamesy,Yaneev,jyaneevh@nationalgeographic.com
Laurice,Affleck,lafflecki@cbslocal.com
Gaylor,Francesch,gfranceschj@chicagotribune.com
Lyn,Danielot,ldanielotk@so-net.ne.jp
Angel,Eronie,aeroniel@imageshack.us
Donny,Maevela,dmaevelam@stanford.edu
Isac,Joan,ijoann@unblog.fr
Ninetta,Slocket,nslocketo@go.com
Chane,Firmin,cfirminp@delicious.com
Randy,Rijkeseis,rrijkeseisq@ow.ly
Dall,Eayrs,deayrsr@ucoz.com
Sonny,Elcombe,selcombes@economist.com
Lelia,Cuttelar,lcuttelart@timesonline.co.uk
Debbi,Melville,dmelvilleu@patch.com
Cassie,Lyfield,clyfieldv@twitpic.com
Javier,Bullin,jbullinw@dot.gov
Lucy,Phebee,lphebeex@jiathis.com
Elie,McCrum,emccrumy@nih.gov
Alyss,Glossop,aglossopz@github.io
Dennison,Buckland,dbuckland10@icio.us
Leopold,Diche,ldiche11@opensource.org
Josy,Padden,jpadden12@technorati.com
Gusty,Brearty,gbrearty13@fastcompany.com
Sharl,Sorro,ssorro14@adobe.com
Donnie,Kohn,dkohn15@ifeng.com
Webster,Giacomello,wgiacomello16@addtoany.com
Ericka,Chellam,echellam17@aboutads.info
Aldin,Ambroise,aambroise18@dagondesign.com
Nicolais,Haster,nhaster19@livejournal.com
Shaughn,Coope,scoope1a@cyberchimps.com
Marius,Berrie,mberrie1b@answers.com
Georges,Aldham,galdham1c@amazon.co.uk
Zedekiah,Cauthra,zcauthra1d@joomla.org
Bank,Joerning,bjoerning1e@seesaa.net
Xenos,Gheraldi,xgheraldi1f@hc360.com
Quincey,Bru,qbru1g@ask.com
Reine,Dietz,rdietz1h@sogou.com
Jon,Stych,jstych1i@unblog.fr
Ebonee,Oylett,eoylett1j@chicagotribune.com
Kincaid,Walcher,kwalcher1k@psu.edu
Ronnica,Echlin,rechlin1l@ft.com
Mallissa,Batiste,mbatiste1m@arizona.edu
Zorine,Hammersley,zhammersley1n@hexun.com
Launce,Youens,lyouens1o@bloglovin.com
Dulcy,Cufley,dcufley1p@census.gov
Paul,Cecely,pcecely1q@vkontakte.ru
Siward,Etherson,setherson1r@tuttocitta.it
Bent,Windows,bwindows1s@time.com
Annice,Jenoure,ajenoure1t@sogou.com
Tucker,Torra,ttorra1u@foxnews.com
Dagny,Tingly,dtingly1v@hibu.com
Tina,Circuitt,tcircuitt1w@apache.org
Kimberly,De Dantesie,kdedantesie1x@furl.net
Pammi,Hellmer,phellmer1y@posterous.com
Woodrow,Rearie,wrearie1z@si.edu
Myrtle,Ivanov,mivanov20@creativecommons.org
Fleurette,Bletsor,fbletsor21@bloomberg.com
Christoper,Purches,cpurches22@liveinternet.ru
Brennen,Grindlay,bgrindlay23@usnews.com
Brande,Calendar,bcalendar24@about.me
Rafi,Dabes,rdabes25@mac.com
Tyler,Copelli,tcopelli26@amazon.de
Sharyl,Aslin,saslin27@issuu.com
Andreas,Marien,amarien28@jimdo.com
Helena,Swadon,hswadon29@ft.com
Codie,Mawman,cmawman2a@nbcnews.com
King,Beavis,kbeavis2b@php.net
Maddalena,Fernyhough,mfernyhough2c@hao123.com
Stinky,Earsman,searsman2d@zimbio.com
Cordey,McCrum,cmccrum2e@newyorker.com
Grethel,Emes,gemes2f@newsvine.com
Leland,McAllister,lmcallister2g@xrea.com
Christiane,Goscar,cgoscar2h@sciencedirect.com
Kelley,Mabbitt,kmabbitt2i@prlog.org
Petronella,Crudgington,pcrudgington2j@samsung.com
Baillie,Gisbey,bgisbey2k@woothemes.com
Channa,Winridge,cwinridge2l@epa.gov
Gib,Hark,ghark2m@e-recht24.de
Trish,Giron,tgiron2n@goo.ne.jp
Danice,Lappine,dlappine2o@comcast.net
Berton,Alsobrook,balsobrook2p@netscape.com
Coral,Hanne,channe2q@virginia.edu
Donaugh,Milbank,dmilbank2r@opensource.org
Catrina,Le Batteur,clebatteur2s@gnu.org
Raimund,Bilton,rbilton2t@nasa.gov
Godwin,Byfield,gbyfield2u@hubpages.com
Hobard,Chrisp,hchrisp2v@google.ru
Ottilie,Philbrick,ophilbrick2w@nyu.edu
Doti,Willder,dwillder2x@si.edu
Millie,Flattman,mflattman2y@phpbb.com
Rae,Dugmore,rdugmore2z@google.fr
Hilde,Mutch,hmutch30@unblog.fr
Livvie,Klos,lklos31@merriam-webster.com
Odey,Garms,ogarms32@disqus.com
Banky,Infantino,binfantino33@cnet.com
Elnora,Tett,etett34@xrea.com
Arthur,Bashford,abashford35@cnn.com
Isidro,De'Ath,ideath36@disqus.com
Jacki,Dioniso,jdioniso37@theglobeandmail.com
Thurston,Hefferan,thefferan38@reference.com
Laverna,Stears,lstears39@sogou.com
Conrado,Kohnen,ckohnen3a@elegantthemes.com
Gwendolin,Higford,ghigford3b@sbwire.com
Julina,Ruprechter,jruprechter3c@sfgate.com
Stephanus,Jearum,sjearum3d@twitpic.com
Bale,Guyonneau,bguyonneau3e@nbcnews.com
Layne,Wilkinson,lwilkinson3f@dion.ne.jp
Myer,Killingsworth,mkillingsworth3g@nhs.uk
Petronia,Colls,pcolls3h@globo.com
Papageno,Mattedi,pmattedi3i@cloudflare.com
Maren,Paolini,mpaolini3j@t-online.de
Allard,Fifield,afifield3k@list-manage.com
Ethelin,Carlino,ecarlino3l@moonfruit.com
Hobard,Ambrozewicz,hambrozewicz3m@salon.com
Bonita,Stirtle,bstirtle3n@naver.com
Seamus,Macconachy,smacconachy3o@ebay.com
Addi,Readshaw,areadshaw3p@1688.com
Arnold,Raigatt,araigatt3q@uol.com.br
Bruno,Woolway,bwoolway3r@nhs.uk
Carina,Demaid,cdemaid3s@google.com
Huey,Cullerne,hcullerne3t@fotki.com
Tracy,Laverenz,tlaverenz3u@squidoo.com
Jackson,Loffel,jloffel3v@paypal.com
Dixie,Groundwater,dgroundwater3w@wp.com
Lesya,Verity,lverity3x@ameblo.jp
Cherlyn,Puckey,cpuckey3y@constantcontact.com
Romeo,Rushmare,rrushmare3z@upenn.edu
Breena,Dinzey,bdinzey40@theguardian.com
Ike,Olwen,iolwen41@networksolutions.com
Mead,Morrott,mmorrott42@printfriendly.com
Minnnie,Cotterill,mcotterill43@economist.com
Ezra,Edward,eedward44@nbcnews.com
Leigh,Helwig,lhelwig45@imageshack.us
Savina,Rydzynski,srydzynski46@tumblr.com
Beilul,Labbati,blabbati47@free.fr
Norina,Toulson,ntoulson48@bloomberg.com
Stu,Sedwick,ssedwick49@flickr.com
Malena,Canadine,mcanadine4a@networksolutions.com
Linn,Whiteley,lwhiteley4b@creativecommons.org
Bartholomeus,Ulyat,bulyat4c@senate.gov
Barbee,Tomich,btomich4d@yolasite.com
Merl,Fenny,mfenny4e@mapy.cz
Johna,Brayn,jbrayn4f@hatena.ne.jp
Katharine,Theseira,ktheseira4g@scientificamerican.com
Maynord,Halfacree,mhalfacree4h@youtu.be
Davidson,Scarsbrick,dscarsbrick4i@techcrunch.com
Gard,Botger,gbotger4j@fotki.com
Dario,Marriner,dmarriner4k@ning.com
Mariya,Hilldrop,mhilldrop4l@bizjournals.com
Iolande,Maymond,imaymond4m@naver.com
Rivy,McFetrich,rmcfetrich4n@washingtonpost.com
Arnuad,MacAscaidh,amacascaidh4o@hao123.com
Cristian,Villaret,cvillaret4p@techcrunch.com
Raymund,Longhorne,rlonghorne4q@icq.com
Malvin,Salerno,msalerno4r@youtu.be
Rosanna,Trase,rtrase4s@ucsd.edu
Katuscha,Paddie,kpaddie4t@yahoo.com
Tam,Balducci,tbalducci4u@oaic.gov.au
Gwenneth,Rolles,grolles4v@yahoo.com
Jaymee,Sheriff,jsheriff4w@dyndns.org
Pincas,Geke,pgeke4x@huffingtonpost.com
Corty,McAlister,cmcalister4y@stanford.edu
Ernesta,Sarra,esarra4z@java.com
Ardisj,Leyrroyd,aleyrroyd50@unicef.org
Lillis,Josephov,ljosephov51@eepurl.com
Brendis,Fairham,bfairham52@tripod.com
Skipton,Gemlett,sgemlett53@dailymail.co.uk
Luciana,Martusewicz,lmartusewicz54@stanford.edu
Karlie,Ruoss,kruoss55@ucoz.com
Philip,Extill,pextill56@amazon.co.uk
Opalina,Pagen,opagen57@wikia.com
Lauretta,Coleman,lcoleman58@ed.gov
Hannis,Birtwisle,hbirtwisle59@berkeley.edu
Christin,Jerome,cjerome5a@privacy.gov.au
Scarlett,Blaber,sblaber5b@people.com.cn
Cori,McHan,cmchan5c@chicagotribune.com
Viviyan,McArdell,vmcardell5d@example.com
Willem,Poytheras,wpoytheras5e@angelfire.com
Reynolds,Schleswig-Holstein,rschleswigholstein5f@opera.com
Galvin,Lissett,glissett5g@wikia.com
Madelina,Bierling,mbierling5h@smugmug.com
Chic,Roubottom,croubottom5i@bloomberg.com
Shari,Matejovsky,smatejovsky5j@flickr.com
Lewiss,Govey,lgovey5k@e-recht24.de
Malynda,Stannislawski,mstannislawski5l@ocn.ne.jp
Mariquilla,Jakubowicz,mjakubowicz5m@nature.com
Amos,Fawcett,afawcett5n@zimbio.com
Rudolf,Auten,rauten5o@bbb.org
Cris,Garvill,cgarvill5p@barnesandnoble.com
Wendye,Baldock,wbaldock5q@mail.ru
Clare,Merchant,cmerchant5r@jigsy.com
Louella,Klimkowski,lklimkowski5s@techcrunch.com
Purcell,Frill,pfrill5t@wikipedia.org
Noelyn,Humpherson,nhumpherson5u@hud.gov
Blakelee,Hugueville,bhugueville5v@state.tx.us
Sara-ann,Bielefeld,sbielefeld5w@istockphoto.com
Smith,Ratnege,sratnege5x@phpbb.com
Guthrey,Roelvink,groelvink5y@tripadvisor.com
Merrilee,Castiello,mcastiello5z@nba.com
Maribelle,Mole,mmole60@deliciousdays.com
Willamina,Mac,wmac61@berkeley.edu
Marshall,Barling,mbarling62@ox.ac.uk
Nanine,Thoumas,nthoumas63@live.com
Ulla,Pea,upea64@wp.com
Eldon,Assiratti,eassiratti65@vimeo.com
Willa,Guiduzzi,wguiduzzi66@intel.com
Baron,Simka,bsimka67@devhub.com
Ardyth,Dalziel,adalziel68@howstuffworks.com
Fey,Gooday,fgooday69@exblog.jp
Nikola,McCallum,nmccallum6a@zdnet.com
Brad,Huxster,bhuxster6b@usatoday.com
Alair,Praill,apraill6c@hatena.ne.jp
Sunny,Yanez,syanez6d@taobao.com
Ric,Guichard,rguichard6e@yolasite.com
Germana,Dun,gdun6f@europa.eu
Alastair,Cossom,acossom6g@dot.gov
Tobit,Earland,tearland6h@cyberchimps.com
Roobbie,Dunge,rdunge6i@barnesandnoble.com
Gertrudis,Lisimore,glisimore6j@reverbnation.com
Israel,Jendas,ijendas6k@google.com.br
Leonid,Jikovsky,ljikovsky6l@cmu.edu
Esme,Vischi,evischi6m@nydailynews.com
Lucinda,Albiston,lalbiston6n@bizjournals.com
Nicolais,Pacher,npacher6o@odnoklassniki.ru
Mireille,Hucke,mhucke6p@wikimedia.org
Domenico,Woollons,dwoollons6q@jalbum.net
Parnell,Baswall,pbaswall6r@xinhuanet.com
Konstantin,Boost,kboost6s@soup.io
Zorana,Delamar,zdelamar6t@toplist.cz
Em,Thebes,ethebes6u@is.gd
Gayel,Clements,gclements6v@bluehost.com
Marissa,Arens,marens6w@umich.edu
Milly,Lefeaver,mlefeaver6x@illinois.edu
Peggie,Abdy,pabdy6y@ycombinator.com
Skye,Frame,sframe6z@shutterfly.com
Troy,Plaistowe,tplaistowe70@amazon.de
Damita,Gogin,dgogin71@sohu.com
Nicky,Blaydes,nblaydes72@oaic.gov.au
Perl,Panchin,ppanchin73@rediff.com
Darya,Fieldgate,dfieldgate74@sun.com
Manuel,Perrins,mperrins75@simplemachines.org
Raleigh,Simmance,rsimmance76@businesswire.com
Philly,Cuerdale,pcuerdale77@harvard.edu
Stanislaus,Goodbourn,sgoodbourn78@arstechnica.com
Gae,Escreet,gescreet79@stumbleupon.com
Nikoletta,Kinchley,nkinchley7a@meetup.com
Sergei,Dunbleton,sdunbleton7b@irs.gov
Kriste,Cummings,kcummings7c@bigcartel.com
Lilllie,Lindstedt,llindstedt7d@wiley.com
Beauregard,Purvess,bpurvess7e@amazon.co.uk
Candida,Lempenny,clempenny7f@newyorker.com
Abbye,Bleeze,ableeze7g@amazon.co.jp
Pepita,Dickie,pdickie7h@comcast.net
Schuyler,Svanetti,ssvanetti7i@washington.edu
Beret,Hallihan,bhallihan7j@spotify.com
Britteny,Eadie,beadie7k@cocolog-nifty.com
Felipa,Wressell,fwressell7l@fema.gov
Gordan,Trenbey,gtrenbey7m@free.fr
Ugo,Haldene,uhaldene7n@people.com.cn
Martie,Peatt,mpeatt7o@prnewswire.com
Horatio,Heugle,hheugle7p@yandex.ru
Clerc,Penning,cpenning7q@creativecommons.org
Carolee,Antyshev,cantyshev7r@yandex.ru
Norbie,Garthside,ngarthside7s@unblog.fr
Yank,Grogono,ygrogono7t@1688.com
Marjory,Simonard,msimonard7u@state.tx.us
Mendie,Cars,mcars7v@oakley.com
Lurette,Austick,laustick7w@independent.co.uk
Worthy,Brinsden,wbrinsden7x@skype.com
Dickie,Aphale,daphale7y@xrea.com
Paulette,Dacey,pdacey7z@huffingtonpost.com
Wood,Hunnywell,whunnywell80@sfgate.com
Gusti,Klimkovich,gklimkovich81@state.gov
Farrah,Wardlaw,fwardlaw82@apple.com
Pru,Espie,pespie83@ftc.gov
Federico,Smallacombe,fsmallacombe84@fda.gov
Tracey,Lissenden,tlissenden85@google.ru
Osborne,Dudgeon,odudgeon86@lulu.com
Coreen,Althrope,calthrope87@unblog.fr
Wells,Lynas,wlynas88@usgs.gov
Jobi,Biscomb,jbiscomb89@zimbio.com
Engracia,Skudder,eskudder8a@biblegateway.com
Kris,Tavener,ktavener8b@sun.com
Crin,Iczokvitz,ciczokvitz8c@google.es
Caroljean,Vila,cvila8d@instagram.com
Queenie,Longworthy,qlongworthy8e@sun.com
Evelyn,Shearsby,eshearsby8f@globo.com
Jarrad,Cathery,jcathery8g@yahoo.co.jp
Morly,Papierz,mpapierz8h@creativecommons.org
Audre,Itzik,aitzik8i@nationalgeographic.com
Lonee,Bardill,lbardill8j@about.me
Cori,Ludwell,cludwell8k@shareasale.com
Vassily,Robbel,vrobbel8l@symantec.com
Walliw,Blofeld,wblofeld8m@businesswire.com
Grier,Heinonen,gheinonen8n@smh.com.au
Stepha,Creavin,screavin8o@hugedomains.com
Lenore,Simoncello,lsimoncello8p@twitter.com
Birch,Tourville,btourville8q@lycos.com
Joice,Bilton,jbilton8r@posterous.com
Mickie,De Freyne,mdefreyne8s@slashdot.org
Mil,Giovannini,mgiovannini8t@rediff.com
Keary,Presdee,kpresdee8u@de.vu
Enrico,Rimour,erimour8v@state.tx.us
Arluene,Gaspero,agaspero8w@creativecommons.org
Corabel,Alders,calders8x@about.com
Arlyne,How to preserve,ahowtopreserve8y@biglobe.ne.jp
Johnath,Blunsen,jblunsen8z@google.de
Aile,Rabjohns,arabjohns90@ustream.tv
Tull,O'Feeny,tofeeny91@reference.com
Rowland,Ovid,rovid92@infoseek.co.jp
Edgardo,Aberdeen,eaberdeen93@marketwatch.com
Morten,Chancellor,mchancellor94@scientificamerican.com
Stefa,Stephens,sstephens95@wordpress.com
Xena,Parcell,xparcell96@gravatar.com
Filberte,Lomas,flomas97@freewebs.com
Georgetta,Yansons,gyansons98@disqus.com
Bayard,Boissier,bboissier99@spotify.com
Bertine,Firk,bfirk9a@quantcast.com
Agosto,Butt Gow,abuttgow9b@scientificamerican.com
Filmer,Bramble,fbramble9c@sitemeter.com
Seka,Lewzey,slewzey9d@wikia.com
Eada,Grouer,egrouer9e@who.int
Margeaux,Lorente,mlorente9f@nsw.gov.au
Zaneta,Sokill,zsokill9g@elpais.com
Alexine,Ethridge,aethridge9h@furl.net
Jacques,Hooks,jhooks9i@wunderground.com
Mignon,Fittes,mfittes9j@spiegel.de
Karen,Marquiss,kmarquiss9k@time.com
Augy,Unger,aunger9l@usatoday.com
Annice,Callan,acallan9m@phoca.cz
Bo,Bothie,bbothie9n@java.com
Ogdon,Howgego,ohowgego9o@disqus.com
Nikaniki,Dulanty,ndulanty9p@list-manage.com
Paco,Bennit,pbennit9q@ft.com
Ronica,Jerman,rjerman9r@dedecms.com
Debbie,Ingles,dingles9s@harvard.edu
Deerdre,Besson,dbesson9t@jalbum.net
Nikoletta,Bottell,nbottell9u@miibeian.gov.cn
Katusha,Gurton,kgurton9v@upenn.edu
Hillyer,Thorneley,hthorneley9w@cdc.gov
Ragnar,Saterweyte,rsaterweyte9x@weibo.com
Rickard,Volk,rvolk9y@cyberchimps.com
Abey,Crann,acrann9z@istockphoto.com
Jan,Hebdon,jhebdona0@1und1.de
Layton,Higgan,lhiggana1@goo.gl
Elbert,Cantopher,ecantophera2@163.com
Arnie,Kunkel,akunkela3@samsung.com
Waldon,Loges,wlogesa4@nsw.gov.au
Reidar,Landsbury,rlandsburya5@blogs.com
Simone,Heffernon,sheffernona6@pinterest.com
Logan,Rickesies,lrickesiesa7@exblog.jp
Catina,Channer,cchannera8@hatena.ne.jp
Wilbert,Luby,wlubya9@si.edu
Vivie,Peat,vpeataa@rediff.com
Silvio,Phoebe,sphoebeab@ycombinator.com
Terri-jo,Colquhoun,tcolquhounac@youtu.be
Marketa,Pionter,mpionterad@imageshack.us
Smitty,De la Yglesias,sdelayglesiasae@sakura.ne.jp
Hort,McNysche,hmcnyscheaf@theatlantic.com
Josefina,Haill,jhaillag@seesaa.net
Bonnee,Mynett,bmynettah@scribd.com
Kaleb,Widdicombe,kwiddicombeai@blogs.com
Bernhard,Gandy,bgandyaj@un.org
Durand,Oakenfall,doakenfallak@yahoo.co.jp
Whitaker,Tolliday,wtollidayal@miibeian.gov.cn
Esteban,Nuzzti,enuzztiam@odnoklassniki.ru
Ree,Firmage,rfirmagean@harvard.edu
Monro,Sparshott,msparshottao@ucoz.ru
Perrine,Bletcher,pbletcherap@umn.edu
Arlan,Dauncey,adaunceyaq@goodreads.com
Hyacintha,De Bruijne,hdebruijnear@hexun.com
Appolonia,Hoovart,ahoovartas@purevolume.com
Otha,Filewood,ofilewoodat@theguardian.com
Tiphany,Candey,tcandeyau@fastcompany.com
Phil,McAless,pmcalessav@xrea.com
Roy,California,rcaliforniaaw@elpais.com
Merralee,Milby,mmilbyax@t.co
Merwin,Vanyashin,mvanyashinay@cyberchimps.com
Mordecai,Kropp,mkroppaz@123-reg.co.uk
Florida,Broadway,fbroadwayb0@netscape.com
Garner,Fairfoul,gfairfoulb1@wikispaces.com
Emelina,Stickings,estickingsb2@skyrock.com
Haley,Gowers,hgowersb3@hao123.com
Dolorita,Sollas,dsollasb4@sbwire.com
Ernaline,Somerscales,esomerscalesb5@washington.edu
Rachelle,Sivier,rsivierb6@parallels.com
Kaleb,Gracey,kgraceyb7@discovery.com
Lira,Blazhevich,lblazhevichb8@amazonaws.com
Coleman,Blenkin,cblenkinb9@youku.com
Galen,Yurenin,gyureninba@vinaora.com
Benedikta,Mullaney,bmullaneybb@digg.com
Veriee,Ault,vaultbc@smugmug.com
Clemence,Giovannardi,cgiovannardibd@unesco.org
Malchy,Skirven,mskirvenbe@ezinearticles.com
Georg,Kalinke,gkalinkebf@ask.com
Orelle,Glanert,oglanertbg@scientificamerican.com
Nil,Gosforth,ngosforthbh@wired.com
Ediva,Fley,efleybi@bloglovin.com
Aubree,Searchwell,asearchwellbj@uiuc.edu
Alva,Quare,aquarebk@yolasite.com
Kele,Dengel,kdengelbl@edublogs.org
Hector,Baume,hbaumebm@home.pl
Carilyn,Tatlock,ctatlockbn@theglobeandmail.com
Justinian,Carle,jcarlebo@studiopress.com
Hamish,Sturdey,hsturdeybp@cargocollective.com
Nick,Stoffer,nstofferbq@elpais.com
Court,Lints,clintsbr@pen.io
Maridel,Sharplin,msharplinbs@cisco.com
Dale,Hoolaghan,dhoolaghanbt@narod.ru
Norry,Spurgeon,nspurgeonbu@slashdot.org
Annabell,Hischke,ahischkebv@so-net.ne.jp
Patricia,Kimmerling,pkimmerlingbw@ehow.com
Dame,Penwright,dpenwrightbx@reference.com
Angie,Lemanu,alemanuby@list-manage.com
Jill,Stoeck,jstoeckbz@trellian.com
Bertine,Hasell,bhasellc0@redcross.org
Dotti,Dosdale,ddosdalec1@jimdo.com
Oates,Blazy,oblazyc2@sbwire.com
Kay,Torregiani,ktorregianic3@blogtalkradio.com
Malissia,Kingston,mkingstonc4@ask.com
Eldridge,Bartoleyn,ebartoleync5@constantcontact.com
Zak,Belverstone,zbelverstonec6@chicagotribune.com
Boothe,Darby,bdarbyc7@cisco.com
Prent,Light,plightc8@mozilla.org
Toni,Deex,tdeexc9@deviantart.com
Meridith,Testin,mtestinca@cafepress.com
Alethea,Wilcher,awilchercb@wix.com
Saxe,Stones,sstonescc@sfgate.com
Tamma,Thaim,tthaimcd@washington.edu
Thom,Balducci,tbalduccice@canalblog.com
Pippy,Dooly,pdoolycf@digg.com
Hannie,Spaven,hspavencg@indiatimes.com
Johann,Orton,jortonch@bluehost.com
Bendicty,Bridal,bbridalci@aol.com
Margette,Delgardo,mdelgardocj@shop-pro.jp
Marje,Arni,marnick@rediff.com
Susi,Sawkins,ssawkinscl@ustream.tv
Chevy,Worsnop,cworsnopcm@ovh.net
Gertrudis,Batrick,gbatrickcn@fda.gov
Hazel,Rugieri,hrugierico@cafepress.com
Bobbette,Hallstone,bhallstonecp@wikia.com
Tasha,Bilbee,tbilbeecq@miitbeian.gov.cn
Ogdan,Humphrys,ohumphryscr@123-reg.co.uk
Dru,Bazoge,dbazogecs@indiatimes.com
Euphemia,Upfold,eupfoldct@adobe.com
Vania,Plak,vplakcu@friendfeed.com
Jeannine,Waple,jwaplecv@skype.com
Leland,Bullingham,lbullinghamcw@theguardian.com
Virgie,Starling,vstarlingcx@salon.com
Michel,Hawyes,mhawyescy@nymag.com
Darbie,Sermin,dsermincz@github.com
Win,Rudram,wrudramd0@gov.uk
Jule,Purshouse,jpurshoused1@xrea.com
Eleanor,Beardon,ebeardond2@time.com
Glynis,Wayland,gwaylandd3@artisteer.com
Umberto,Bucktrout,ubucktroutd4@economist.com
Garwood,Celez,gcelezd5@bloglovin.com
Murvyn,Munby,mmunbyd6@howstuffworks.com
Kylynn,Hellen,khellend7@omniture.com
Rod,Cheetham,rcheethamd8@eepurl.com
Jeremy,Canner,jcannerd9@wordpress.org
Kennedy,Wong,kwongda@360.cn
Marguerite,Plenderleith,mplenderleithdb@de.vu
Artemis,Beahan,abeahandc@paginegialle.it
Lizzie,Frankling,lfranklingdd@blogs.com
Tamara,Leigh,tleighde@miitbeian.gov.cn
Rorie,Ollivierre,rollivierredf@virginia.edu
Syman,Masden,smasdendg@icio.us
Melissa,Eastridge,meastridgedh@blogger.com
Flynn,Tunnicliff,ftunnicliffdi@amazon.com
Rockey,Strangeways,rstrangewaysdj@apple.com
Kore,Dungay,kdungaydk@wiley.com
Gretchen,Albisser,galbisserdl@goo.gl
Nestor,Rraundl,nrraundldm@ifeng.com
Jamima,Longbottom,jlongbottomdn@hibu.com
Morganica,Seamark,mseamarkdo@sitemeter.com
Audy,Marielle,amarielledp@creativecommons.org
Rochella,McDavid,rmcdaviddq@skype.com
Reilly,Degoy,rdegoydr@angelfire.com
Bell,Lingley,blingleyds@is.gd
Misha,Wychard,mwycharddt@ibm.com
Glynda,Steers,gsteersdu@theguardian.com
Chariot,Klehn,cklehndv@earthlink.net
Rorke,Reason,rreasondw@livejournal.com
Brittni,Targett,btargettdx@omniture.com
Clementine,Butterwick,cbutterwickdy@issuu.com
Brewer,Rain,braindz@google.com.au
Lita,Mughal,lmughale0@amazon.de
Jamil,Purkiss,jpurkisse1@accuweather.com
Dal,Nockalls,dnockallse2@amazon.com
Mohammed,Yearsley,myearsleye3@usda.gov
Kiri,Cardenas,kcardenase4@imageshack.us
Dyna,Lummis,dlummise5@cnn.com
Celeste,Joscelin,cjosceline6@rakuten.co.jp
Bartholomeus,Masse,bmassee7@histats.com
Janifer,Antonioni,jantonionie8@cargocollective.com
Rinaldo,Ebbage,rebbagee9@ucsd.edu
Lurleen,Daber,ldaberea@fc2.com
Henri,Lathaye,hlathayeeb@skyrock.com
Herb,Maclean,hmacleanec@gov.uk
Werner,Borg-Bartolo,wborgbartoloed@example.com
Brett,Kunc,bkuncee@goodreads.com
Quinn,Harbor,qharboref@flickr.com
Lebbie,Coenraets,lcoenraetseg@google.nl
Linnea,Le Gassick,llegassickeh@indiatimes.com
Gelya,Sudworth,gsudworthei@rambler.ru
Starla,Crowder,scrowderej@washington.edu
Si,Tows,stowsek@nhs.uk
Dorey,Fend,dfendel@instagram.com
Marrissa,Elesander,melesanderem@prweb.com
Lettie,Edgson,ledgsonen@jugem.jp
Faith,Bewlie,fbewlieeo@mapy.cz
Daffy,Yukhin,dyukhinep@ed.gov
Sean,Wildash,swildasheq@edublogs.org
June,Sneyd,jsneyder@archive.org
Susanna,Posselt,sposseltes@networksolutions.com
Modestine,Thonason,mthonasonet@zimbio.com
Othella,Noblett,onobletteu@wikipedia.org
Renaldo,Rhelton,rrheltonev@smh.com.au
Jozef,Breens,jbreensew@de.vu
Moises,Nuss,mnussex@dagondesign.com
Arvin,Gladbach,agladbachey@adobe.com
Amity,Ladds,aladdsez@tiny.cc
Demetra,Franchyonok,dfranchyonokf0@flavors.me
Ara,Lowde,alowdef1@cornell.edu
Garland,Lemerie,glemerief2@fda.gov
Timotheus,Pristnor,tpristnorf3@cmu.edu
Pauli,Sawyer,psawyerf4@usa.gov
Efren,Gergolet,egergoletf5@gov.uk
Kittie,Garrad,kgarradf6@com.com
Sky,Reignolds,sreignoldsf7@amazon.co.uk
Myrta,Baud,mbaudf8@is.gd
Vivian,Wisden,vwisdenf9@canalblog.com
Wally,Crannach,wcrannachfa@soup.io
Sande,Cottingham,scottinghamfb@columbia.edu
Joelie,Lyne,jlynefc@cornell.edu
Kimmi,Joubert,kjoubertfd@altervista.org
Reinhold,Le Friec,rlefriecfe@tmall.com
Nessy,Downes,ndownesff@histats.com
Pennie,Powelee,ppoweleefg@typepad.com
Cassy,MacCartney,cmaccartneyfh@t.co
Hewe,Mynard,hmynardfi@gnu.org
Dyan,De la Feld,ddelafeldfj@reuters.com
Isaak,Schooling,ischoolingfk@yandex.ru
Barry,Coneybeare,bconeybearefl@ameblo.jp
Alvy,Rawcliffe,arawcliffefm@photobucket.com
Matilde,Verriour,mverriourfn@goodreads.com
Lincoln,Stannus,lstannusfo@businessweek.com
Juliet,Malarkey,jmalarkeyfp@so-net.ne.jp
Josefina,Baseke,jbasekefq@nba.com
Lyndsey,Metherell,lmetherellfr@rakuten.co.jp
Andrei,McArte,amcartefs@wikimedia.org
Hyatt,Cantua,hcantuaft@squarespace.com
Garfield,Hickisson,ghickissonfu@xrea.com
Esmaria,Dunton,eduntonfv@devhub.com
Anderson,Janssens,ajanssensfw@mozilla.com
Liva,Eccleshare,lecclesharefx@example.com
Billye,Grieve,bgrievefy@latimes.com
Sunny,Renehan,srenehanfz@qq.com
Gael,Goodley,ggoodleyg0@yellowbook.com
Rollins,Dunkerton,rdunkertong1@wufoo.com
Adelaide,Henstone,ahenstoneg2@hexun.com
Arly,Berrane,aberraneg3@dailymail.co.uk
Jude,Welbelove,jwelbeloveg4@auda.org.au
Carlota,Lesmonde,clesmondeg5@cbsnews.com
Diane,Hendren,dhendreng6@gmpg.org
Maudie,Mordecai,mmordecaig7@geocities.jp
Osborn,Dominey,odomineyg8@prlog.org
Berton,Gerren,bgerreng9@sfgate.com
Con,Whittaker,cwhittakerga@ebay.com
Tera,Hodgets,thodgetsgb@hhs.gov
Kore,Spitell,kspitellgc@reverbnation.com
Alberto,Chippindale,achippindalegd@symantec.com
Nikolai,McMychem,nmcmychemge@sogou.com
Bobbye,Sainte Paul,bsaintepaulgf@berkeley.edu
Vanny,Ditt,vdittgg@hatena.ne.jp
Clem,Olliar,colliargh@cbslocal.com
Cordelia,Guiu,cguiugi@sina.com.cn
Rhett,Chrismas,rchrismasgj@g.co
Sibilla,Lamy,slamygk@nationalgeographic.com
Humfrey,Plaskett,hplaskettgl@vk.com
Ellswerth,Dureden,eduredengm@jalbum.net
Scotti,Stuckes,sstuckesgn@whitehouse.gov
Ginger,Kundt,gkundtgo@rambler.ru
Othelia,Georgelin,ogeorgelingp@naver.com
Adi,Szymanzyk,aszymanzykgq@naver.com
Rea,Matussov,rmatussovgr@cnn.com
Avram,Chedzoy,achedzoygs@51.la
Horten,Canfer,hcanfergt@oakley.com
Tessie,Baswall,tbaswallgu@php.net
Humbert,Retallack,hretallackgv@hibu.com
Hernando,Raun,hraungw@sohu.com
Teodoro,Pullar,tpullargx@com.com
Merridie,Stair,mstairgy@ameblo.jp
Howey,Cottham,hcotthamgz@sourceforge.net
Ganny,Lewinton,glewintonh0@wsj.com
Hobie,Bernard,hbernardh1@ted.com
Doll,Boag,dboagh2@cnn.com
Marylin,Nugent,mnugenth3@samsung.com
Dannel,Wehnerr,dwehnerrh4@rediff.com
Roth,Armatys,rarmatysh5@ibm.com
Nerti,Sedgemond,nsedgemondh6@oakley.com
Charissa,Gumn,cgumnh7@spiegel.de
Ronda,Kembery,rkemberyh8@indiatimes.com
Zacherie,Maffezzoli,zmaffezzolih9@symantec.com
Kris,Gallgher,kgallgherha@seesaa.net
Cordelia,Kenealy,ckenealyhb@github.com
Devon,Statham,dstathamhc@linkedin.com
Glyn,Venn,gvennhd@angelfire.com
Murdock,Quiddington,mquiddingtonhe@usa.gov
Federica,Willett,fwilletthf@infoseek.co.jp
Jyoti,Di Angelo,jdiangelohg@theglobeandmail.com
Josefa,Goldup,jgolduphh@newsvine.com
Sherman,Camili,scamilihi@cmu.edu
Banky,Pellatt,bpellatthj@photobucket.com
Leonanie,Mowson,lmowsonhk@umn.edu
Gun,Lardner,glardnerhl@devhub.com
Silvia,Inglesent,singlesenthm@wunderground.com
Beverie,Aime,baimehn@wisc.edu
Barnie,Utley,butleyho@a8.net
Alard,Haney`,ahaneyhp@biglobe.ne.jp
Micky,Dyball,mdyballhq@chron.com
Pierson,Compfort,pcompforthr@timesonline.co.uk
Rodrique,Smithin,rsmithinhs@wikipedia.org
Melanie,Tabert,mtabertht@i2i.jp
Magdaia,Vertigan,mvertiganhu@163.com
Will,Goranov,wgoranovhv@slideshare.net
Carly,Cass,ccasshw@yellowpages.com
Jule,Littledike,jlittledikehx@sphinn.com
Cary,Abramsky,cabramskyhy@economist.com
Bettye,Trimmill,btrimmillhz@nih.gov
Violette,MacGoun,vmacgouni0@eepurl.com
Karalynn,Paulig,kpauligi1@nifty.com
Stephanie,Seleway,sselewayi2@auda.org.au
Audra,Favell,afavelli3@vk.com
Avrit,Colwell,acolwelli4@phpbb.com
Selene,Whittingham,swhittinghami5@who.int
Saba,Huxstep,shuxstepi6@sogou.com
Denys,Raulstone,draulstonei7@prnewswire.com
Christean,Belchamber,cbelchamberi8@latimes.com
Burke,Comfort,bcomforti9@google.co.uk
Adoree,Masding,amasdingia@fastcompany.com
Marcie,Alders,maldersib@ihg.com
Raimondo,Elecum,relecumic@themeforest.net
Rosamond,Kirman,rkirmanid@irs.gov
Brooke,Gahagan,bgahaganie@ebay.co.uk
Abram,Licquorish,alicquorishif@umn.edu
Maribelle,Morston,mmorstonig@xrea.com
Devina,Belle,dbelleih@1und1.de
Gayle,Lugard,glugardii@aboutads.info
Chico,Keller,ckellerij@va.gov
Olag,Dresche,odrescheik@zdnet.com
Claudius,Skeldon,cskeldonil@nba.com
Leigh,Filipychev,lfilipychevim@springer.com
Viviana,Peoples,vpeoplesin@diigo.com
Vernon,Espine,vespineio@comcast.net
Merlina,Doree,mdoreeip@un.org
Ilario,Castagne,icastagneiq@rambler.ru
Janenna,Eastmead,jeastmeadir@tripadvisor.com
Rosamund,Bauchop,rbauchopis@yolasite.com
Marcia,Cassius,mcassiusit@java.com
Nessie,Hoodlass,nhoodlassiu@unblog.fr
Willetta,Attenborrow,wattenborrowiv@oakley.com
Natalina,Fawdry,nfawdryiw@yandex.ru
Moll,Solloway,msollowayix@telegraph.co.uk
Susanetta,Robers,srobersiy@prnewswire.com
Marsh,Quested,mquestediz@xing.com
Mackenzie,Kilbane,mkilbanej0@google.pl
Colas,Glisenan,cglisenanj1@google.pl
Nil,Fundell,nfundellj2@aboutads.info
Tami,Landeg,tlandegj3@wired.com
Miltie,Faulkes,mfaulkesj4@weebly.com
Marta,Hylton,mhyltonj5@bing.com
Ber,Purvis,bpurvisj6@wired.com
Cyndie,Okenfold,cokenfoldj7@diigo.com
Trixy,Carwithim,tcarwithimj8@about.me
Jessee,Waiting,jwaitingj9@instagram.com
Salvatore,Aslett,saslettja@utexas.edu
Raddie,Hurley,rhurleyjb@shutterfly.com
Brenna,Garnsworthy,bgarnsworthyjc@posterous.com
Harlie,Uc,hucjd@nyu.edu
Hana,Huntriss,hhuntrissje@t-online.de
Maddy,Wisam,mwisamjf@geocities.jp
Sheilah,Deinhard,sdeinhardjg@merriam-webster.com
Zeke,McKevin,zmckevinjh@whitehouse.gov
Tucky,Gunningham,tgunninghamji@acquirethisname.com
Sibyl,Magner,smagnerjj@livejournal.com
Gianna,Fetters,gfettersjk@huffingtonpost.com
Kania,Giorgielli,kgiorgiellijl@addthis.com
Carmel,Buttner,cbuttnerjm@yahoo.com
Hugues,Cobden,hcobdenjn@altervista.org
Abeu,Karppi,akarppijo@gov.uk
Wilhelm,Braganca,wbragancajp@marriott.com
Melodee,Gianolini,mgianolinijq@hc360.com
Cyrillus,Aldersea,calderseajr@webs.com
Nari,Foxon,nfoxonjs@msu.edu
Lydie,Warlawe,lwarlawejt@va.gov
Crichton,Fearneley,cfearneleyju@nymag.com
Alic,Binning,abinningjv@who.int
Fransisco,Ramage,framagejw@paypal.com
Fifi,McCoish,fmccoishjx@redcross.org
Florentia,Kitchen,fkitchenjy@privacy.gov.au
Izabel,Layus,ilayusjz@theatlantic.com
Margaretta,Doucette,mdoucettek0@sohu.com
Westleigh,Tyler,wtylerk1@icq.com
Allard,Circuitt,acircuittk2@imgur.com
Isobel,Paula,ipaulak3@shutterfly.com
Mara,Deuss,mdeussk4@t.co
Mel,Fortun,mfortunk5@skyrock.com
Betti,Vassano,bvassanok6@dion.ne.jp
Willabella,Try,wtryk7@noaa.gov
Johnathan,Lenton,jlentonk8@comcast.net
Octavia,Helix,ohelixk9@oracle.com
Derick,Sima,dsimaka@360.cn
Marsha,Leban,mlebankb@prnewswire.com
Tamarra,Redman,tredmankc@hugedomains.com
Hobard,Bedham,hbedhamkd@fc2.com
Anna-diana,Batalini,abatalinike@npr.org
Philipa,Bockh,pbockhkf@latimes.com
Modesty,Tift,mtiftkg@gravatar.com
Ilyssa,Ipgrave,iipgravekh@wsj.com
Anders,Heustice,aheusticeki@alibaba.com
Alyosha,Pietasch,apietaschkj@sitemeter.com
Amelia,Sapson,asapsonkk@marriott.com
Tera,Eassom,teassomkl@about.me
Cami,Creasy,ccreasykm@imgur.com
Charlot,Breadmore,cbreadmorekn@fema.gov
Dalt,Chetwin,dchetwinko@imdb.com
Andonis,Mawson,amawsonkp@dropbox.com
Nerty,Shobrook,nshobrookkq@businessinsider.com
Geno,Newberry,gnewberrykr@cornell.edu
Tony,Tarpey,ttarpeyks@youtube.com
Bret,Roycroft,broycroftkt@about.com
Josee,Herries,jherriesku@rambler.ru
Korry,Hoodless,khoodlesskv@wp.com
Borg,Ioannidis,bioannidiskw@free.fr
Aretha,Balham,abalhamkx@narod.ru
Freddy,Hunnywell,fhunnywellky@google.com.hk
Gayel,MacPeake,gmacpeakekz@xing.com
Neils,Bridgen,nbridgenl0@xrea.com
Dacey,Hallwell,dhallwelll1@flavors.me
Peder,Geri,pgeril2@kickstarter.com
Barbabas,Yurivtsev,byurivtsevl3@fda.gov
Buddie,Crosland,bcroslandl4@opera.com
Theodoric,Colley,tcolleyl5@weibo.com
Patrizia,Kirkbride,pkirkbridel6@baidu.com
Malchy,Timbrell,mtimbrelll7@wix.com
Happy,Boake,hboakel8@wufoo.com
Regan,Stennard,rstennardl9@github.io
Katharyn,Heminsley,kheminsleyla@lycos.com
Monty,Dreher,mdreherlb@simplemachines.org
Obed,David,odavidlc@usnews.com
Bartlet,McCrossan,bmccrossanld@homestead.com
Scotty,Kenealy,skenealyle@tripadvisor.com
Shelden,Clampton,sclamptonlf@miibeian.gov.cn
Martie,Menghi,mmenghilg@imageshack.us
Saraann,De la Eglise,sdelaegliselh@wikimedia.org
Seline,Turnell,sturnellli@lycos.com
Zollie,Ballin,zballinlj@symantec.com
Evita,Shepton,esheptonlk@t-online.de
Eran,Cannop,ecannopll@bandcamp.com
Brynne,Goundry,bgoundrylm@gizmodo.com
Analiese,Rusbridge,arusbridgeln@berkeley.edu
Meridith,Dugdale,mdugdalelo@toplist.cz
Donnie,Boyn,dboynlp@irs.gov
Rodney,McLaggan,rmclagganlq@google.cn
Ursuline,Tredinnick,utredinnicklr@indiegogo.com
Alister,Simcox,asimcoxls@goo.gl
Damita,Dunmuir,ddunmuirlt@army.mil
Hobie,Labarre,hlabarrelu@europa.eu
Ara,Tregale,atregalelv@comsenz.com
Karim,Kubicka,kkubickalw@cnn.com
Matthieu,Trevains,mtrevainslx@list-manage.com
Sharyl,Vassar,svassarly@ning.com
Nevile,Bottle,nbottlelz@netvibes.com
Sherlock,Shills,sshillsm0@pbs.org
Amalita,Fawke,afawkem1@si.edu
Penelope,D'Alessio,pdalessiom2@washington.edu
Tobe,Mumby,tmumbym3@msu.edu
Kellia,Borth,kborthm4@blogs.com
Whitman,Niles,wnilesm5@ca.gov
Margaretta,Shrubb,mshrubbm6@networksolutions.com
Maegan,Egdale,megdalem7@pbs.org
Suzy,Eilert,seilertm8@scientificamerican.com
Robbert,Ohm,rohmm9@tinypic.com
Mord,McIan,mmcianma@noaa.gov
Laurette,Deverille,ldeverillemb@theatlantic.com
Mitchel,Engelmann,mengelmannmc@tripadvisor.com
Obed,Ovey,ooveymd@jalbum.net
Madalyn,Eddolls,meddollsme@independent.co.uk
Caryn,Wathan,cwathanmf@comsenz.com
Trista,Milkins,tmilkinsmg@yellowpages.com
Tobin,Sargeant,tsargeantmh@time.com
Dasi,Geist,dgeistmi@senate.gov
Analiese,Gudyer,agudyermj@histats.com
Elnar,Ledes,eledesmk@tripadvisor.com
Taite,Stennine,tstennineml@abc.net.au
Natassia,Kelcher,nkelchermm@mtv.com
Oona,Ducker,oduckermn@foxnews.com
Derron,Cadlock,dcadlockmo@blinklist.com
Lev,Biffin,lbiffinmp@ucsd.edu
Rabbi,Soff,rsoffmq@slideshare.net
Renault,Chalfain,rchalfainmr@ocn.ne.jp
Blanche,McKirdy,bmckirdyms@t.co
Piper,Chillingworth,pchillingworthmt@vinaora.com
Cody,Sirett,csirettmu@deviantart.com
Hermione,McGoon,hmcgoonmv@mayoclinic.com
Lucretia,Noads,lnoadsmw@behance.net
Clara,Haggidon,chaggidonmx@howstuffworks.com
Kimberlee,Ashness,kashnessmy@blogger.com
Carolann,Kollach,ckollachmz@oaic.gov.au
Zeke,Gainsbury,zgainsburyn0@newsvine.com
Craggy,Cranham,ccranhamn1@prlog.org
Moss,Gaylord,mgaylordn2@fc2.com
Sayre,Whales,swhalesn3@umich.edu
Imelda,Stacy,istacyn4@slideshare.net
Quinn,Antonias,qantoniasn5@whitehouse.gov
Fin,Wroughton,fwroughtonn6@noaa.gov
Dulcea,Bansal,dbansaln7@miibeian.gov.cn
Clara,Bantock,cbantockn8@nbcnews.com
Oates,Thoma,othoman9@about.me
Allistir,Ghione,aghionena@jimdo.com
Craggy,Bezants,cbezantsnb@apache.org
Chrissy,De Marchi,cdemarchinc@wsj.com
Che,Brobyn,cbrobynnd@fc2.com
Cathyleen,Magson,cmagsonne@theguardian.com
Annabell,Ivey,aiveynf@cnbc.com
Valentino,Osinin,vosininng@mayoclinic.com
Sharla,McKane,smckanenh@phpbb.com
Allsun,Jore,ajoreni@reuters.com
Jyoti,Doxey,jdoxeynj@globo.com
Willem,Pennycord,wpennycordnk@europa.eu
Hi,Nice,hnicenl@umich.edu
Carlye,Trowl,ctrowlnm@elegantthemes.com
Noellyn,Horney,nhorneynn@ameblo.jp
Leroy,Screas,lscreasno@webmd.com
Patsy,Gogin,pgoginnp@yandex.ru
Jeri,Alfonso,jalfonsonq@naver.com
Carline,Merwe,cmerwenr@prnewswire.com
Ozzie,Hylden,ohyldenns@psu.edu
Igor,Feak,ifeaknt@dropbox.com
Ferdinanda,Wank,fwanknu@mtv.com
Meta,Wallwood,mwallwoodnv@npr.org
Adina,Halloway,ahallowaynw@adobe.com
Jacquette,Taffarello,jtaffarellonx@ocn.ne.jp
Gabey,Edland,gedlandny@techcrunch.com
Nappy,Croke,ncrokenz@accuweather.com
Udell,Bainton,ubaintono0@mlb.com
Lonnie,Challinor,lchallinoro1@tmall.com
Ulrick,Hallums,uhallumso2@netscape.com
Violette,Viall,vviallo3@smh.com.au
Ingrid,Ironmonger,iironmongero4@shop-pro.jp
Zachariah,Eringey,zeringeyo5@hao123.com
Carey,Czajka,cczajkao6@edublogs.org
Ninnetta,Kiernan,nkiernano7@wufoo.com
Roy,Hawthorne,rhawthorneo8@t-online.de
Maggie,Tondeur,mtondeuro9@cyberchimps.com
Claudianus,Lavender,clavenderoa@utexas.edu
Shannen,Benardet,sbenardetob@howstuffworks.com
Fidela,Corringham,fcorringhamoc@examiner.com
Morgan,Saltsberg,msaltsbergod@privacy.gov.au
Janeen,Abatelli,jabatellioe@amazonaws.com
Garrik,Daykin,gdaykinof@umn.edu
Byran,Androck,bandrockog@unesco.org
Janith,Bagshaw,jbagshawoh@mozilla.com
Kelwin,Hawney,khawneyoi@huffingtonpost.com
Abelard,Farries,afarriesoj@uiuc.edu
Milka,Yanuk,myanukok@newyorker.com
Aprilette,Baffin,abaffinol@constantcontact.com
Jorrie,Aggs,jaggsom@netscape.com
Daffie,Hover,dhoveron@vinaora.com
Rafaelia,Medlen,rmedlenoo@360.cn
Nata,Duigan,nduiganop@mit.edu
Ofelia,Sneaker,osneakeroq@yelp.com
Seka,Brann,sbrannor@cafepress.com
Mord,Redferne,mredferneos@timesonline.co.uk
Venus,Burrow,vburrowot@nifty.com
Sheila-kathryn,Jilkes,sjilkesou@desdev.cn
Winonah,Sallter,wsallterov@boston.com
Hamish,Marcum,hmarcumow@mozilla.com
Zarah,Towl,ztowlox@chron.com
Cozmo,Kiehl,ckiehloy@google.co.jp
Mathe,Heinish,mheinishoz@domainmarket.com
Fonz,Simmonite,fsimmonitep0@dailymotion.com
Dunstan,Rowbottom,drowbottomp1@bigcartel.com
Florri,Boulden,fbouldenp2@usda.gov
Cello,Steed,csteedp3@com.com
Jude,Demicoli,jdemicolip4@house.gov
Northrop,Give,ngivep5@studiopress.com
Federica,Gwyer,fgwyerp6@guardian.co.uk
Jecho,Waddicor,jwaddicorp7@cdbaby.com
Emmalynne,Jerisch,ejerischp8@plala.or.jp
Evyn,Korpal,ekorpalp9@meetup.com
Patrick,Gallety,pgalletypa@ucla.edu
Dorelia,Mohun,dmohunpb@typepad.com
Sherline,Begg,sbeggpc@bizjournals.com
Sadella,McCalum,smccalumpd@blogspot.com
Rowena,Gudde,rguddepe@senate.gov
Loree,Puddicombe,lpuddicombepf@bloglines.com
Agathe,Plaid,aplaidpg@bandcamp.com
Editha,Rentz,erentzph@nationalgeographic.com
Jessie,Kitchen,jkitchenpi@theguardian.com
Sheffie,Noble,snoblepj@blogspot.com
Renard,Chislett,rchislettpk@youtu.be
Karrah,Chomiszewski,kchomiszewskipl@meetup.com
Paten,Donett,pdonettpm@rakuten.co.jp
Noella,Beagen,nbeagenpn@si.edu
Ashely,Jonsson,ajonssonpo@domainmarket.com
Sibelle,Glowacki,sglowackipp@themeforest.net
Mollie,Dast,mdastpq@ucsd.edu
Ransell,Dethloff,rdethloffpr@opensource.org
Keeley,Lippini,klippinips@arizona.edu
Anatollo,Sarton,asartonpt@ebay.com
Donia,Comer,dcomerpu@vkontakte.ru
Ethel,Glendining,eglendiningpv@symantec.com
Noe,Plaskett,nplaskettpw@goo.gl
Lanna,Heathcoat,lheathcoatpx@senate.gov
Lincoln,O' Dooley,lodooleypy@google.fr
Zondra,Dickey,zdickeypz@umn.edu
Hernando,Ell,hellq0@sohu.com
Georgie,Philipard,gphilipardq1@epa.gov
Bellanca,Canape,bcanapeq2@businesswire.com
Cyndie,Stuchburie,cstuchburieq3@desdev.cn
Lian,Blizard,lblizardq4@storify.com
Issy,Vedishchev,ivedishchevq5@ameblo.jp
Adara,Skacel,askacelq6@phpbb.com
Clark,Skelding,cskeldingq7@fotki.com
Adan,Ortner,aortnerq8@buzzfeed.com
Rozalin,Suter,rsuterq9@163.com
Tamera,Gauvin,tgauvinqa@dailymail.co.uk
Skelly,McMonies,smcmoniesqb@wordpress.org
Gail,Cicci,gcicciqc@elpais.com
Walther,Weatherhill,wweatherhillqd@ihg.com
Daryl,Huortic,dhuorticqe@skyrock.com
Alexina,Lasslett,alasslettqf@state.tx.us
Marcellina,Salway,msalwayqg@mlb.com
Giulia,Faircley,gfaircleyqh@nifty.com
Rolland,Allibon,rallibonqi@noaa.gov
Marrilee,Botterman,mbottermanqj@lycos.com
Joyous,Gowman,jgowmanqk@dion.ne.jp
Aldric,Frammingham,aframminghamql@archive.org
Nanny,Shier,nshierqm@ustream.tv
Ivonne,Fawley,ifawleyqn@pbs.org
Miranda,Pyke,mpykeqo@alibaba.com
Janifer,Farnell,jfarnellqp@state.gov
Charmian,Shiel,cshielqq@wikia.com
Jarid,Nazer,jnazerqr@google.cn
Keenan,Dodgson,kdodgsonqs@ftc.gov
Eachelle,Matteo,ematteoqt@sciencedirect.com
Maurie,Happer,mhapperqu@cnet.com
Christoffer,Farfolomeev,cfarfolomeevqv@bbc.co.uk
Carola,Staining,cstainingqw@ameblo.jp
Vidovik,Kesby,vkesbyqx@dailymail.co.uk
Ganny,Easbie,geasbieqy@dyndns.org
Frederico,Mockler,fmocklerqz@usnews.com
Kizzie,Sobtka,ksobtkar0@clickbank.net
Thaddus,Defrain,tdefrainr1@deliciousdays.com
Clarisse,Izkoveski,cizkoveskir2@narod.ru
Laney,Belly,lbellyr3@samsung.com
Alleen,Runge,arunger4@printfriendly.com
Eziechiele,Chubb,echubbr5@columbia.edu
Kermy,Tossell,ktossellr6@wufoo.com
Burnaby,Packman,bpackmanr7@cisco.com
Evelin,Tapper,etapperr8@joomla.org
Britteny,Matteau,bmatteaur9@wordpress.org
Aurora,Weson,awesonra@whitehouse.gov
Gabi,Beharrell,gbeharrellrb@creativecommons.org
Grannie,Donahue,gdonahuerc@seattletimes.com
Letizia,Larratt,llarrattrd@desdev.cn
Filippo,Bignell,fbignellre@wikimedia.org
Stephie,Hammond,shammondrf@jigsy.com
Auberon,Leathlay,aleathlayrg@xrea.com
Levey,Marvell,lmarvellrh@dion.ne.jp
Grenville,Haffner,ghaffnerri@hibu.com
Bunni,Blackmore,bblackmorerj@t-online.de
Orlando,Falconer,ofalconerrk@etsy.com
Roth,Klimentyonok,rklimentyonokrl@patch.com
Gil,Woodbridge,gwoodbridgerm@webmd.com
Yoko,Hagwood,yhagwoodrn@tuttocitta.it
Deane,Geer,dgeerro@yelp.com
Rebeka,Fynn,rfynnrp@themeforest.net
Corby,Beadham,cbeadhamrq@sciencedirect.com
Helga,Peacop,hpeacoprr@amazon.de
