Dion,Megroff,dmegroff0@blogtalkradio.com
Nadean,Gounin,ngounin1@tmall.com
Imogene,Le Grice,ilegrice2@msn.com
Beale,Rustedge,brustedge3@rambler.ru
Stacee,De Gouy,sdegouy4@kickstarter.com
Molly,Monsey,mmonsey5@miitbeian.gov.cn
Shayne,Napton,snapton6@ucla.edu
Bary,Arnoult,barnoult7@cargocollective.com
Guthrie,Anfosso,ganfosso8@yale.edu
Andras,MacAlister,amacalister9@shinystat.com
Malvina,Noar,mnoara@illinois.edu
Thomasin,Gallimore,tgallimoreb@house.gov
Wald,Greedyer,wgreedyerc@blogs.com
Alexia,Gristwood,agristwoodd@who.int
Gladi,Bicknell,gbicknelle@fotki.com
Meier,MacArdle,mmacardlef@homestead.com
Kaitlyn,Lassell,klassellg@jugem.jp
Farrand,Wimpenny,fwimpennyh@reddit.com
Beverlee,Paulin,bpaulini@mail.ru
Hazel,Dallas,hdallasj@unc.edu
Tiler,Frohock,tfrohockk@mac.com
Darci,Vedenichev,dvedenichevl@amazon.com
Jameson,Peeters,jpeetersm@nydailynews.com
Sonny,Venny,svennyn@rediff.com
Luce,Scadden,lscaddeno@goo.ne.jp
Ricard,Cabral,rcabralp@blog.com
Reba,Dabels,rdabelsq@blogs.com
Carlo,Morfield,cmorfieldr@bluehost.com
Putnam,Ragate,pragates@bbb.org
Cordula,Giberd,cgiberdt@amazon.co.uk
Avictor,Errichiello,aerrichiellou@umn.edu
Felecia,Eginton,fegintonv@tripadvisor.com
Sim,Mocquer,smocquerw@guardian.co.uk
Trumaine,Samson,tsamsonx@usda.gov
Pris,Piwell,ppiwelly@mashable.com
Bertha,Boorne,bboornez@eepurl.com
Beitris,Aleshintsev,baleshintsev10@si.edu
Loella,Aguilar,laguilar11@apple.com
Dale,Abbot,dabbot12@zdnet.com
Ferdy,Edensor,fedensor13@miibeian.gov.cn
Ingar,Kirckman,ikirckman14@prnewswire.com
Garey,Feaveryear,gfeaveryear15@comsenz.com
Maureen,McElree,mmcelree16@imgur.com
Renie,Ranklin,rranklin17@msn.com
Wright,Belvard,wbelvard18@washingtonpost.com
Cyndi,Alflatt,calflatt19@jiathis.com
Darcy,Maymond,dmaymond1a@ebay.com
Mickie,Vassbender,mvassbender1b@statcounter.com
Pooh,Blaine,pblaine1c@comsenz.com
Nerte,Goulding,ngoulding1d@reference.com
Lydon,MacScherie,lmacscherie1e@homestead.com
Grissel,Farrance,gfarrance1f@slashdot.org
Andy,Newvill,anewvill1g@sbwire.com
Konstantine,Messham,kmessham1h@dion.ne.jp
Willetta,Hallsworth,whallsworth1i@ocn.ne.jp
Jefferey,Cosstick,jcosstick1j@youku.com
Raychel,Roycroft,rroycroft1k@rediff.com
Kahaleel,O'Driscoll,kodriscoll1l@feedburner.com
Beatrice,Gabbett,bgabbett1m@hostgator.com
Casey,Vassie,cvassie1n@istockphoto.com
Webster,Drayn,wdrayn1o@blinklist.com
Candi,Rawlinson,crawlinson1p@chron.com
Ashli,Rawsen,arawsen1q@parallels.com
Jonah,Stealfox,jstealfox1r@indiatimes.com
Roman,Dameisele,rdameisele1s@e-recht24.de
Thurston,Bernardes,tbernardes1t@theglobeandmail.com
Misty,Siaskowski,msiaskowski1u@so-net.ne.jp
Arly,Batchellor,abatchellor1v@facebook.com
Virgilio,Moylan,vmoylan1w@cdbaby.com
Amalia,Gelland,agelland1x@archive.org
Emmy,Slimon,eslimon1y@msu.edu
Buck,Brabban,bbrabban1z@tmall.com
Camila,Enright,cenright20@reverbnation.com
Mallory,Marquis,mmarquis21@nasa.gov
Aveline,Gibbs,agibbs22@indiegogo.com
Devland,Froment,dfroment23@tmall.com
Tanny,Semble,tsemble24@amazon.de
Auria,Huzzey,ahuzzey25@flavors.me
Lamar,Lippett,llippett26@admin.ch
Guthrey,Mundell,gmundell27@ehow.com
Dulcie,Doree,ddoree28@japanpost.jp
Lula,Thomazet,lthomazet29@wikipedia.org
Rosanne,Stainland,rstainland2a@aboutads.info
Orlan,Bugbird,obugbird2b@mysql.com
Luisa,Skeldinge,lskeldinge2c@1688.com
Valry,Hare,vhare2d@redcross.org
Fonsie,Howison,fhowison2e@bing.com
Bale,Iddiens,biddiens2f@msu.edu
Roxi,Sjollema,rsjollema2g@accuweather.com
Monte,De Gregorio,mdegregorio2h@blogger.com
Sherlocke,Banthorpe,sbanthorpe2i@gravatar.com
Mabelle,Elger,melger2j@reference.com
Monica,Terzo,mterzo2k@tumblr.com
Emanuele,Mauger,emauger2l@seesaa.net
Xena,Labitt,xlabitt2m@jiathis.com
Annabela,Le Jean,alejean2n@theglobeandmail.com
Cris,Harrigan,charrigan2o@360.cn
Inga,Pittem,ipittem2p@themeforest.net
Dory,Sture,dsture2q@shop-pro.jp
Tomkin,Astlet,tastlet2r@csmonitor.com
Godfree,Rillstone,grillstone2s@ezinearticles.com
Noach,Christopherson,nchristopherson2t@apple.com
Madelin,McGow,mmcgow2u@timesonline.co.uk
Josi,Sammars,jsammars2v@telegraph.co.uk
Cristionna,MacNeilly,cmacneilly2w@fda.gov
Cammy,Beteriss,cbeteriss2x@homestead.com
Leonie,Killick,lkillick2y@tuttocitta.it
Carolin,Tripney,ctripney2z@hhs.gov
Bonni,Jeacock,bjeacock30@google.com.au
Kelcy,Le Floch,klefloch31@guardian.co.uk
Giustina,Thomelin,gthomelin32@cloudflare.com
Andy,Dixey,adixey33@tinyurl.com
Carlene,Palomba,cpalomba34@ftc.gov
Lawry,Haimes,lhaimes35@xinhuanet.com
Irene,Yole,iyole36@theguardian.com
Sherline,Brafield,sbrafield37@twitter.com
Stacy,Nassy,snassy38@creativecommons.org
Sterling,Marsie,smarsie39@canalblog.com
Cindelyn,Matterdace,cmatterdace3a@google.com.au
Caye,Jacquemot,cjacquemot3b@virginia.edu
Rena,Raynor,rraynor3c@delicious.com
Harry,Pepis,hpepis3d@mail.ru
Nora,Codman,ncodman3e@smugmug.com
Alick,Graveston,agraveston3f@dailymail.co.uk
Nixie,Wragge,nwragge3g@skyrock.com
Royal,Leicester,rleicester3h@youtu.be
Starla,Arnowicz,sarnowicz3i@pinterest.com
Edythe,Wilden,ewilden3j@msu.edu
Brice,Hulstrom,bhulstrom3k@utexas.edu
Sergio,Vido,svido3l@diigo.com
Barbara,Gavrielli,bgavrielli3m@shutterfly.com
Jane,Kendrick,jkendrick3n@typepad.com
Vinson,Lackner,vlackner3o@soundcloud.com
Clea,Gregs,cgregs3p@marriott.com
Rebekah,Hryniewicki,rhryniewicki3q@plala.or.jp
Neel,Zorzini,nzorzini3r@ning.com
Courtnay,Mickan,cmickan3s@addthis.com
Harmony,Infantino,hinfantino3t@qq.com
Bertram,Bispo,bbispo3u@privacy.gov.au
Lauritz,Jendrassik,ljendrassik3v@hugedomains.com
Cassey,Greenhill,cgreenhill3w@wordpress.com
Barbee,Fullard,bfullard3x@bloomberg.com
Mohandis,Ashwood,mashwood3y@livejournal.com
Jeanine,Yakunchikov,jyakunchikov3z@chicagotribune.com
Philippe,Botright,pbotright40@over-blog.com
Mandi,Crawforth,mcrawforth41@google.com
Rick,Cawcutt,rcawcutt42@github.io
Matilda,Strippling,mstrippling43@va.gov
Ame,Hercules,ahercules44@washingtonpost.com
Nedda,Stooders,nstooders45@irs.gov
Carina,Vallack,cvallack46@geocities.jp
Katy,Bosward,kbosward47@cyberchimps.com
Lilah,Bevington,lbevington48@google.co.uk
Muriel,Simioli,msimioli49@istockphoto.com
Sander,Brimmacombe,sbrimmacombe4a@posterous.com
Sonia,Snoad,ssnoad4b@fc2.com
Isidro,Ahrend,iahrend4c@disqus.com
Cassie,Dowson,cdowson4d@soup.io
Candida,McGourty,cmcgourty4e@jimdo.com
Trixi,Dumpleton,tdumpleton4f@elegantthemes.com
Kessiah,MacClancey,kmacclancey4g@umich.edu
Tremaine,Passmore,tpassmore4h@timesonline.co.uk
Lazaro,Watton,lwatton4i@people.com.cn
Reamonn,Lanchbery,rlanchbery4j@123-reg.co.uk
Audrie,Aldred,aaldred4k@soundcloud.com
Mano,Adamec,madamec4l@liveinternet.ru
Car,Feast,cfeast4m@foxnews.com
Konstantine,Gregol,kgregol4n@flavors.me
Yuri,Broady,ybroady4o@cnbc.com
Harlie,Porrett,hporrett4p@linkedin.com
Artemus,Vernon,avernon4q@ezinearticles.com
Nicolea,Stollhofer,nstollhofer4r@hao123.com
Sonya,Godfroy,sgodfroy4s@infoseek.co.jp
Hailey,Lofting,hlofting4t@oakley.com
Fawne,Wyldbore,fwyldbore4u@dailymail.co.uk
Neile,Cushe,ncushe4v@state.tx.us
Kelly,Garrigan,kgarrigan4w@tuttocitta.it
Car,Domelow,cdomelow4x@prweb.com
Robbin,Tawse,rtawse4y@mit.edu
Sullivan,Dibbert,sdibbert4z@unc.edu
Kasper,Samsin,ksamsin50@msu.edu
Ferd,Franschini,ffranschini51@chronoengine.com
Val,Perryn,vperryn52@dmoz.org
Clay,Franzini,cfranzini53@bravesites.com
Leontyne,Stonard,lstonard54@microsoft.com
Frasquito,Blabie,fblabie55@msn.com
Ewell,Patnelli,epatnelli56@time.com
Stacey,Landman,slandman57@hp.com
Benn,Crowch,bcrowch58@list-manage.com
Tammy,Orrick,torrick59@rakuten.co.jp
Elston,Monard,emonard5a@psu.edu
Cosetta,Wynne,cwynne5b@artisteer.com
Janaye,Livesay,jlivesay5c@freewebs.com
Storm,Weatherburn,sweatherburn5d@google.it
Ingaberg,Jodlowski,ijodlowski5e@desdev.cn
Marion,Igglesden,migglesden5f@constantcontact.com
Stanly,McWhorter,smcwhorter5g@pagesperso-orange.fr
Dietrich,Plesing,dplesing5h@miibeian.gov.cn
Theda,Russen,trussen5i@studiopress.com
Aubine,Camacho,acamacho5j@netscape.com
Pearline,Laffling,plaffling5k@wsj.com
Ly,Flea,lflea5l@mtv.com
Matias,Connue,mconnue5m@storify.com
Ezechiel,Balas,ebalas5n@merriam-webster.com
Kristi,Colwell,kcolwell5o@nationalgeographic.com
Lenci,MacNeachtain,lmacneachtain5p@chicagotribune.com
Gerry,Minards,gminards5q@jiathis.com
Bank,Degoey,bdegoey5r@bravesites.com
Adler,Brumbye,abrumbye5s@aol.com
Arnie,Teasell,ateasell5t@si.edu
Liana,Alu,lalu5u@google.cn
Lodovico,Napolione,lnapolione5v@newsvine.com
Janelle,Bockmann,jbockmann5w@nasa.gov
Archambault,Ovens,aovens5x@nydailynews.com
Bebe,Hutcheons,bhutcheons5y@odnoklassniki.ru
Jonathan,Caban,jcaban5z@cbslocal.com
Arri,Wallsam,awallsam60@theatlantic.com
Milton,Treslove,mtreslove61@ocn.ne.jp
Elane,Mathwin,emathwin62@disqus.com
Joelly,Gierhard,jgierhard63@behance.net
Valera,Reavell,vreavell64@who.int
Selby,Towne,stowne65@china.com.cn
Emlynn,Letertre,eletertre66@stumbleupon.com
Roldan,Buckerfield,rbuckerfield67@etsy.com
Giacinta,Rowly,growly68@cdc.gov
Zachery,Jarvis,zjarvis69@sbwire.com
Moore,Huddle,mhuddle6a@rediff.com
Jacquette,Lyes,jlyes6b@sitemeter.com
Christabel,Marquese,cmarquese6c@gnu.org
Natassia,Castane,ncastane6d@cafepress.com
Kinnie,Cheston,kcheston6e@bing.com
Charo,Torfin,ctorfin6f@de.vu
Hal,Scarse,hscarse6g@soup.io
Chickie,Wylie,cwylie6h@independent.co.uk
Alysa,Reisk,areisk6i@slideshare.net
Kelley,Druitt,kdruitt6j@accuweather.com
Nataline,Gammons,ngammons6k@buzzfeed.com
Jazmin,Dan,jdan6l@sbwire.com
Gibbie,Colbron,gcolbron6m@mozilla.org
Nanny,Ainslie,nainslie6n@gravatar.com
Lucita,Wetton,lwetton6o@oracle.com
Joyous,Dubarry,jdubarry6p@blogger.com
Solly,Dalling,sdalling6q@live.com
Bonita,Sandom,bsandom6r@stumbleupon.com
Hailee,Bestman,hbestman6s@yelp.com
Cchaddie,Colby,ccolby6t@bandcamp.com
Jasen,Linde,jlinde6u@yandex.ru
Toddie,Dugmore,tdugmore6v@posterous.com
Coleman,Siderfin,csiderfin6w@illinois.edu
Corrie,Stoeck,cstoeck6x@unblog.fr
Bobina,Aspital,baspital6y@spiegel.de
Brennan,Maunder,bmaunder6z@bbc.co.uk
Mendy,Grewcock,mgrewcock70@spiegel.de
Anthea,Gummow,agummow71@umn.edu
Vail,Hughes,vhughes72@yandex.ru
Percy,Pettyfar,ppettyfar73@livejournal.com
Galvin,Vernall,gvernall74@ovh.net
Lamond,Ashbee,lashbee75@mashable.com
Lee,Grindlay,lgrindlay76@shutterfly.com
Vinita,Schachter,vschachter77@reddit.com
Alexandros,Whotton,awhotton78@google.com.au
Lucretia,Adshad,ladshad79@joomla.org
Blinni,Elgar,belgar7a@ox.ac.uk
Linoel,Perell,lperell7b@army.mil
Andrej,Vivien,avivien7c@xinhuanet.com
Bettina,Mathison,bmathison7d@samsung.com
Myriam,Deeble,mdeeble7e@ca.gov
Ruthy,Walthew,rwalthew7f@reddit.com
Venus,Huckell,vhuckell7g@dailymotion.com
Abbie,Vittery,avittery7h@stanford.edu
Juieta,Crampton,jcrampton7i@harvard.edu
Ali,Langstaff,alangstaff7j@cornell.edu
Jean,Measor,jmeasor7k@fastcompany.com
Beryl,Hathorn,bhathorn7l@spotify.com
Elijah,Capun,ecapun7m@jigsy.com
Steffi,Smeath,ssmeath7n@godaddy.com
Vivyan,McGeechan,vmcgeechan7o@t-online.de
Rory,Heberden,rheberden7p@usnews.com
Gertrude,Brian,gbrian7q@etsy.com
Nicki,Kennefick,nkennefick7r@etsy.com
Claire,Paoletti,cpaoletti7s@mediafire.com
Benedikta,Valde,bvalde7t@drupal.org
Yurik,Marie,ymarie7u@patch.com
Cort,McIlraith,cmcilraith7v@hexun.com
Ruperto,Pickavant,rpickavant7w@surveymonkey.com
Maighdiln,Plumbridge,mplumbridge7x@sogou.com
Eilis,Bome,ebome7y@smh.com.au
Hallie,Di Dello,hdidello7z@omniture.com
Chelsie,Portigall,cportigall80@weebly.com
Harri,Houlison,hhoulison81@google.nl
Reiko,Shwenn,rshwenn82@phoca.cz
Kele,Cyphus,kcyphus83@paginegialle.it
Gilbertina,Mathie,gmathie84@cbc.ca
Cornelia,Spragge,cspragge85@phpbb.com
Kira,Tyrie,ktyrie86@issuu.com
Lillian,Northleigh,lnorthleigh87@mayoclinic.com
Shay,Dufore,sdufore88@bravesites.com
Joby,Suston,jsuston89@paginegialle.it
Elianore,Castell,ecastell8a@si.edu
Eadith,Hawkwood,ehawkwood8b@ucla.edu
Felipa,Oppie,foppie8c@bravesites.com
Brit,Cable,bcable8d@theglobeandmail.com
Bram,Ganders,bganders8e@webs.com
Idell,Uttermare,iuttermare8f@xing.com
Winifield,Dobby,wdobby8g@instagram.com
Mahmud,Purrington,mpurrington8h@altervista.org
Marjy,Keems,mkeems8i@theatlantic.com
Ichabod,Zollner,izollner8j@cnet.com
Concordia,Windham,cwindham8k@ted.com
Ruby,Crummay,rcrummay8l@jigsy.com
Fabiano,Cuzen,fcuzen8m@about.me
Montgomery,Dysert,mdysert8n@soundcloud.com
Lilian,Ucchino,lucchino8o@opensource.org
Horacio,Lemme,hlemme8p@4shared.com
Aubrey,Renackowna,arenackowna8q@bbb.org
Leupold,Mea,lmea8r@icq.com
Idalia,Basek,ibasek8s@webeden.co.uk
Aldus,Bostick,abostick8t@comsenz.com
Mireille,Copnell,mcopnell8u@deliciousdays.com
Caro,Pieper,cpieper8v@ucoz.ru
Angelita,Dufaire,adufaire8w@cyberchimps.com
Sorcha,Jimes,sjimes8x@engadget.com
Eolande,Goodban,egoodban8y@sphinn.com
Amalea,Vanyutin,avanyutin8z@spiegel.de
Maxie,Simao,msimao90@51.la
Borg,McGuinley,bmcguinley91@digg.com
Lydon,Teresia,lteresia92@census.gov
Ambur,Tsar,atsar93@istockphoto.com
Louisa,Souza,lsouza94@github.com
Loy,Gentiry,lgentiry95@rambler.ru
Nomi,Mordan,nmordan96@fema.gov
Kailey,Mattosoff,kmattosoff97@comcast.net
Gail,Thorlby,gthorlby98@psu.edu
Alika,Kid,akid99@usatoday.com
Annelise,Dressell,adressell9a@github.io
Arlen,Rainey,arainey9b@dropbox.com
Loree,Grabban,lgrabban9c@cyberchimps.com
Annadiana,Edie,aedie9d@cargocollective.com
Eberhard,Hartnup,ehartnup9e@symantec.com
Stormi,Wise,swise9f@comcast.net
Franni,Curmi,fcurmi9g@themeforest.net
Staffard,Blankau,sblankau9h@businesswire.com
Emmett,Revington,erevington9i@cloudflare.com
Angelle,Crippell,acrippell9j@icio.us
Cecil,Kimmons,ckimmons9k@bravesites.com
Corinne,Fruen,cfruen9l@berkeley.edu
Vail,Larkin,vlarkin9m@networksolutions.com
Dalis,Rudall,drudall9n@google.ca
Livvy,Mergue,lmergue9o@marketwatch.com
Max,Axtell,maxtell9p@taobao.com
Anett,Keane,akeane9q@ft.com
Terrell,Nunnerley,tnunnerley9r@abc.net.au
Sandra,Kunz,skunz9s@alexa.com
Skelly,Venable,svenable9t@wired.com
Dory,Finch,dfinch9u@cafepress.com
Mata,McDuffie,mmcduffie9v@wsj.com
Eberhard,Charkham,echarkham9w@tripadvisor.com
Oswell,Chatburn,ochatburn9x@about.com
Hinze,Oakenfull,hoakenfull9y@chronoengine.com
Skipper,Wisker,swisker9z@biglobe.ne.jp
Domeniga,Breissan,dbreissana0@list-manage.com
Orin,Feacham,ofeachama1@aboutads.info
Teodora,Sweedland,tsweedlanda2@gmpg.org
Pavia,Hariot,phariota3@latimes.com
Hussein,Zamora,hzamoraa4@jalbum.net
Ranee,Lourenco,rlourencoa5@addtoany.com
Aubrie,Phalip,aphalipa6@usgs.gov
Ursulina,Ebanks,uebanksa7@issuu.com
Nicholle,Godsell,ngodsella8@hubpages.com
Klemens,Iacovelli,kiacovellia9@icq.com
Colline,Kiddy,ckiddyaa@noaa.gov
Dael,Hanselmann,dhanselmannab@senate.gov
Lawrence,Kolakowski,lkolakowskiac@accuweather.com
Jonie,Bourhill,jbourhillad@spiegel.de
Vaughan,Branton,vbrantonae@virginia.edu
Guthrie,Charles,gcharlesaf@theatlantic.com
Correy,Becker,cbeckerag@bigcartel.com
Lilian,Abbett,labbettah@usnews.com
Claretta,Iremonger,ciremongerai@google.com.br
Frederica,Gerrill,fgerrillaj@japanpost.jp
Janek,Stegers,jstegersak@diigo.com
Bowie,Esposi,besposial@wiley.com
Marijn,Bortoletti,mbortolettiam@arizona.edu
Berkie,Casaccio,bcasaccioan@mapy.cz
Godfree,Edy,gedyao@stanford.edu
Arlee,Dabrowski,adabrowskiap@hostgator.com
Neill,Ingreda,ningredaaq@wufoo.com
Stacee,Fattore,sfattorear@paypal.com
Burnard,Peach,bpeachas@deliciousdays.com
Darius,Hayth,dhaythat@printfriendly.com
Rhetta,Tombleson,rtomblesonau@sina.com.cn
Heindrick,Bleibaum,hbleibaumav@dion.ne.jp
Mar,Mc Carroll,mmccarrollaw@usa.gov
Sherwin,Shenley,sshenleyax@webs.com
Engracia,Raymond,eraymonday@jigsy.com
Kenyon,Nimmo,knimmoaz@furl.net
Roxane,Berth,rberthb0@twitpic.com
Clementine,Pinkett,cpinkettb1@sitemeter.com
Ethe,Coltart,ecoltartb2@redcross.org
Euphemia,Aguirrezabal,eaguirrezabalb3@bing.com
Juanita,Kondratenko,jkondratenkob4@yellowpages.com
Rhett,Padula,rpadulab5@yellowpages.com
Rosabel,Marquese,rmarqueseb6@ted.com
Gloriane,Gencke,ggenckeb7@admin.ch
Janella,Hogbourne,jhogbourneb8@newyorker.com
Zebedee,Cristofvao,zcristofvaob9@smugmug.com
Luigi,Lidstone,llidstoneba@pen.io
Shalne,Delete,sdeletebb@hao123.com
Patrizia,McDade,pmcdadebc@boston.com
Pren,Mucillo,pmucillobd@shop-pro.jp
Micheal,MacDiarmond,mmacdiarmondbe@liveinternet.ru
Prudy,Cesconi,pcesconibf@yolasite.com
Eolanda,Ritchings,eritchingsbg@liveinternet.ru
Gannie,Mapplethorpe,gmapplethorpebh@oaic.gov.au
Mohammed,Gecks,mgecksbi@google.it
Ina,Groucutt,igroucuttbj@bbb.org
Zonda,Ghiraldi,zghiraldibk@gov.uk
Kris,Gammet,kgammetbl@bigcartel.com
Christa,Lambertini,clambertinibm@360.cn
Raviv,Nassey,rnasseybn@dagondesign.com
Carolina,Edinboro,cedinborobo@ebay.co.uk
Poppy,Vany,pvanybp@prweb.com
Wayland,Iddison,widdisonbq@bing.com
Stephani,Scadding,sscaddingbr@yellowpages.com
Gael,Gergolet,ggergoletbs@360.cn
Leonid,Davenell,ldavenellbt@slashdot.org
Todd,Naton,tnatonbu@zdnet.com
Konstanze,BoHlingolsen,kbohlingolsenbv@ox.ac.uk
Petronella,Janca,pjancabw@sakura.ne.jp
Polly,Pavlata,ppavlatabx@economist.com
Mariejeanne,Thackston,mthackstonby@cargocollective.com
Zorana,Lukianov,zlukianovbz@macromedia.com
Padraic,McCreagh,pmccreaghc0@oaic.gov.au
Keri,Bever,kbeverc1@washingtonpost.com
Laetitia,Kopje,lkopjec2@ebay.co.uk
Elnar,Herion,eherionc3@de.vu
Cathe,Shird,cshirdc4@loc.gov
Willa,Leebetter,wleebetterc5@marriott.com
Kirby,Philippsohn,kphilippsohnc6@jalbum.net
Lief,Naton,lnatonc7@vk.com
Bertrando,Burghall,bburghallc8@wisc.edu
Griffin,Sextone,gsextonec9@youtube.com
Shepperd,Sanney,ssanneyca@xrea.com
Nealon,de Voiels,ndevoielscb@soundcloud.com
Adaline,Wickliffe,awickliffecc@sohu.com
Adan,Bunclark,abunclarkcd@gnu.org
Elianora,Cunniam,ecunniamce@wp.com
Gilberte,Austin,gaustincf@tripadvisor.com
Sunshine,Peal,spealcg@jiathis.com
Hilary,Kelledy,hkelledych@webnode.com
Greg,Dowbiggin,gdowbigginci@abc.net.au
Atlante,Linklet,alinkletcj@adobe.com
Griffie,Torbet,gtorbetck@comsenz.com
Vyky,Archambault,varchambaultcl@upenn.edu
Manda,Lille,mlillecm@mozilla.com
Saunders,Verissimo,sverissimocn@squidoo.com
Daniele,Benedyktowicz,dbenedyktowiczco@netscape.com
Torrin,Hynard,thynardcp@marriott.com
Jasmine,Parkins,jparkinscq@msu.edu
Hyacinthie,Belchem,hbelchemcr@tamu.edu
Jermaine,Hasluck,jhasluckcs@skyrock.com
Lizabeth,Ivashechkin,livashechkinct@icq.com
Tomasina,Hourahan,thourahancu@samsung.com
Joni,Ramsdell,jramsdellcv@va.gov
Charil,Pixton,cpixtoncw@vistaprint.com
Lorin,Liver,llivercx@bloomberg.com
Lanna,Patek,lpatekcy@webs.com
Dorothee,Kuhnt,dkuhntcz@paypal.com
Jillene,Ruston,jrustond0@cdc.gov
Annaliese,Domengue,adomengued1@china.com.cn
Forster,Askham,faskhamd2@salon.com
Bartholemy,Alfonsetti,balfonsettid3@umn.edu
Jone,McGorman,jmcgormand4@de.vu
Gilburt,Maxted,gmaxtedd5@tinyurl.com
Lianne,Gallie,lgallied6@yandex.ru
Matti,McGerr,mmcgerrd7@prweb.com
Wanda,Offell,woffelld8@artisteer.com
Ilysa,Tait,itaitd9@cdbaby.com
Catarina,Rowet,crowetda@toplist.cz
Laura,Botterman,lbottermandb@mapy.cz
Lionello,Harbidge,lharbidgedc@last.fm
Wallache,Mouncey,wmounceydd@parallels.com
Yardley,Lillyman,ylillymande@umn.edu
Celia,Muro,cmurodf@reddit.com
Tory,Kissock,tkissockdg@fastcompany.com
Felice,Mauchline,fmauchlinedh@g.co
Jilli,Biggadyke,jbiggadykedi@prnewswire.com
Adorne,Rymmer,arymmerdj@ucoz.com
Logan,Ostler,lostlerdk@ucoz.com
Monroe,Jenkyn,mjenkyndl@cnn.com
Georgy,Gooders,ggoodersdm@free.fr
Batsheva,Plummer,bplummerdn@ning.com
Lyndy,Miquelet,lmiqueletdo@time.com
Letty,Brookesbie,lbrookesbiedp@mail.ru
Sumner,Hazel,shazeldq@163.com
Mano,Tungay,mtungaydr@ucoz.com
Rhea,Zamorano,rzamoranods@joomla.org
Tad,Raiston,traistondt@usda.gov
Lucian,Blennerhassett,lblennerhassettdu@baidu.com
Erasmus,McFade,emcfadedv@amazon.co.jp
Lovell,Rotge,lrotgedw@paginegialle.it
Bennett,Devenish,bdevenishdx@barnesandnoble.com
Rooney,Evens,revensdy@symantec.com
Kimmi,Menhenitt,kmenhenittdz@microsoft.com
Daphne,Trewartha,dtrewarthae0@oaic.gov.au
Angeline,Burburough,aburburoughe1@jalbum.net
Tamas,Lingwood,tlingwoode2@tamu.edu
Eberhard,Grinyer,egrinyere3@microsoft.com
Stafford,Hovenden,shovendene4@storify.com
Phyllis,Evitt,pevitte5@usda.gov
Marty,Malling,mmallinge6@paypal.com
Nial,Truggian,ntruggiane7@dagondesign.com
Hillery,Loines,hloinese8@ifeng.com
Claybourne,Airds,cairdse9@github.com
Emmalee,Frisel,efriselea@usa.gov
Claudine,Loney,cloneyeb@tamu.edu
Joachim,Okenden,jokendenec@cornell.edu
Jerrilyn,Grigoli,jgrigolied@loc.gov
Hasheem,Exell,hexellee@nydailynews.com
Yevette,Tovey,ytoveyef@qq.com
Jennie,Kaser,jkasereg@amazon.co.uk
Gallard,Mc Caughan,gmccaughaneh@t-online.de
Lemuel,Grotty,lgrottyei@artisteer.com
Elizabeth,Dysert,edysertej@php.net
Susi,Manach,smanachek@surveymonkey.com
Faye,Date,fdateel@zimbio.com
Niki,Brade,nbradeem@liveinternet.ru
Neddie,Staziker,nstazikeren@kickstarter.com
Gertrud,Grivori,ggrivorieo@vkontakte.ru
Edouard,Ivancevic,eivancevicep@un.org
Gene,Gentric,ggentriceq@vk.com
Eran,Eyton,eeytoner@imgur.com
Donaugh,Honeyghan,dhoneyghanes@nbcnews.com
Toby,Wibrew,twibrewet@360.cn
Jackie,Lightfoot,jlightfooteu@illinois.edu
Carilyn,Messager,cmessagerev@toplist.cz
Shurlocke,Pozzi,spozziew@disqus.com
Raphaela,Verrills,rverrillsex@prnewswire.com
Kristine,Scollick,kscollickey@unc.edu
Tova,Challenor,tchallenorez@jimdo.com
Boyce,Gieraths,bgierathsf0@com.com
Meade,Clouter,mclouterf1@hostgator.com
Clement,Andreotti,candreottif2@t.co
Eddie,Ervin,eervinf3@freewebs.com
Kimbra,Klampk,kklampkf4@woothemes.com
Edwina,Hawney,ehawneyf5@mtv.com
Vincent,Dongles,vdonglesf6@blogtalkradio.com
Harlan,Payler,hpaylerf7@foxnews.com
Marcie,Hattrick,mhattrickf8@e-recht24.de
Gail,Schoenfisch,gschoenfischf9@buzzfeed.com
Mignonne,Andrassy,mandrassyfa@icq.com
Rodney,Davidove,rdavidovefb@t-online.de
Hilario,Caulcutt,hcaulcuttfc@furl.net
Carmelita,Balharrie,cbalharriefd@geocities.com
Giuseppe,Jaquiss,gjaquissfe@goodreads.com
Garwood,Killingsworth,gkillingsworthff@delicious.com
Lonnie,Killingsworth,lkillingsworthfg@pcworld.com
Arleta,Springer,aspringerfh@weebly.com
Jeanelle,Dorrance,jdorrancefi@csmonitor.com
Sabina,Goozee,sgoozeefj@washingtonpost.com
Quinn,Dando,qdandofk@canalblog.com
Maggy,Gaukrodge,mgaukrodgefl@hao123.com
Janaya,Meltetal,jmeltetalfm@hao123.com
Zsazsa,Barney,zbarneyfn@indiatimes.com
Laverne,Cornborough,lcornboroughfo@paginegialle.it
Midge,Fenby,mfenbyfp@a8.net
Neale,McKeown,nmckeownfq@ebay.co.uk
Gianina,Skippon,gskipponfr@seattletimes.com
Gretna,Maberley,gmaberleyfs@cnet.com
Janifer,Lestor,jlestorft@indiatimes.com
Elaine,Senter,esenterfu@tiny.cc
Cecelia,Hutchinson,chutchinsonfv@wiley.com
Ida,Connue,iconnuefw@utexas.edu
Nadeen,Rablan,nrablanfx@acquirethisname.com
Lorettalorna,Growcott,lgrowcottfy@hostgator.com
Livvyy,Ionn,lionnfz@gravatar.com
Marin,Kalderon,mkalderong0@furl.net
Charlean,Midford,cmidfordg1@gravatar.com
Court,Fleckno,cflecknog2@jalbum.net
Nadya,Iacapucci,niacapuccig3@lulu.com
Redd,Hexum,rhexumg4@craigslist.org
Erika,Andersch,eanderschg5@51.la
Quentin,Salthouse,qsalthouseg6@businessinsider.com
Constanta,Earlam,cearlamg7@google.com.hk
Talyah,Alwen,talweng8@washingtonpost.com
Freddi,Branchet,fbranchetg9@statcounter.com
Denyse,Brunotti,dbrunottiga@mail.ru
Coop,Adshed,cadshedgb@wisc.edu
Neddy,Roistone,nroistonegc@mozilla.org
Tally,Hacking,thackinggd@wiley.com
Mariel,Rodders,mroddersge@toplist.cz
Abbey,Pavinese,apavinesegf@list-manage.com
Logan,Dartnell,ldartnellgg@blogs.com
Amanda,Davydoch,adavydochgh@bizjournals.com
Leroy,Crux,lcruxgi@cisco.com
Benedetta,Dalmon,bdalmongj@umn.edu
Rozina,Beeble,rbeeblegk@weebly.com
Jaymee,Boice,jboicegl@hostgator.com
Berte,Paolino,bpaolinogm@fastcompany.com
Bell,Greser,bgresergn@over-blog.com
Ronny,Faulkener,rfaulkenergo@gizmodo.com
Mathian,Cubbon,mcubbongp@trellian.com
Winnie,Baseggio,wbaseggiogq@parallels.com
Morten,Petru,mpetrugr@newyorker.com
Patience,Robertsson,probertssongs@webs.com
Lilllie,Hyams,lhyamsgt@google.fr
Nicolas,Hylton,nhyltongu@topsy.com
Bar,Schouthede,bschouthedegv@washington.edu
Florella,Birtle,fbirtlegw@drupal.org
Kennan,Goulder,kgouldergx@ning.com
Corabella,McTerlagh,cmcterlaghgy@1688.com
Muhammad,Charrier,mcharriergz@bravesites.com
Olive,Barrott,obarrotth0@usgs.gov
Melesa,Danbury,mdanburyh1@bbb.org
Kerwin,Beresford,kberesfordh2@sina.com.cn
Ardyce,Mohun,amohunh3@admin.ch
See,Nacci,snaccih4@senate.gov
Darsie,Baurerich,dbaurerichh5@usgs.gov
Katy,Muttitt,kmuttitth6@youku.com
Aluino,Carriage,acarriageh7@fda.gov
Care,Erwin,cerwinh8@wisc.edu
Cass,Oldall,coldallh9@ed.gov
Don,Righy,drighyha@topsy.com
Joseito,Offiler,joffilerhb@irs.gov
Phip,Thomel,pthomelhc@mit.edu
Tessi,Bastow,tbastowhd@virginia.edu
Corina,Hendrix,chendrixhe@parallels.com
Vivianna,Lambourne,vlambournehf@histats.com
Irwin,Georgievski,igeorgievskihg@va.gov
Isidore,Stronge,istrongehh@yahoo.co.jp
Karie,Arnely,karnelyhi@guardian.co.uk
Car,McArthur,cmcarthurhj@marketwatch.com
Diego,McClinton,dmcclintonhk@cocolog-nifty.com
Adorne,Reuther,areutherhl@macromedia.com
Kelby,Ivoshin,kivoshinhm@acquirethisname.com
Angelia,Murrey,amurreyhn@aboutads.info
Pru,Mityakov,pmityakovho@cbslocal.com
Nata,Bridgnell,nbridgnellhp@usa.gov
Bailey,Samms,bsammshq@harvard.edu
Hanan,Penketh,hpenkethhr@ucoz.ru
Peria,Hulland,phullandhs@google.com.br
Aldis,Seward,asewardht@e-recht24.de
Liam,Perfili,lperfilihu@illinois.edu
Xylina,Kingwell,xkingwellhv@jimdo.com
Vivianne,De Blasi,vdeblasihw@pinterest.com
Kathleen,Yeude,kyeudehx@behance.net
Frannie,Clendennen,fclendennenhy@alibaba.com
Burl,Andretti,bandrettihz@youku.com
Arliene,Roote,arootei0@salon.com
Ansley,Rieger,ariegeri1@wp.com
Alissa,Scotchmoor,ascotchmoori2@cyberchimps.com
Mead,Knevett,mknevetti3@artisteer.com
Lezley,Jagger,ljaggeri4@answers.com
Cindy,Nickoll,cnickolli5@jugem.jp
Leo,Pearle,lpearlei6@unesco.org
Siward,Brangan,sbrangani7@dell.com
Alejandro,Sparkwell,asparkwelli8@disqus.com
Cori,Yurocjhin,cyurocjhini9@exblog.jp
Mandel,Trude,mtrudeia@msu.edu
Nedi,Duffield,nduffieldib@blog.com
Madelyn,Bosward,mboswardic@whitehouse.gov
Delinda,Archard,darchardid@clickbank.net
Timotheus,Brannon,tbrannonie@weebly.com
Jill,Fardon,jfardonif@businessweek.com
Michaeline,Witts,mwittsig@elpais.com
Julie,Hartus,jhartusih@geocities.jp
Lian,De Launde,ldelaundeii@rambler.ru
Lew,Frill,lfrillij@examiner.com
Jeremiah,Sexty,jsextyik@cisco.com
Lise,MacAllester,lmacallesteril@dyndns.org
Lorrin,Leaney,lleaneyim@blogtalkradio.com
Rivalee,Cometto,rcomettoin@freewebs.com
Melli,Waghorn,mwaghornio@google.pl
Florie,Espine,fespineip@elpais.com
Bonnibelle,Katz,bkatziq@hud.gov
Piotr,Currum,pcurrumir@berkeley.edu
Cross,Lackner,clackneris@t-online.de
Matthieu,Cottel,mcottelit@npr.org
Stacy,Bentjens,sbentjensiu@miibeian.gov.cn
Tyler,Slyme,tslymeiv@hp.com
Anetta,Libreros,alibrerosiw@mysql.com
Tobias,Ranald,tranaldix@surveymonkey.com
Vickie,Huckle,vhuckleiy@163.com
Fran,Hobgen,fhobgeniz@salon.com
Victoria,Itscowics,vitscowicsj0@wikispaces.com
Osborne,Fay,ofayj1@examiner.com
Roarke,Slate,rslatej2@reverbnation.com
Brion,Marwood,bmarwoodj3@tmall.com
Emmie,Boschmann,eboschmannj4@fda.gov
Henrieta,Smithers,hsmithersj5@dailymotion.com
Alta,Mayho,amayhoj6@disqus.com
Codi,Breffit,cbreffitj7@reddit.com
Stormy,Bradnock,sbradnockj8@symantec.com
Darsie,Worswick,dworswickj9@webmd.com
Launce,Crickmer,lcrickmerja@pinterest.com
Waylon,Ruselin,wruselinjb@washingtonpost.com
Lewie,Matyasik,lmatyasikjc@utexas.edu
Hercule,Joska,hjoskajd@seattletimes.com
Dorey,Wrey,dwreyje@usnews.com
Rad,Blackler,rblacklerjf@biblegateway.com
Loella,Hambrook,lhambrookjg@angelfire.com
Maryl,Rosenshine,mrosenshinejh@symantec.com
Kanya,Howcroft,khowcroftji@archive.org
Wyatan,Cuerdall,wcuerdalljj@parallels.com
Alaster,O'Feeny,aofeenyjk@privacy.gov.au
Hilliary,Bruhnsen,hbruhnsenjl@alexa.com
Jobie,Lyenyng,jlyenyngjm@unc.edu
Sharia,Burr,sburrjn@arizona.edu
Raven,Beecroft,rbeecroftjo@unc.edu
Jarib,Garnar,jgarnarjp@pbs.org
Malina,Ceschi,mceschijq@blog.com
Crissie,Dulieu,cdulieujr@dell.com
Wally,Simko,wsimkojs@samsung.com
Abbe,Polle,apollejt@ebay.co.uk
Marsiella,Laying,mlayingju@yahoo.com
Audie,De Bernardi,adebernardijv@icio.us
Ophelie,Dunleavy,odunleavyjw@clickbank.net
Laurene,Hawton,lhawtonjx@deviantart.com
Yvette,Jordanson,yjordansonjy@cnn.com
Krystal,Sisland,ksislandjz@hexun.com
Terese,Harriman,tharrimank0@blogs.com
Rachel,Kelcher,rkelcherk1@jalbum.net
Georg,Hof,ghofk2@homestead.com
Mercy,Pactat,mpactatk3@mediafire.com
Orton,Barnish,obarnishk4@pagesperso-orange.fr
Gannie,Rawson,grawsonk5@pcworld.com
Obie,Beringer,oberingerk6@google.com.au
Brnaba,Leeb,bleebk7@networkadvertising.org
Jobye,Jeanon,jjeanonk8@chron.com
Nikos,Warrack,nwarrackk9@yale.edu
Anne-marie,Seifenmacher,aseifenmacherka@ucoz.ru
Vidovik,Casier,vcasierkb@cisco.com
Millicent,Vogt,mvogtkc@ow.ly
Milissent,Jackett,mjackettkd@yolasite.com
Mychal,Colliard,mcolliardke@wsj.com
Chickie,Lawther,clawtherkf@cpanel.net
Doro,Marcombe,dmarcombekg@comcast.net
Frasco,Naismith,fnaismithkh@webeden.co.uk
Gweneth,Durtnal,gdurtnalki@techcrunch.com
Mattie,Carnew,mcarnewkj@amazon.co.uk
Sonni,Van der Kruis,svanderkruiskk@webnode.com
Juliet,Frenchum,jfrenchumkl@wikispaces.com
Eve,McGourty,emcgourtykm@typepad.com
Bertrand,Plastow,bplastowkn@ftc.gov
Markos,Bourchier,mbourchierko@nasa.gov
Stillman,McMurthy,smcmurthykp@upenn.edu
Godfry,Yesinov,gyesinovkq@addtoany.com
Auguste,Mingasson,amingassonkr@altervista.org
Allison,Ham,ahamks@com.com
Elyse,Mabe,emabekt@drupal.org
Morgen,Syred,msyredku@t.co
Shane,Wainscot,swainscotkv@mozilla.com
Monika,Gregson,mgregsonkw@sogou.com
Eugenie,Hayer,ehayerkx@rakuten.co.jp
Cyndi,Gillbee,cgillbeeky@newsvine.com
Aubry,Rames,arameskz@businessinsider.com
Sibyl,Gockeler,sgockelerl0@cornell.edu
Kizzie,Stalman,kstalmanl1@microsoft.com
Violetta,McEachern,vmceachernl2@spiegel.de
Patricia,Kohrsen,pkohrsenl3@gizmodo.com
Lara,Ivashov,livashovl4@yahoo.com
Melva,Jakeman,mjakemanl5@bravesites.com
Chaunce,Mulgrew,cmulgrewl6@creativecommons.org
Toma,Lett,tlettl7@zimbio.com
Brear,Ivett,bivettl8@narod.ru
Maure,Malt,mmaltl9@senate.gov
Lenka,Whitelaw,lwhitelawla@alexa.com
Bette-ann,Carlesi,bcarlesilb@reddit.com
Gage,Ranfield,granfieldlc@va.gov
Susanne,Juleff,sjuleffld@about.com
Saraann,Wratten,swrattenle@upenn.edu
Janna,Olivie,jolivielf@ftc.gov
Kelci,Rappoport,krappoportlg@cnet.com
Xenos,MacMenamie,xmacmenamielh@nsw.gov.au
Dena,Bruin,dbruinli@godaddy.com
Jereme,Nobes,jnobeslj@4shared.com
Nathanial,Bythell,nbythelllk@1688.com
Wilburt,Local,wlocalll@newsvine.com
Kalila,Strevens,kstrevenslm@cdbaby.com
Cthrine,Guswell,cguswellln@cbslocal.com
Marge,Brendeke,mbrendekelo@google.es
Shoshanna,Allery,sallerylp@acquirethisname.com
Roland,Britland,rbritlandlq@issuu.com
Heddi,Osipenko,hosipenkolr@shutterfly.com
Arnold,Bilam,abilamls@scribd.com
Gib,Threadkell,gthreadkelllt@istockphoto.com
Bryn,Lovick,blovicklu@smh.com.au
Philippine,Meron,pmeronlv@blogs.com
Pinchas,Folks,pfolkslw@multiply.com
Lorita,Pilkington,lpilkingtonlx@forbes.com
Winnie,Wegner,wwegnerly@opera.com
Auroora,Whittlesee,awhittleseelz@vimeo.com
Alano,Dorgan,adorganm0@paginegialle.it
Caron,Silverlock,csilverlockm1@wikispaces.com
Duff,Blesli,dbleslim2@hugedomains.com
Livy,Belton,lbeltonm3@buzzfeed.com
Dorene,McGurn,dmcgurnm4@sakura.ne.jp
Lucienne,Bonus,lbonusm5@vinaora.com
Anna-diane,Giannasi,agiannasim6@people.com.cn
Viviana,Castiblanco,vcastiblancom7@homestead.com
Colas,Coopper,ccoopperm8@fotki.com
Christian,Le Marquand,clemarquandm9@examiner.com
Nero,Neale,nnealema@bloomberg.com
Stanleigh,Greensite,sgreensitemb@opensource.org
Cindelyn,Ashburne,cashburnemc@jiathis.com
Lura,Gray,lgraymd@altervista.org
Jo ann,Gersam,jgersamme@qq.com
Dianne,Shacklady,dshackladymf@miitbeian.gov.cn
Pall,Apperley,papperleymg@posterous.com
Bobine,Kauschke,bkauschkemh@dyndns.org
Kelcy,Wadesworth,kwadesworthmi@pbs.org
Dmitri,Swanborough,dswanboroughmj@nsw.gov.au
Jerrie,Garth,jgarthmk@1688.com
Clayton,Loveguard,cloveguardml@gmpg.org
Gavin,Covet,gcovetmm@guardian.co.uk
Brynna,Pennoni,bpennonimn@nps.gov
Ber,Hissie,bhissiemo@cnn.com
Donni,Pimblotte,dpimblottemp@cam.ac.uk
Tierney,Rispine,trispinemq@usnews.com
Parrnell,Elbourne,pelbournemr@skype.com
Kinsley,Orring,korringms@ucoz.com
Gay,Hurdle,ghurdlemt@reddit.com
Bernhard,Dungay,bdungaymu@webeden.co.uk
Tiebold,Mackin,tmackinmv@cornell.edu
Edith,Raymond,eraymondmw@biglobe.ne.jp
Rachael,Atwood,ratwoodmx@friendfeed.com
Misti,Tilzey,mtilzeymy@discuz.net
Cathyleen,Donati,cdonatimz@hao123.com
Welsh,Dudin,wdudinn0@dell.com
Henri,Kleinhaus,hkleinhausn1@chron.com
Dulsea,Merit,dmeritn2@unicef.org
Meredithe,Masterton,mmastertonn3@google.pl
Keane,Garmanson,kgarmansonn4@gizmodo.com
Riley,Derrell,rderrelln5@github.io
Clara,Joice,cjoicen6@naver.com
Christie,Kenderdine,ckenderdinen7@rakuten.co.jp
Kirby,Fludder,kfluddern8@hud.gov
Cullen,Varvara,cvarvaran9@a8.net
Jack,Tomasicchio,jtomasicchiona@pinterest.com
Benedicto,Draysay,bdraysaynb@elegantthemes.com
Jeremie,Candish,jcandishnc@ifeng.com
Kerby,Sygroves,ksygrovesnd@answers.com
Lynn,Hallas,lhallasne@wikimedia.org
Cordula,Burnand,cburnandnf@cnn.com
Finlay,Pilbury,fpilburyng@hud.gov
Jacinthe,La Grange,jlagrangenh@domainmarket.com
Cyril,Mattacks,cmattacksni@theguardian.com
Christabella,Lockner,clocknernj@nature.com
Kevan,Fitzsymon,kfitzsymonnk@tinyurl.com
Nevil,Le - Count,nlecountnl@amazon.co.uk
Nestor,Connar,nconnarnm@vimeo.com
Zane,Gerbi,zgerbinn@psu.edu
Tandy,Pobjoy,tpobjoyno@t.co
Tucker,Gertz,tgertznp@yellowpages.com
Paton,Quinn,pquinnnq@themeforest.net
Jess,Breckwell,jbreckwellnr@examiner.com
Marco,Tourle,mtourlens@microsoft.com
Marcellus,McTiernan,mmctiernannt@netvibes.com
Meredithe,Martinolli,mmartinollinu@gnu.org
Michaeline,Gouly,mgoulynv@prnewswire.com
Berny,O'Glassane,boglassanenw@sogou.com
Vaughan,Tinker,vtinkernx@kickstarter.com
Sheeree,Rubbert,srubbertny@edublogs.org
Darda,Burfoot,dburfootnz@posterous.com
Sybil,Stanaway,sstanawayo0@discovery.com
Karrah,Norquoy,knorquoyo1@oracle.com
Dominga,Gorbell,dgorbello2@nyu.edu
Konstance,Curragh,kcurragho3@samsung.com
Tiebold,Snedker,tsnedkero4@sina.com.cn
Lazare,Dandison,ldandisono5@studiopress.com
Cari,Fone,cfoneo6@intel.com
Laurens,Van Merwe,lvanmerweo7@unc.edu
Davin,Cross,dcrosso8@netlog.com
Dew,Varfalameev,dvarfalameevo9@ucla.edu
Ozzy,Witcherley,owitcherleyoa@topsy.com
Lizzie,Staves,lstavesob@rambler.ru
Aura,Oak,aoakoc@geocities.com
Minne,Cawker,mcawkerod@psu.edu
Christy,Parkhouse,cparkhouseoe@china.com.cn
Gaven,Mundee,gmundeeof@auda.org.au
Evonne,Wehnerr,ewehnerrog@oracle.com
Jackie,Lanchbury,jlanchburyoh@abc.net.au
Dell,Bene,dbeneoi@bizjournals.com
Mair,Dorman,mdormanoj@t.co
Juliann,Kryska,jkryskaok@icio.us
Benita,Burnep,bburnepol@virginia.edu
Betty,Maas,bmaasom@opera.com
Valerie,Birk,vbirkon@tinyurl.com
Irene,Coldbathe,icoldbatheoo@cbsnews.com
Gaspar,Duchart,gduchartop@clickbank.net
Marysa,Prium,mpriumoq@scribd.com
Sasha,McGifford,smcgiffordor@storify.com
Helene,Harefoot,hharefootos@instagram.com
Petunia,Goody,pgoodyot@slate.com
Morissa,Wrought,mwroughtou@hexun.com
Rudolph,Thorrold,rthorroldov@tinypic.com
Sammy,Canton,scantonow@archive.org
Giacomo,Mannooch,gmannoochox@g.co
Dory,Hazeldene,dhazeldeneoy@diigo.com
Philippa,Knewstub,pknewstuboz@alexa.com
Ruthy,Cello,rcellop0@weebly.com
Hadria,McCoughan,hmccoughanp1@yandex.ru
Lorinda,Pelling,lpellingp2@hostgator.com
Frayda,Witch,fwitchp3@princeton.edu
Cesya,Harlow,charlowp4@nba.com
Quintilla,Gordon-Giles,qgordongilesp5@biglobe.ne.jp
Marys,Pittway,mpittwayp6@noaa.gov
Pierre,Sawers,psawersp7@msu.edu
Kaila,Bickerstaff,kbickerstaffp8@1und1.de
Holt,Levy,hlevyp9@who.int
Merci,Peter,mpeterpa@shinystat.com
Athena,Winsper,awinsperpb@wufoo.com
Chan,Vasyatkin,cvasyatkinpc@webnode.com
Dewey,Presswell,dpresswellpd@unicef.org
Wyatt,Keitley,wkeitleype@census.gov
Herc,Trinkwon,htrinkwonpf@netvibes.com
Brose,Este,bestepg@theglobeandmail.com
Myrah,Quinnelly,mquinnellyph@squarespace.com
Philippine,Mandry,pmandrypi@guardian.co.uk
Ulick,Roskelly,uroskellypj@ibm.com
Dorothee,Libby,dlibbypk@friendfeed.com
Madalena,Flew,mflewpl@is.gd
Mariana,Abelson,mabelsonpm@archive.org
Shermie,Aizlewood,saizlewoodpn@ibm.com
Fanchette,Paprotny,fpaprotnypo@auda.org.au
Cob,Harmston,charmstonpp@ycombinator.com
Florida,Kauffman,fkauffmanpq@qq.com
Tracey,Mowsdale,tmowsdalepr@aboutads.info
Russell,Liggett,rliggettps@fema.gov
Miltie,Halden,mhaldenpt@photobucket.com
Joanie,Begg,jbeggpu@go.com
Enriqueta,McWhinnie,emcwhinniepv@plala.or.jp
Rodrigo,Alflatt,ralflattpw@wordpress.com
Oralie,Bennit,obennitpx@multiply.com
Goraud,Salle,gsallepy@moonfruit.com
Reid,Auten,rautenpz@cloudflare.com
Robinia,Mirralls,rmirrallsq0@lycos.com
Dino,Edgeon,dedgeonq1@msu.edu
Angelita,Dowgill,adowgillq2@cnbc.com
Lurette,Hailes,lhailesq3@paypal.com
Pepi,Bellhanger,pbellhangerq4@exblog.jp
Salaidh,Isaq,sisaqq5@shutterfly.com
Nolly,Wallworke,nwallworkeq6@china.com.cn
Brew,Maile,bmaileq7@alexa.com
Nicola,Andriesse,nandriesseq8@devhub.com
Kerianne,Stringman,kstringmanq9@seattletimes.com
Papagena,Gunbie,pgunbieqa@hostgator.com
Gigi,Tarrier,gtarrierqb@geocities.jp
Florie,Damerell,fdamerellqc@ycombinator.com
Shelly,Linsay,slinsayqd@nature.com
Willdon,Derrett,wderrettqe@e-recht24.de
Creight,Szabo,cszaboqf@mail.ru
Keven,Golbourn,kgolbournqg@tuttocitta.it
Pepillo,Kelbie,pkelbieqh@nih.gov
Genna,Watterson,gwattersonqi@walmart.com
Noni,Baiyle,nbaiyleqj@home.pl
Glyn,Bucky,gbuckyqk@topsy.com
Gnni,Sparwell,gsparwellql@uol.com.br
Cyrus,Cawthry,ccawthryqm@alibaba.com
Bren,Redfern,bredfernqn@parallels.com
Allyce,Bruhnke,abruhnkeqo@gnu.org
Wallie,Davidow,wdavidowqp@mapquest.com
Inessa,Ewin,iewinqq@constantcontact.com
Brena,Knight,bknightqr@shinystat.com
Sherilyn,O'Shesnan,soshesnanqs@nytimes.com
Appolonia,Pudney,apudneyqt@archive.org
Beatrisa,Michelin,bmichelinqu@illinois.edu
Rafaela,Tallow,rtallowqv@msu.edu
Micaela,Tremayne,mtremayneqw@pbs.org
Zolly,Newbury,znewburyqx@nasa.gov
Ruthie,Henrot,rhenrotqy@xing.com
Wolf,Dyka,wdykaqz@cam.ac.uk
Justen,Winspare,jwinsparer0@china.com.cn
Gawen,Maymond,gmaymondr1@ovh.net
Aluin,Yewdall,ayewdallr2@shutterfly.com
Rose,Lorriman,rlorrimanr3@whitehouse.gov
Gizela,Tolwood,gtolwoodr4@altervista.org
Lavinie,Duligall,lduligallr5@artisteer.com
Tabatha,Linzee,tlinzeer6@va.gov
Olive,Stealey,ostealeyr7@webmd.com
Kylynn,Runnacles,krunnaclesr8@ycombinator.com
Filmer,Bilsborrow,fbilsborrowr9@bizjournals.com
Judon,Baglin,jbaglinra@usgs.gov
Devan,Chesterton,dchestertonrb@dot.gov
Jessi,Cuer,jcuerrc@moonfruit.com
Lucien,Steckings,lsteckingsrd@weather.com
Trefor,Scarce,tscarcere@instagram.com
Pinchas,De Freitas,pdefreitasrf@mysql.com
Alon,Wear,awearrg@parallels.com
Thelma,Latek,tlatekrh@examiner.com
Ardelis,Stanyard,astanyardri@hexun.com
Sunny,Tanswell,stanswellrj@sciencedaily.com
Ailis,Fruen,afruenrk@omniture.com
Brier,Newland,bnewlandrl@paginegialle.it
Harriett,Josefowicz,hjosefowiczrm@constantcontact.com
Frieda,Bowmaker,fbowmakerrn@cloudflare.com
Adeline,Laughnan,alaughnanro@sakura.ne.jp
Timoteo,De Vere,tdevererp@pcworld.com
Godiva,Boniface,gbonifacerq@wikia.com
Kiri,Ashwell,kashwellrr@spiegel.de
