Benyamin,Huff,bhuff0@ca.gov
Georgiana,Gasnoll,ggasnoll1@phoca.cz
Kelila,Shakesby,kshakesby2@mtv.com
Gayel,Torvey,gtorvey3@moonfruit.com
Swen,De La Salle,sdelasalle4@posterous.com
Sidonnie,Covill,scovill5@craigslist.org
Ceil,Fargie,cfargie6@cisco.com
Rawley,Kryzhov,rkryzhov7@godaddy.com
Forest,Kyd,fkyd8@bloglines.com
Salomi,Waldram,swaldram9@icio.us
Vasily,Briddock,vbriddocka@furl.net
Dorthea,Ardley,dardleyb@biblegateway.com
Ambrosius,Oldershaw,aoldershawc@wiley.com
Pasquale,Nannetti,pnannettid@bbc.co.uk
Elena,Armsby,earmsbye@flickr.com
Berty,Wellbeloved,bwellbelovedf@census.gov
Freddie,Skechley,fskechleyg@rediff.com
Ealasaid,McGrowther,emcgrowtherh@mayoclinic.com
Padraic,Screaton,pscreatoni@reuters.com
Steffen,Wilber,swilberj@umich.edu
Kimmi,Pidgeley,kpidgeleyk@nih.gov
Ravi,Tollfree,rtollfreel@icio.us
Ericka,Mogra,emogram@cpanel.net
Yanaton,Robberecht,yrobberechtn@unesco.org
Ros,Ummfrey,rummfreyo@umn.edu
Bren,McInteer,bmcinteerp@bloomberg.com
Ronna,Gammett,rgammettq@accuweather.com
Reagan,Prandin,rprandinr@sohu.com
Korey,Gebbe,kgebbes@xrea.com
Emerson,Munning,emunningt@meetup.com
Bud,Dutnall,bdutnallu@cargocollective.com
Tilda,Surplice,tsurplicev@apple.com
Prent,Spenceley,pspenceleyw@fema.gov
Waite,Strahan,wstrahanx@ebay.co.uk
Stephanie,Ludlom,sludlomy@soup.io
Zebedee,Danjoie,zdanjoiez@rediff.com
Coralie,Domnick,cdomnick10@arizona.edu
Junia,Mattersley,jmattersley11@stumbleupon.com
Tresa,Derdes,tderdes12@prlog.org
Nerte,Jirka,njirka13@adobe.com
Lenard,Olrenshaw,lolrenshaw14@bbc.co.uk
Northrop,Huyge,nhuyge15@alexa.com
Andre,Wormell,awormell16@stumbleupon.com
Adeline,Staker,astaker17@nymag.com
Ravi,Akenhead,rakenhead18@ebay.co.uk
Rafael,Bolderoe,rbolderoe19@google.co.uk
Manolo,Binner,mbinner1a@wikimedia.org
Dorelle,O'Hone,dohone1b@utexas.edu
Claudina,Titherington,ctitherington1c@w3.org
Aleece,Rosbrough,arosbrough1d@bluehost.com
Silvan,Magne,smagne1e@ucla.edu
Crissy,Lamasna,clamasna1f@weebly.com
Reinaldo,Anmore,ranmore1g@biblegateway.com
Iorgos,Gierok,igierok1h@springer.com
Brand,Onge,bonge1i@skyrock.com
Gib,Bigg,gbigg1j@rediff.com
Lucretia,Marlor,lmarlor1k@trellian.com
Oliviero,McInally,omcinally1l@bbb.org
Burtie,Rambaut,brambaut1m@goodreads.com
Toddie,Domenico,tdomenico1n@free.fr
Kimberli,Lewsam,klewsam1o@dyndns.org
Merna,Cussons,mcussons1p@squidoo.com
Emmalyn,Colbron,ecolbron1q@state.tx.us
Noah,Edie,nedie1r@nsw.gov.au
Curcio,Shrawley,cshrawley1s@disqus.com
Mattias,Searsby,msearsby1t@salon.com
Babara,Rawdall,brawdall1u@comsenz.com
Angela,Malby,amalby1v@xinhuanet.com
Elihu,Meins,emeins1w@google.es
Rufus,Cardiff,rcardiff1x@biblegateway.com
Eryn,Haydn,ehaydn1y@timesonline.co.uk
Walden,Taphouse,wtaphouse1z@dell.com
Jammie,Comben,jcomben20@amazon.co.jp
Karoly,Sissland,ksissland21@washingtonpost.com
Xavier,Bianco,xbianco22@globo.com
Janek,McCormack,jmccormack23@xrea.com
Lenna,Ablewhite,lablewhite24@networkadvertising.org
Piotr,Birks,pbirks25@zdnet.com
Cornelle,Hizir,chizir26@weebly.com
Chery,Glanders,cglanders27@photobucket.com
Hyacinthia,Barczewski,hbarczewski28@china.com.cn
Adelbert,Tarply,atarply29@google.it
Karita,Pate,kpate2a@illinois.edu
Beniamino,Littleover,blittleover2b@bigcartel.com
Kirby,Costard,kcostard2c@springer.com
Wash,Priest,wpriest2d@java.com
Georgia,Epinay,gepinay2e@cmu.edu
Orion,Mellody,omellody2f@prweb.com
Dolph,Rousell,drousell2g@cbsnews.com
Roxine,McKinna,rmckinna2h@yelp.com
Nicolis,Tainton,ntainton2i@bloglines.com
Jard,Panter,jpanter2j@yandex.ru
Daryle,Saill,dsaill2k@craigslist.org
Enriqueta,Schukert,eschukert2l@feedburner.com
Alexa,Inger,ainger2m@4shared.com
Lynsey,Mettericke,lmettericke2n@hc360.com
Jard,OIlier,joilier2o@yellowpages.com
Jarret,Fibbit,jfibbit2p@geocities.com
Cobby,Ramiro,cramiro2q@sbwire.com
Brynne,Fenemore,bfenemore2r@sciencedaily.com
Elfreda,Wilsdon,ewilsdon2s@huffingtonpost.com
Bathsheba,Colquete,bcolquete2t@shop-pro.jp
Grata,Lavens,glavens2u@hp.com
Rocky,McLaine,rmclaine2v@clickbank.net
Edd,Dundredge,edundredge2w@storify.com
Cash,Morphet,cmorphet2x@moonfruit.com
Annetta,Van der Velde,avandervelde2y@reddit.com
Valaree,Linebarger,vlinebarger2z@hao123.com
Paige,Upton,pupton30@gizmodo.com
Alanah,Cutmere,acutmere31@hhs.gov
Erasmus,Bulluck,ebulluck32@homestead.com
Alexa,Robben,arobben33@pagesperso-orange.fr
Agnola,Brettell,abrettell34@go.com
De witt,Crinkley,dcrinkley35@nba.com
Ivy,Spelwood,ispelwood36@archive.org
Nanci,Milburn,nmilburn37@naver.com
Jere,Josefer,jjosefer38@instagram.com
Dennie,Cuttle,dcuttle39@slashdot.org
Lorinda,Millin,lmillin3a@europa.eu
Ardith,Klassmann,aklassmann3b@mozilla.com
Tana,Casaccio,tcasaccio3c@sciencedaily.com
Davide,Malcolm,dmalcolm3d@loc.gov
Claybourne,Rysdale,crysdale3e@jimdo.com
Fair,Offer,foffer3f@google.es
Al,Moulsdall,amoulsdall3g@naver.com
Gilemette,Wetherick,gwetherick3h@jugem.jp
Bobette,Buttle,bbuttle3i@meetup.com
Saundra,Glassman,sglassman3j@freewebs.com
Philbert,Zamora,pzamora3k@php.net
Lacie,D'Elia,ldelia3l@hugedomains.com
James,Currier,jcurrier3m@reddit.com
Bordie,Silverthorne,bsilverthorne3n@zdnet.com
Merv,Jacox,mjacox3o@photobucket.com
Pietra,Troy,ptroy3p@weebly.com
Town,Boobyer,tboobyer3q@t-online.de
Tan,Piwell,tpiwell3r@dell.com
Mariam,Smyth,msmyth3s@wix.com
Ardeen,Ruckman,aruckman3t@furl.net
Pippy,Phoebe,pphoebe3u@ox.ac.uk
Flem,De Ambrosis,fdeambrosis3v@reference.com
Fernandina,Beck,fbeck3w@wikipedia.org
Beverly,Deniskevich,bdeniskevich3x@bandcamp.com
Dennis,Treverton,dtreverton3y@cnn.com
West,Jennaway,wjennaway3z@weibo.com
Dannel,Tatteshall,dtatteshall40@infoseek.co.jp
Nap,Seekings,nseekings41@theglobeandmail.com
Keven,Macconaghy,kmacconaghy42@tripadvisor.com
Herrick,Giraldo,hgiraldo43@upenn.edu
Chandler,Beer,cbeer44@sourceforge.net
Ethelred,Brignell,ebrignell45@clickbank.net
Clare,Aspling,caspling46@odnoklassniki.ru
Tyne,Bamling,tbamling47@japanpost.jp
Xylina,Saunder,xsaunder48@nbcnews.com
Woodrow,Lavington,wlavington49@360.cn
Adelheid,Guidoni,aguidoni4a@bing.com
Jerrie,Beak,jbeak4b@addtoany.com
Athena,Pochin,apochin4c@simplemachines.org
Mallory,Slatcher,mslatcher4d@vk.com
Errol,Moralee,emoralee4e@purevolume.com
Sande,Triggle,striggle4f@homestead.com
Sheree,Rosas,srosas4g@sitemeter.com
Mile,Besantie,mbesantie4h@sakura.ne.jp
Almire,Thowes,athowes4i@github.io
Efren,Dobbings,edobbings4j@hugedomains.com
Polly,Tivenan,ptivenan4k@homestead.com
Cesare,Schult,cschult4l@g.co
Rosemary,Skeemer,rskeemer4m@wikispaces.com
Consuela,Sillito,csillito4n@forbes.com
Chryste,Laight,claight4o@google.es
Reube,Barkway,rbarkway4p@thetimes.co.uk
Wyatan,Champneys,wchampneys4q@meetup.com
Nat,Klimaszewski,nklimaszewski4r@lulu.com
Berni,Skurray,bskurray4s@umich.edu
Lindsey,Trapp,ltrapp4t@hud.gov
Corbin,Alabone,calabone4u@4shared.com
Tobit,Revill,trevill4v@delicious.com
Kippar,Jellis,kjellis4w@unicef.org
Dalt,Fussey,dfussey4x@fastcompany.com
Kristin,Bowfin,kbowfin4y@sciencedirect.com
Aurelie,Crighten,acrighten4z@ft.com
Finn,Pepper,fpepper50@dailymail.co.uk
Tamma,Mapholm,tmapholm51@vistaprint.com
Druci,Applegate,dapplegate52@deviantart.com
Joela,Attiwill,jattiwill53@yolasite.com
Vivi,Flieg,vflieg54@addtoany.com
Brenn,Beldham,bbeldham55@lulu.com
Ruperto,McMurray,rmcmurray56@twitpic.com
Estevan,Madelin,emadelin57@boston.com
Celene,Phettis,cphettis58@e-recht24.de
Nancee,Humphrey,nhumphrey59@miibeian.gov.cn
Dedie,Amey,damey5a@stanford.edu
Chris,Brouwer,cbrouwer5b@vk.com
Devonna,De Freitas,ddefreitas5c@furl.net
Hatti,Tuffey,htuffey5d@ox.ac.uk
Kathrine,Eisikowitz,keisikowitz5e@yelp.com
Raul,Pochet,rpochet5f@netvibes.com
Danyelle,Pattesall,dpattesall5g@alibaba.com
Merilee,Ambroisin,mambroisin5h@technorati.com
Camile,Phillps,cphillps5i@google.com.br
Stacee,Coast,scoast5j@hubpages.com
Reynard,Hamberstone,rhamberstone5k@hibu.com
Stevy,Simak,ssimak5l@naver.com
Farra,Gehring,fgehring5m@goo.ne.jp
Maridel,Dabnor,mdabnor5n@shareasale.com
Tabina,Kief,tkief5o@nps.gov
Orly,Feighney,ofeighney5p@zimbio.com
Arda,Baly,abaly5q@wufoo.com
Rodrique,Moakes,rmoakes5r@ted.com
Chrisse,Clapton,cclapton5s@china.com.cn
Bobette,Kohler,bkohler5t@biblegateway.com
Kelby,Bottrill,kbottrill5u@unesco.org
Annabela,Pedro,apedro5v@ycombinator.com
Natalya,Slight,nslight5w@hud.gov
Luella,Rosenstein,lrosenstein5x@goo.gl
Lil,Durward,ldurward5y@sciencedaily.com
Bel,Collingridge,bcollingridge5z@umn.edu
Fitz,Halls,fhalls60@eepurl.com
Shaughn,Crocetti,scrocetti61@mail.ru
Reina,Fowler,rfowler62@freewebs.com
Joanie,Old,jold63@networksolutions.com
Roanna,Yablsley,ryablsley64@umn.edu
Constantino,Goodinson,cgoodinson65@patch.com
Leonora,Clayhill,lclayhill66@sitemeter.com
Ruthie,Grishin,rgrishin67@google.fr
Ruprecht,Jentges,rjentges68@imdb.com
Avrit,Bompass,abompass69@netvibes.com
Lorette,Arrell,larrell6a@angelfire.com
Harri,Bernardeau,hbernardeau6b@51.la
Skipton,Tomkinson,stomkinson6c@nydailynews.com
Alameda,Fairburn,afairburn6d@ca.gov
Briana,Heineke,bheineke6e@kickstarter.com
Cyndi,Shinn,cshinn6f@omniture.com
Lilah,Coull,lcoull6g@google.ru
Lari,Chatenet,lchatenet6h@sun.com
Wilburt,Rucklidge,wrucklidge6i@tamu.edu
Hector,Siemantel,hsiemantel6j@mapquest.com
Vicki,Duxbarry,vduxbarry6k@java.com
Reynard,Phant,rphant6l@constantcontact.com
Maribelle,Roscam,mroscam6m@eventbrite.com
Ruddie,Spedding,rspedding6n@irs.gov
Enos,Angier,eangier6o@bloomberg.com
Conni,Vernazza,cvernazza6p@salon.com
Marquita,Parsonson,mparsonson6q@eventbrite.com
Thorvald,Tinsley,ttinsley6r@archive.org
Dorella,Thorold,dthorold6s@photobucket.com
Gradey,Jeandeau,gjeandeau6t@sakura.ne.jp
Dorrie,Huntress,dhuntress6u@edublogs.org
Elie,Tillman,etillman6v@nationalgeographic.com
Darelle,Savil,dsavil6w@imageshack.us
Berty,Pye,bpye6x@indiatimes.com
Umeko,Backson,ubackson6y@irs.gov
Dennis,Haste,dhaste6z@vk.com
Alisha,Shemilt,ashemilt70@who.int
Art,Pullan,apullan71@friendfeed.com
Trumaine,Clink,tclink72@clickbank.net
Andree,Harding,aharding73@1und1.de
Rollin,Buchett,rbuchett74@msu.edu
Trace,Battie,tbattie75@cisco.com
Neill,Erbe,nerbe76@domainmarket.com
Briney,Gagie,bgagie77@elegantthemes.com
Skylar,Epilet,sepilet78@google.co.jp
Lanna,Tebbitt,ltebbitt79@tamu.edu
Emmi,Kline,ekline7a@usa.gov
Estrellita,Aronstam,earonstam7b@vimeo.com
Clari,Gregol,cgregol7c@washington.edu
Querida,Adriani,qadriani7d@cisco.com
Stevena,Hollingshead,shollingshead7e@github.io
Fabian,McMurraya,fmcmurraya7f@constantcontact.com
Rosetta,Dike,rdike7g@cdbaby.com
Nealson,Knellen,nknellen7h@fda.gov
Carlie,Wood,cwood7i@rediff.com
Ellwood,Lavielle,elavielle7j@blog.com
Allister,O'Currigan,aocurrigan7k@nih.gov
Sarene,Mixture,smixture7l@indiegogo.com
Charlton,Fick,cfick7m@sakura.ne.jp
Genevra,Cheak,gcheak7n@dot.gov
Modestine,Hanbridge,mhanbridge7o@nps.gov
Kizzee,Lowen,klowen7p@live.com
Belicia,Faulkner,bfaulkner7q@ted.com
Delinda,Mutter,dmutter7r@epa.gov
Berkie,Bacop,bbacop7s@seesaa.net
Pierette,McLinden,pmclinden7t@businesswire.com
Conrade,Hasker,chasker7u@springer.com
Nesta,Dady,ndady7v@reuters.com
Redd,Bynert,rbynert7w@wikimedia.org
Dasie,Vivian,dvivian7x@jiathis.com
Kathi,Mayfield,kmayfield7y@illinois.edu
Cynthea,Willarton,cwillarton7z@uiuc.edu
Julian,Eble,jeble80@ocn.ne.jp
Jakie,Kwiek,jkwiek81@cargocollective.com
Bryn,Burdass,bburdass82@samsung.com
Sylvester,Tivers,stivers83@sohu.com
Roddy,Swaffer,rswaffer84@surveymonkey.com
Laurice,Mulhall,lmulhall85@ameblo.jp
Patrizio,Gately,pgately86@house.gov
Tally,Antat,tantat87@ftc.gov
Curran,Dohmer,cdohmer88@scribd.com
Demott,Behne,dbehne89@4shared.com
Way,Kees,wkees8a@mediafire.com
Pablo,Viney,pviney8b@trellian.com
Saul,Loweth,sloweth8c@oaic.gov.au
Angie,Kamall,akamall8d@google.com.hk
Alexandra,Westrey,awestrey8e@cpanel.net
Roderic,Sharville,rsharville8f@sciencedirect.com
Silvester,Baudinet,sbaudinet8g@ucsd.edu
Karil,Brayshaw,kbrayshaw8h@intel.com
Rorke,Mapham,rmapham8i@simplemachines.org
Adolpho,Dibble,adibble8j@utexas.edu
Felice,Jouannin,fjouannin8k@wikipedia.org
Rachael,Jacobsz,rjacobsz8l@flavors.me
Korrie,Elgee,kelgee8m@biblegateway.com
Krishnah,Erdis,kerdis8n@paginegialle.it
Gabi,Edscer,gedscer8o@surveymonkey.com
Randall,Bigglestone,rbigglestone8p@weibo.com
Marget,Shurrocks,mshurrocks8q@yale.edu
Norman,Brach,nbrach8r@miitbeian.gov.cn
Romona,Steele,rsteele8s@discovery.com
Henka,Sandhill,hsandhill8t@zimbio.com
Honoria,Feetham,hfeetham8u@redcross.org
Ddene,Brydell,dbrydell8v@china.com.cn
Garrett,Millimoe,gmillimoe8w@histats.com
Abigale,Frangione,afrangione8x@g.co
Dario,Danbrook,ddanbrook8y@pinterest.com
Starlene,McQuorkel,smcquorkel8z@alibaba.com
Margit,Rudgard,mrudgard90@uol.com.br
Adora,Willey,awilley91@blogspot.com
May,Larver,mlarver92@gizmodo.com
Dre,Newbatt,dnewbatt93@home.pl
Amie,Blune,ablune94@sohu.com
Pearl,Manford,pmanford95@ibm.com
Allen,Botwood,abotwood96@wikipedia.org
Yehudi,Hellewell,yhellewell97@yelp.com
Mei,Lighten,mlighten98@umn.edu
Blanch,Newart,bnewart99@pbs.org
Currey,Jeaneau,cjeaneau9a@usa.gov
Reynard,Hatrey,rhatrey9b@rambler.ru
Ozzy,Carmen,ocarmen9c@nps.gov
Lydia,Klagge,lklagge9d@blogtalkradio.com
Kienan,Pohl,kpohl9e@engadget.com
Dacie,Josefsohn,djosefsohn9f@washingtonpost.com
Bobbee,Bediss,bbediss9g@deliciousdays.com
Nona,Lownie,nlownie9h@is.gd
Nils,Mettricke,nmettricke9i@unicef.org
Georgina,Ferrulli,gferrulli9j@sitemeter.com
Geri,Worton,gworton9k@sina.com.cn
Eadith,Quarrington,equarrington9l@intel.com
Kristel,Nesby,knesby9m@amazon.de
Demeter,Cahalin,dcahalin9n@google.com
June,Illing,jilling9o@1688.com
Gabe,Staries,gstaries9p@macromedia.com
Jedd,Deverock,jdeverock9q@newsvine.com
Janeen,Ribbon,jribbon9r@boston.com
Inez,Gallihaulk,igallihaulk9s@yandex.ru
Malinde,Asp,masp9t@hugedomains.com
Yvon,Peare,ypeare9u@auda.org.au
Gnni,Ossulton,gossulton9v@bing.com
Cassandry,Guiduzzi,cguiduzzi9w@ca.gov
Kristine,Guerreiro,kguerreiro9x@themeforest.net
Paige,Pablo,ppablo9y@stumbleupon.com
Ashlie,Parkhouse,aparkhouse9z@taobao.com
Orville,Stoite,ostoitea0@earthlink.net
Chadd,Popov,cpopova1@trellian.com
Thornton,Symper,tsympera2@moonfruit.com
Maybelle,Cox,mcoxa3@hugedomains.com
Jesus,Rummin,jrummina4@cocolog-nifty.com
Drona,Yashunin,dyashunina5@xrea.com
Hatty,McFfaden,hmcffadena6@tinypic.com
Lon,Slides,lslidesa7@paypal.com
Hayley,Keirl,hkeirla8@flickr.com
Brant,Parton,bpartona9@squarespace.com
Curr,Bridgewood,cbridgewoodaa@soundcloud.com
Grannie,McPaike,gmcpaikeab@dedecms.com
Shanie,Barfford,sbarffordac@tripod.com
Desirae,Postles,dpostlesad@patch.com
Windy,Laffoley-Lane,wlaffoleylaneae@com.com
Humfried,Carayol,hcarayolaf@weebly.com
Goddart,McIlreavy,gmcilreavyag@liveinternet.ru
Ranique,Bell,rbellah@ask.com
Glennis,Dirand,gdirandai@blinklist.com
Trula,Brockway,tbrockwayaj@oaic.gov.au
Gary,Eade,geadeak@spotify.com
Gertrud,Collinson,gcollinsonal@ucsd.edu
Loraine,Arbuckle,larbuckleam@stanford.edu
Lorne,Dugget,lduggetan@kickstarter.com
Alexina,Ceyssen,aceyssenao@sitemeter.com
Charline,Harner,charnerap@imdb.com
Corie,Cathel,ccathelaq@symantec.com
Torrie,Thurstan,tthurstanar@statcounter.com
Patsy,Askell,paskellas@europa.eu
Evangeline,Kull,ekullat@youtube.com
Pauly,Vowells,pvowellsau@hp.com
Mimi,Petrello,mpetrelloav@japanpost.jp
Angela,Grogor,agrogoraw@tripod.com
Ainslee,Allot,aallotax@gmpg.org
Maridel,Chisholm,mchisholmay@barnesandnoble.com
Miranda,Malitrott,mmalitrottaz@youtube.com
Martainn,Lahy,mlahyb0@fema.gov
Fremont,Nangle,fnangleb1@yahoo.co.jp
Kellen,Metson,kmetsonb2@mtv.com
Leoine,Stockbridge,lstockbridgeb3@typepad.com
Gretta,Peerman,gpeermanb4@fotki.com
Willabella,Robak,wrobakb5@spiegel.de
Jasun,Blachford,jblachfordb6@vk.com
Shay,Prevost,sprevostb7@etsy.com
Uta,Ancell,uancellb8@addtoany.com
Glenda,Ivanov,givanovb9@ibm.com
Edie,Baugham,ebaughamba@who.int
Alexandre,Tolfrey,atolfreybb@last.fm
Tuckie,Pedron,tpedronbc@craigslist.org
Farra,Jantzen,fjantzenbd@mayoclinic.com
Lexy,Chaney,lchaneybe@stanford.edu
Faustine,Scrimgeour,fscrimgeourbf@utexas.edu
Jamill,Riglesford,jriglesfordbg@state.tx.us
Colas,McLewd,cmclewdbh@amazonaws.com
Eugenius,Searjeant,esearjeantbi@bandcamp.com
Jayne,Speak,jspeakbj@spiegel.de
Xena,Vreiberg,xvreibergbk@pagesperso-orange.fr
Garrott,Sallarie,gsallariebl@mashable.com
Darcy,Cramer,dcramerbm@sphinn.com
Cole,Dalling,cdallingbn@uiuc.edu
Darby,Rollinshaw,drollinshawbo@sitemeter.com
Juline,Touson,jtousonbp@cnet.com
Cosmo,Dy,cdybq@sfgate.com
Amos,Persse,aperssebr@reference.com
Donica,Minico,dminicobs@bluehost.com
Pate,MacFaell,pmacfaellbt@yelp.com
Anderson,Davidove,adavidovebu@google.nl
Thorsten,Issakov,tissakovbv@constantcontact.com
Ulises,Burnage,uburnagebw@kickstarter.com
Myrle,Ragsdale,mragsdalebx@walmart.com
Charmaine,McGawn,cmcgawnby@virginia.edu
Alikee,Bellows,abellowsbz@marketwatch.com
Guss,Calderhead,gcalderheadc0@woothemes.com
Newton,Gogin,ngoginc1@sitemeter.com
Louisette,Twamley,ltwamleyc2@house.gov
Allsun,Ostick,aostickc3@fda.gov
Fanchon,Deering,fdeeringc4@google.es
Tab,Hounsom,thounsomc5@ning.com
Maiga,Sliney,mslineyc6@goo.gl
Orland,Dowers,odowersc7@redcross.org
Monika,Chipperfield,mchipperfieldc8@ycombinator.com
Marilin,Firmage,mfirmagec9@elegantthemes.com
Britni,Morriarty,bmorriartyca@theatlantic.com
Brinn,Silvester,bsilvestercb@tripod.com
Elwood,Kenderdine,ekenderdinecc@ameblo.jp
Beatrice,Carpmile,bcarpmilecd@clickbank.net
Hashim,Leal,hlealce@icio.us
Robert,Hunnywell,rhunnywellcf@rakuten.co.jp
Alyson,Hagley,ahagleycg@usatoday.com
Sim,Sellick,ssellickch@google.de
Othelia,Foskett,ofoskettci@wiley.com
Gill,Hamstead,ghamsteadcj@gnu.org
Tory,Brightie,tbrightieck@theguardian.com
Cord,Hallmark,challmarkcl@yellowbook.com
Urban,Welfair,uwelfaircm@ovh.net
Hanan,Gorhardt,hgorhardtcn@cbslocal.com
Loralyn,Sacks,lsacksco@comcast.net
Reagen,Benyan,rbenyancp@google.co.jp
Hermia,Fairlie,hfairliecq@theglobeandmail.com
Sargent,Jimpson,sjimpsoncr@tuttocitta.it
Felicio,Ferronier,fferroniercs@ucla.edu
Camilla,Shalcras,cshalcrasct@google.com
Richie,Lindop,rlindopcu@mail.ru
Jessy,Semorad,jsemoradcv@nature.com
Odelle,Olyfat,oolyfatcw@dedecms.com
Cosmo,Edess,cedesscx@oaic.gov.au
Iona,O'Cahsedy,iocahsedycy@army.mil
Say,Osgodby,sosgodbycz@sciencedaily.com
Bellanca,Bagenal,bbagenald0@youtube.com
Estel,Lemon,elemond1@bluehost.com
Terza,Maisey,tmaiseyd2@odnoklassniki.ru
Erwin,Karolczyk,ekarolczykd3@addtoany.com
Eamon,Jeste,ejested4@walmart.com
Stanley,Karpeev,skarpeevd5@goo.ne.jp
Fionnula,Arderne,farderned6@dyndns.org
Any,Ibbitson,aibbitsond7@addthis.com
Malory,Strathman,mstrathmand8@epa.gov
Adiana,Haslin,ahaslind9@wunderground.com
Shawnee,Clunie,sclunieda@nyu.edu
Aylmar,Roydon,aroydondb@soup.io
Ashlee,Fike,afikedc@washingtonpost.com
Chancey,Infante,cinfantedd@alexa.com
Maiga,Malacrida,mmalacridade@ebay.co.uk
Matthieu,Bool,mbooldf@constantcontact.com
Carmela,McKellen,cmckellendg@amazon.de
Arlene,Marskell,amarskelldh@sourceforge.net
Daryn,Beames,dbeamesdi@photobucket.com
Vanna,Lettington,vlettingtondj@cdbaby.com
Bertram,McUre,bmcuredk@cloudflare.com
Roxi,Leander,rleanderdl@umich.edu
Welch,Binnes,wbinnesdm@wikimedia.org
Rog,Gladdish,rgladdishdn@privacy.gov.au
Gamaliel,Fearnall,gfearnalldo@apache.org
Sheela,Baselli,sbasellidp@goodreads.com
Mireielle,Jewsbury,mjewsburydq@oaic.gov.au
Gardie,Velareal,gvelarealdr@cafepress.com
Sinclair,Wordesworth,swordesworthds@constantcontact.com
Christoper,Collop,ccollopdt@netvibes.com
Kasey,Zapater,kzapaterdu@loc.gov
Walliw,Rosenberg,wrosenbergdv@mediafire.com
Gwenni,Aldrich,galdrichdw@ted.com
Fredelia,Pelling,fpellingdx@harvard.edu
Kizzie,Pittam,kpittamdy@bandcamp.com
Natividad,Astlett,nastlettdz@thetimes.co.uk
Trace,Robertis,trobertise0@imdb.com
See,Chiplin,schipline1@indiatimes.com
Care,Guys,cguyse2@vkontakte.ru
Galina,Blackwell,gblackwelle3@fc2.com
Elyssa,Cruddace,ecruddacee4@fema.gov
Nikoletta,Fosse,nfossee5@delicious.com
Julienne,Shewen,jshewene6@hc360.com
Trever,Renne,trennee7@nifty.com
Irwin,Richemond,irichemonde8@pbs.org
Gay,Land,glande9@alibaba.com
Elwira,Ladd,eladdea@discuz.net
Lucienne,Thomerson,lthomersoneb@miitbeian.gov.cn
Anstice,Ainsbury,aainsburyec@spotify.com
Stacia,Scotney,sscotneyed@smugmug.com
Darbie,Carslake,dcarslakeee@discuz.net
Mercy,Remon,mremonef@wikimedia.org
Maye,Andresen,mandreseneg@answers.com
Biddy,Chattelaine,bchattelaineeh@sitemeter.com
Annalise,Cornfield,acornfieldei@marriott.com
Arni,Thal,athalej@smugmug.com
Damien,Gepp,dgeppek@delicious.com
Debora,Cottam,dcottamel@usatoday.com
Gibb,Scarfe,gscarfeem@craigslist.org
Georgianna,Downe,gdowneen@arizona.edu
Dennie,Pirnie,dpirnieeo@gizmodo.com
Bathsheba,Baudou,bbaudouep@tripadvisor.com
Clarence,Urion,curioneq@topsy.com
Nadya,Margett,nmargetter@merriam-webster.com
Manya,Gethen,mgethenes@youtu.be
Drud,Kidson,dkidsonet@washington.edu
Sher,Matula,smatulaeu@plala.or.jp
Teodoro,Bastie,tbastieev@bloomberg.com
Lindsy,Levesley,llevesleyew@flavors.me
Conrado,Semper,csemperex@google.com.br
Heidie,Jessep,hjessepey@hc360.com
Terry,Richardson,trichardsonez@hexun.com
Wendie,Schultz,wschultzf0@cdbaby.com
Morgana,Synan,msynanf1@seesaa.net
Kathy,Hofner,khofnerf2@sitemeter.com
Lauryn,Raison,lraisonf3@de.vu
Elaine,Hazael,ehazaelf4@mozilla.org
Barnebas,Stockell,bstockellf5@google.ru
Wileen,Dosdale,wdosdalef6@whitehouse.gov
Sherwood,Broschke,sbroschkef7@uiuc.edu
Darrelle,McColgan,dmccolganf8@cam.ac.uk
Eben,Dreghorn,edreghornf9@spotify.com
Cassey,Didball,cdidballfa@eepurl.com
Abagael,Merriton,amerritonfb@ocn.ne.jp
Debra,Gelling,dgellingfc@vkontakte.ru
Rockey,Allender,rallenderfd@shop-pro.jp
Riki,Grigoletti,rgrigolettife@tiny.cc
Faina,Give,fgiveff@twitpic.com
Ami,Lintill,alintillfg@plala.or.jp
Lizabeth,Midner,lmidnerfh@census.gov
Abie,McNerlin,amcnerlinfi@nydailynews.com
Sax,Newitt,snewittfj@yale.edu
Jobye,Byfford,jbyffordfk@cpanel.net
Marjy,Matias,mmatiasfl@noaa.gov
Tildi,Hegg,theggfm@phoca.cz
Gwennie,Terlinden,gterlindenfn@google.com.au
Gery,Henworth,ghenworthfo@census.gov
Flor,McGarahan,fmcgarahanfp@e-recht24.de
Sofie,Tirone,stironefq@themeforest.net
Brandise,McKerlie,bmckerliefr@hugedomains.com
Ruby,Camellini,rcamellinifs@trellian.com
Georgeta,Assur,gassurft@google.es
Bartholomeus,Boken,bbokenfu@ucoz.ru
Emma,Smissen,esmissenfv@buzzfeed.com
Joanne,Leyshon,jleyshonfw@seesaa.net
Kori,Bewlay,kbewlayfx@moonfruit.com
Frederica,Gullis,fgullisfy@army.mil
Letta,Waddam,lwaddamfz@newsvine.com
Benito,Cicconetti,bcicconettig0@elegantthemes.com
Leigh,Strutt,lstruttg1@last.fm
Christiana,Mowsdale,cmowsdaleg2@slate.com
Laurice,Villiers,lvilliersg3@sourceforge.net
Kenny,Gumbrell,kgumbrellg4@digg.com
Drucy,Vedenisov,dvedenisovg5@studiopress.com
Corella,Stagg,cstaggg6@bbc.co.uk
Wanda,Cawkill,wcawkillg7@miitbeian.gov.cn
Lil,Cansdale,lcansdaleg8@stumbleupon.com
Jourdain,McLugish,jmclugishg9@hp.com
Doyle,Tapping,dtappingga@wiley.com
Chet,Baldi,cbaldigb@amazon.com
Demetria,Dechelette,ddechelettegc@angelfire.com
Myrtia,Jenny,mjennygd@slate.com
Dixie,Vergo,dvergoge@drupal.org
Vinny,Dutch,vdutchgf@theatlantic.com
Britta,Crawshay,bcrawshaygg@wp.com
Edin,Spight,espightgh@cornell.edu
Efrem,Cliburn,ecliburngi@bing.com
Clevie,Tsarovic,ctsarovicgj@cbc.ca
Kare,Betjeman,kbetjemangk@va.gov
Vern,Maus,vmausgl@squidoo.com
York,Chate,ychategm@wikispaces.com
Aleksandr,Filipic,afilipicgn@reuters.com
Alvinia,Woodyatt,awoodyattgo@live.com
Latia,Pettman,lpettmangp@census.gov
Sallee,Jery,sjerygq@wisc.edu
Asa,Vassay,avassaygr@mozilla.com
Sherri,Wallach,swallachgs@independent.co.uk
Adella,Jerrolt,ajerroltgt@ft.com
Babb,McGarry,bmcgarrygu@guardian.co.uk
Elise,Lindblom,elindblomgv@ox.ac.uk
Nolly,Frowing,nfrowinggw@sciencedirect.com
Rufe,Ceschini,rceschinigx@cnet.com
Petra,Conkey,pconkeygy@sbwire.com
Brant,Di Matteo,bdimatteogz@dailymotion.com
Tyrone,Frushard,tfrushardh0@so-net.ne.jp
Meir,Fynan,mfynanh1@is.gd
Stella,Scones,ssconesh2@reddit.com
Madeline,Nabarro,mnabarroh3@cpanel.net
Ced,Giannini,cgianninih4@eepurl.com
Barclay,Danilevich,bdanilevichh5@tumblr.com
Cass,Ankrett,cankretth6@craigslist.org
Jacquette,Sealy,jsealyh7@github.io
Marthe,Skitch,mskitchh8@princeton.edu
Des,Kalb,dkalbh9@amazon.de
Freddie,Mackrill,fmackrillha@google.de
Rois,Kleszinski,rkleszinskihb@1688.com
Elisabet,Bream,ebreamhc@nih.gov
Sada,Laughren,slaughrenhd@phoca.cz
Jed,Wenden,jwendenhe@howstuffworks.com
Sheridan,Firle,sfirlehf@mit.edu
Claudelle,Tigwell,ctigwellhg@privacy.gov.au
Clive,Bythell,cbythellhh@delicious.com
Evonne,Gutherson,eguthersonhi@flickr.com
Colly,Steiner,csteinerhj@huffingtonpost.com
Willis,Ohm,wohmhk@disqus.com
Cy,Stace,cstacehl@noaa.gov
Dorotea,Scohier,dscohierhm@ucoz.ru
Elyse,Watkinson,ewatkinsonhn@xinhuanet.com
Finley,Klossek,fklossekho@yellowpages.com
Nial,Luetkemeyer,nluetkemeyerhp@cbc.ca
Humbert,Filippello,hfilippellohq@bizjournals.com
Linnie,Saggs,lsaggshr@furl.net
Loretta,Myner,lmynerhs@cnet.com
Normy,Ganter,nganterht@bbb.org
Fredi,Zanetello,fzanetellohu@sun.com
Kristos,McKenny,kmckennyhv@bloglovin.com
Cacilie,Bankhurst,cbankhursthw@fda.gov
Vicky,Casserly,vcasserlyhx@ameblo.jp
Gerladina,Tillyer,gtillyerhy@bbc.co.uk
Dunn,Ummfrey,dummfreyhz@cmu.edu
Lars,Girk,lgirki0@scribd.com
Maryanna,Devennie,mdevenniei1@army.mil
Faustina,Gyrgorcewicx,fgyrgorcewicxi2@businessweek.com
Hinda,Loidl,hloidli3@xrea.com
Adena,Gobel,agobeli4@seesaa.net
Vincent,Florio,vflorioi5@fastcompany.com
Robbi,Hearsey,rhearseyi6@ehow.com
Cointon,Graser,cgraseri7@addthis.com
Lexi,O'Carroll,locarrolli8@dropbox.com
Benjamen,Beedell,bbeedelli9@harvard.edu
Nesta,Laetham,nlaethamia@sciencedirect.com
Sholom,Menis,smenisib@senate.gov
Neal,Kippax,nkippaxic@yellowpages.com
Klarika,Filipiak,kfilipiakid@psu.edu
Paton,McDowall,pmcdowallie@nifty.com
Nobe,Gallear,ngallearif@google.co.jp
Laina,McShea,lmcsheaig@dagondesign.com
Hilton,Sauvage,hsauvageih@nifty.com
Dominga,MacGahy,dmacgahyii@columbia.edu
Lezlie,Threlfall,lthrelfallij@artisteer.com
Lloyd,McTerry,lmcterryik@hao123.com
Aggie,Fothergill,afothergillil@skyrock.com
Buddie,Minney,bminneyim@php.net
Emilie,Blackaller,eblackallerin@jiathis.com
Zaccaria,Maxweell,zmaxweellio@scribd.com
Lusa,Daal,ldaalip@odnoklassniki.ru
Erhart,Realy,erealyiq@msu.edu
Lou,Elcombe,lelcombeir@bravesites.com
Westbrook,Danneil,wdanneilis@prlog.org
Adaline,Jacmard,ajacmardit@java.com
Armstrong,Cannaway,acannawayiu@wordpress.org
Eliza,Blare,eblareiv@reference.com
Karolina,Martinetto,kmartinettoiw@prweb.com
Skelly,Lively,slivelyix@fc2.com
Lonny,Pickerill,lpickerilliy@abc.net.au
Essa,Battista,ebattistaiz@wufoo.com
Candide,Beckett,cbeckettj0@ning.com
Ricki,Garralts,rgarraltsj1@samsung.com
Chrisse,Conklin,cconklinj2@canalblog.com
Morley,Fewless,mfewlessj3@1und1.de
Gabbey,Cansdall,gcansdallj4@360.cn
Celinka,Mabbe,cmabbej5@ted.com
Wren,Goldstein,wgoldsteinj6@yolasite.com
Cher,Mandres,cmandresj7@trellian.com
Cass,Farron,cfarronj8@upenn.edu
Phaedra,Regnard,pregnardj9@about.com
Lilla,Hirth,lhirthja@dedecms.com
Meggie,Brosius,mbrosiusjb@squarespace.com
Giralda,Kassidy,gkassidyjc@guardian.co.uk
Jarid,Carleman,jcarlemanjd@sitemeter.com
Carroll,Patroni,cpatronije@apache.org
Nefen,Southcott,nsouthcottjf@uiuc.edu
Alano,Blinco,ablincojg@stanford.edu
Brandyn,L'Hommee,blhommeejh@epa.gov
Dorris,Palle,dpalleji@xing.com
Gawen,Shead,gsheadjj@jalbum.net
Gaylene,Rutigliano,grutiglianojk@google.es
Culver,Dunderdale,cdunderdalejl@xing.com
Micaela,Mayne,mmaynejm@toplist.cz
Jdavie,Lannen,jlannenjn@cocolog-nifty.com
Vic,Hunter,vhunterjo@exblog.jp
Trumaine,Mougin,tmouginjp@nydailynews.com
Marty,Foulcher,mfoulcherjq@livejournal.com
Melodie,Maldin,mmaldinjr@craigslist.org
Alina,Care,acarejs@virginia.edu
Rennie,Kibbey,rkibbeyjt@google.nl
Bordie,Papis,bpapisju@berkeley.edu
Lynea,Dispencer,ldispencerjv@dot.gov
Tonya,Dumbar,tdumbarjw@123-reg.co.uk
Robinia,Larne,rlarnejx@clickbank.net
Yorke,Chipps,ychippsjy@webeden.co.uk
Brigg,Matteacci,bmatteaccijz@google.com
Spenser,Frontczak,sfrontczakk0@exblog.jp
Joly,Somerfield,jsomerfieldk1@aol.com
Joachim,Claasen,jclaasenk2@cnet.com
Giffard,Druitt,gdruittk3@pbs.org
Erica,Phillott,ephillottk4@rediff.com
Grove,Diggins,gdigginsk5@scribd.com
Kacy,Shipman,kshipmank6@studiopress.com
Schuyler,Ickovits,sickovitsk7@baidu.com
Mikkel,Abdon,mabdonk8@free.fr
Olly,Slinn,oslinnk9@blogger.com
Zackariah,Ivasyushkin,zivasyushkinka@t-online.de
Lea,Coldbathe,lcoldbathekb@umich.edu
Hi,Abatelli,habatellikc@amazon.co.jp
Esmeralda,Lake,elakekd@mediafire.com
Minor,Pendre,mpendreke@technorati.com
Lyell,Dumphrey,ldumphreykf@apache.org
Maressa,List,mlistkg@angelfire.com
Jania,Thynn,jthynnkh@auda.org.au
Mel,Rodger,mrodgerki@cam.ac.uk
Nerti,Dilks,ndilkskj@cdbaby.com
Sidney,Tosh,stoshkk@jimdo.com
Florenza,Starbeck,fstarbeckkl@springer.com
Jessey,Ambrogiotti,jambrogiottikm@domainmarket.com
Ingeborg,Gillford,igillfordkn@skype.com
Sherri,Lee,sleeko@yale.edu
Adrianna,Shadfourth,ashadfourthkp@homestead.com
Con,Meddemmen,cmeddemmenkq@w3.org
Collie,Decaze,cdecazekr@mit.edu
Franz,Sartin,fsartinks@blog.com
Rickey,Sholem,rsholemkt@list-manage.com
Tymothy,Spawton,tspawtonku@prlog.org
Luci,Alsobrook,lalsobrookkv@over-blog.com
Page,Birrell,pbirrellkw@webnode.com
Katharine,Alvaro,kalvarokx@blogs.com
Dina,Jerzykiewicz,djerzykiewiczky@goo.ne.jp
Karlie,Karlowicz,kkarlowiczkz@spiegel.de
Karney,Harrowsmith,kharrowsmithl0@unblog.fr
Maddie,Bradder,mbradderl1@a8.net
Norma,Avramovsky,navramovskyl2@scientificamerican.com
Austin,Abbitt,aabbittl3@cdbaby.com
Cyrille,Klaaassen,cklaaassenl4@hexun.com
Hillery,Doree,hdoreel5@sfgate.com
Bartholemy,Olyfat,bolyfatl6@instagram.com
Baxter,Natalie,bnataliel7@vkontakte.ru
Rosalinde,Spenceley,rspenceleyl8@elpais.com
Flo,O'Leahy,foleahyl9@hatena.ne.jp
Nickola,Bruno,nbrunola@arstechnica.com
Malcolm,Sleightholm,msleightholmlb@ibm.com
Ailene,Hesey,aheseylc@behance.net
Goran,Gregolotti,ggregolottild@photobucket.com
Ethe,Gallifont,egallifontle@t.co
Mendy,Geraudel,mgeraudellf@soup.io
Carlin,Cradey,ccradeylg@163.com
Antonin,Soltan,asoltanlh@webmd.com
Ashlan,Kezar,akezarli@thetimes.co.uk
Cesya,Fitchet,cfitchetlj@seesaa.net
Roseline,Alecock,ralecocklk@mapquest.com
Dion,Ebrall,debrallll@wufoo.com
Ursuline,Beranek,uberaneklm@earthlink.net
Pansy,Linge,plingeln@va.gov
Erika,Hilldrup,ehilldruplo@lulu.com
Riva,Davenall,rdavenalllp@hubpages.com
Aldin,Ridwood,aridwoodlq@time.com
Matelda,Philipet,mphilipetlr@sogou.com
Wenonah,Cullen,wcullenls@vinaora.com
Aubine,Perott,aperottlt@omniture.com
Frayda,Grattan,fgrattanlu@cmu.edu
Elle,Spur,espurlv@theatlantic.com
Kenon,Turton,kturtonlw@liveinternet.ru
Suzanna,Rudram,srudramlx@networkadvertising.org
Pippy,Readwood,preadwoodly@unblog.fr
Dexter,Playden,dplaydenlz@icio.us
Rosabelle,Castagne,rcastagnem0@mozilla.org
Bee,Perago,bperagom1@friendfeed.com
Othelia,Ruler,orulerm2@smugmug.com
Meris,Mushet,mmushetm3@moonfruit.com
Alphonse,Franzettoini,afranzettoinim4@netvibes.com
Amos,Howitt,ahowittm5@artisteer.com
Dallas,Belshaw,dbelshawm6@latimes.com
Jeno,Gowthorpe,jgowthorpem7@wsj.com
Even,McCleary,emcclearym8@squidoo.com
Osmund,Jickells,ojickellsm9@ibm.com
Natividad,McKevany,nmckevanyma@imdb.com
Kirby,Menlow,kmenlowmb@simplemachines.org
Rosabel,Tomaskov,rtomaskovmc@google.com.br
Galvan,Gouth,ggouthmd@facebook.com
Aile,Hurdidge,ahurdidgeme@cafepress.com
Bonnibelle,Goodram,bgoodrammf@marriott.com
Georgetta,Guitonneau,gguitonneaumg@networksolutions.com
Demetris,Sinnocke,dsinnockemh@wp.com
Annadiane,Fawlkes,afawlkesmi@cargocollective.com
Portia,Yuill,pyuillmj@naver.com
Maury,Rous,mrousmk@fc2.com
Gilligan,Mamwell,gmamwellml@icq.com
Daniella,Bolstridge,dbolstridgemm@mysql.com
Gris,MacAlroy,gmacalroymn@a8.net
Elwira,Astlatt,eastlattmo@wikispaces.com
Albie,Guess,aguessmp@altervista.org
Evangelin,Shird,eshirdmq@google.ca
Jere,Orbon,jorbonmr@imdb.com
Sheilakathryn,Slimon,sslimonms@discovery.com
Boonie,Brightman,bbrightmanmt@wikipedia.org
Tobin,Massenhove,tmassenhovemu@plala.or.jp
Janette,Lohde,jlohdemv@sfgate.com
Christel,Quincey,cquinceymw@quantcast.com
Nananne,Marmyon,nmarmyonmx@netscape.com
Vernor,Juggins,vjugginsmy@tinyurl.com
Roz,Rushsorth,rrushsorthmz@dyndns.org
Darbie,Dowdell,ddowdelln0@vinaora.com
Malia,Filipov,mfilipovn1@earthlink.net
Nathan,Quan,nquann2@blogtalkradio.com
Kelly,Purse,kpursen3@opensource.org
Dicky,Roundtree,droundtreen4@4shared.com
Guillaume,Rendell,grendelln5@163.com
Antonina,Griggs,agriggsn6@uiuc.edu
Ambrosi,Daltrey,adaltreyn7@technorati.com
Bellanca,Hasser,bhassern8@miitbeian.gov.cn
Nara,Totterdell,ntotterdelln9@wix.com
Milly,Scard,mscardna@wikimedia.org
Judah,Cheer,jcheernb@fema.gov
Silvio,Donaldson,sdonaldsonnc@liveinternet.ru
Chance,Sprowson,csprowsonnd@harvard.edu
Hagan,Aucock,haucockne@etsy.com
Andreana,Maidlow,amaidlownf@auda.org.au
Manda,Swainger,mswaingerng@1und1.de
Samuel,Le Gall,slegallnh@elegantthemes.com
Karmen,Went,kwentni@patch.com
Karlan,O'Flynn,koflynnnj@github.io
Rog,Haggish,rhaggishnk@scribd.com
Francesca,Cuell,fcuellnl@yahoo.com
Evonne,Fearey,efeareynm@prlog.org
Priscilla,Bowra,pbowrann@nyu.edu
Barny,Sowerbutts,bsowerbuttsno@github.com
Almeta,Moxted,amoxtednp@zimbio.com
Mata,Quilliam,mquilliamnq@yelp.com
Bram,Gurnee,bgurneenr@plala.or.jp
Doyle,Cordner,dcordnerns@wordpress.com
Marjorie,Eltone,meltonent@youtu.be
Merrill,Godlip,mgodlipnu@epa.gov
Rutherford,Longstaff,rlongstaffnv@cnet.com
Guthrie,Trewinnard,gtrewinnardnw@stanford.edu
Hynda,Braams,hbraamsnx@spiegel.de
Amandie,Jenkerson,ajenkersonny@uol.com.br
Shell,Boddymead,sboddymeadnz@cdbaby.com
Peri,Yukhnov,pyukhnovo0@facebook.com
Dominic,McLagan,dmclagano1@hc360.com
Brina,Brundale,bbrundaleo2@instagram.com
Minette,Hulstrom,mhulstromo3@vistaprint.com
Maudie,Yankin,myankino4@comsenz.com
Lyndy,Dalling,ldallingo5@scientificamerican.com
Bernadette,Earie,bearieo6@edublogs.org
Chandler,Boyn,cboyno7@alibaba.com
Cedric,Ewens,cewenso8@mysql.com
Emelyne,Wrankmore,ewrankmoreo9@soup.io
Leandra,Smitheram,lsmitheramoa@sbwire.com
Haroun,Hallsworth,hhallsworthob@jigsy.com
Nannette,Macbane,nmacbaneoc@ucoz.com
Olivia,Aldrin,oaldrinod@themeforest.net
Durante,Balducci,dbalduccioe@creativecommons.org
Esmeralda,Kybert,ekybertof@vistaprint.com
Nate,Chastand,nchastandog@princeton.edu
Caryn,Vigneron,cvigneronoh@un.org
Mallory,Billie,mbillieoi@nhs.uk
Curry,McGilmartin,cmcgilmartinoj@i2i.jp
Tressa,Plampin,tplampinok@google.ca
Ivonne,Ashbee,iashbeeol@epa.gov
Desirae,Sondon,dsondonom@toplist.cz
Irving,Rushsorth,irushsorthon@omniture.com
Seana,Holhouse,sholhouseoo@ning.com
Roldan,Labrenz,rlabrenzop@bloglovin.com
Lorain,Aburrow,laburrowoq@wikia.com
Gilda,Crux,gcruxor@patch.com
Brooks,Ferroni,bferronios@smugmug.com
Nickola,Penrose,npenroseot@plala.or.jp
Genvieve,Gowlett,ggowlettou@sphinn.com
Cash,Pingston,cpingstonov@scribd.com
Jeffry,McClaurie,jmcclaurieow@jalbum.net
Nikita,Isles,nislesox@ihg.com
Daloris,Esp,despoy@w3.org
Kerwin,Danks,kdanksoz@mlb.com
Stillman,Ghiron,sghironp0@technorati.com
Retha,Abramcik,rabramcikp1@yolasite.com
Anthe,Larratt,alarrattp2@alexa.com
Cornela,Croux,ccrouxp3@newyorker.com
Yorgos,Kenaway,ykenawayp4@dailymail.co.uk
Josefa,Peverell,jpeverellp5@hostgator.com
Welbie,Gusney,wgusneyp6@chron.com
Ami,Botham,abothamp7@multiply.com
Freida,Lachaize,flachaizep8@wordpress.com
Joyce,Sebley,jsebleyp9@gov.uk
Cathee,Dummer,cdummerpa@google.it
Felike,Baseggio,fbaseggiopb@cargocollective.com
Marve,Chesterman,mchestermanpc@japanpost.jp
Mindy,Maeer,mmaeerpd@rakuten.co.jp
Allie,Capaldi,acapaldipe@topsy.com
Brooks,Edlyn,bedlynpf@instagram.com
Tobias,Goldring,tgoldringpg@narod.ru
Stirling,Manoelli,smanoelliph@irs.gov
Elwin,Slader,esladerpi@moonfruit.com
Hobart,Jilliss,hjillisspj@xinhuanet.com
Giffy,Garahan,ggarahanpk@plala.or.jp
Craig,Deeble,cdeeblepl@engadget.com
Kristien,Silkstone,ksilkstonepm@networkadvertising.org
Geraldine,Garms,ggarmspn@sphinn.com
Jecho,Atter,jatterpo@sbwire.com
Saxe,Sheasby,ssheasbypp@apache.org
Roderigo,Hehnke,rhehnkepq@a8.net
Finn,Zanotti,fzanottipr@ted.com
Audra,Wasbey,awasbeyps@icio.us
Gerrard,Camois,gcamoispt@howstuffworks.com
Ambrosi,Mattek,amattekpu@wp.com
Yale,Asbrey,yasbreypv@cmu.edu
Seamus,Pendrick,spendrickpw@surveymonkey.com
Jaquenetta,Theuff,jtheuffpx@merriam-webster.com
Ikey,Zavittieri,izavittieripy@oaic.gov.au
Nerti,Kebbell,nkebbellpz@usatoday.com
Igor,Hartlebury,ihartleburyq0@goo.gl
Inigo,Vasin,ivasinq1@squidoo.com
Marguerite,Coyish,mcoyishq2@netlog.com
Margarethe,Bracknell,mbracknellq3@economist.com
Meghan,Houseman,mhousemanq4@senate.gov
Phyllida,Haliburn,phaliburnq5@discuz.net
Juana,Borborough,jborboroughq6@sitemeter.com
Elfrieda,Aronowicz,earonowiczq7@buzzfeed.com
Robinet,Ebdin,rebdinq8@quantcast.com
Stefania,Glossup,sglossupq9@so-net.ne.jp
Stanton,Jorczyk,sjorczykqa@nifty.com
Bryn,Obispo,bobispoqb@blogtalkradio.com
Marty,Battaille,mbattailleqc@yelp.com
Sydel,Doward,sdowardqd@discuz.net
Jackqueline,Barter,jbarterqe@timesonline.co.uk
Alleyn,Edmondson,aedmondsonqf@ucla.edu
Goldia,Drewitt,gdrewittqg@goodreads.com
Sibyl,Spykins,sspykinsqh@yahoo.co.jp
Rolf,Janssen,rjanssenqi@apple.com
Izabel,Riccio,iriccioqj@amazon.com
Raphaela,Penritt,rpenrittqk@lulu.com
Blanch,Sellek,bsellekql@uol.com.br
Peggie,Rennebeck,prennebeckqm@home.pl
Iver,Coddrington,icoddringtonqn@reddit.com
Kylynn,Dinsdale,kdinsdaleqo@taobao.com
Marci,McBain,mmcbainqp@elegantthemes.com
Jeri,Parramore,jparramoreqq@patch.com
Evered,Dumpleton,edumpletonqr@cloudflare.com
Nicola,Gullifant,ngullifantqs@live.com
Dolf,Attersoll,dattersollqt@prnewswire.com
Andrea,Devey,adeveyqu@xinhuanet.com
Clem,Seely,cseelyqv@gmpg.org
Loralie,Matura,lmaturaqw@free.fr
Jobyna,Youdell,jyoudellqx@amazon.com
Mitch,Handforth,mhandforthqy@themeforest.net
Martelle,Fookes,mfookesqz@macromedia.com
Alyson,Piotrkowski,apiotrkowskir0@zdnet.com
Jeth,Endon,jendonr1@ihg.com
Adan,Caldecot,acaldecotr2@japanpost.jp
Hewe,Hadcock,hhadcockr3@hatena.ne.jp
Harlie,Serotsky,hserotskyr4@skype.com
Eudora,Djurdjevic,edjurdjevicr5@wix.com
Darren,Damp,ddampr6@xinhuanet.com
Dorrie,Riddlesden,driddlesdenr7@adobe.com
Crin,Bednell,cbednellr8@phoca.cz
Toddie,Readie,treadier9@nydailynews.com
Ulrika,Grishin,ugrishinra@latimes.com
Christos,Cumberbatch,ccumberbatchrb@issuu.com
Caty,Le Port,cleportrc@istockphoto.com
Yorgo,Beadell,ybeadellrd@senate.gov
Marcella,Fayre,mfayrere@geocities.jp
Sergio,Greetland,sgreetlandrf@studiopress.com
Marietta,Scopes,mscopesrg@joomla.org
Vallie,Mitchall,vmitchallrh@ucla.edu
Rafferty,Stainsby,rstainsbyri@mapquest.com
Sonnnie,Nowakowska,snowakowskarj@prweb.com
Debbi,Caton,dcatonrk@wikipedia.org
Tawsha,Ferens,tferensrl@nasa.gov
Roddy,Maddern,rmaddernrm@thetimes.co.uk
Atalanta,de Wilde,adewildern@microsoft.com
Carie,Hairesnape,chairesnapero@upenn.edu
Frants,Studde,fstudderp@columbia.edu
Andie,Jeandot,ajeandotrq@prlog.org
Gerald,Bowyer,gbowyerrr@goo.ne.jp
