Averil,Lenz,alenz0@scribd.com
Amandy,Bautiste,abautiste1@cdc.gov
Thorny,Tremble,ttremble2@techcrunch.com
Elsa,MacKinnon,emackinnon3@redcross.org
Elisabet,Lowmass,elowmass4@hp.com
Randall,Coenraets,rcoenraets5@bigcartel.com
Merill,Danaher,mdanaher6@tinypic.com
Lacey,McUre,lmcure7@delicious.com
Myer,Conkie,mconkie8@cisco.com
Shandy,Drieu,sdrieu9@thetimes.co.uk
Milty,Leupoldt,mleupoldta@slate.com
Deloris,Hawker,dhawkerb@hatena.ne.jp
Evangelia,Manger,emangerc@theguardian.com
Milton,Astle,mastled@1und1.de
Jo-ann,Millwall,jmillwalle@exblog.jp
Cherey,Novotni,cnovotnif@blog.com
Livvy,Rubroe,lrubroeg@bbb.org
Nobie,Eyres,neyresh@goo.ne.jp
Gawen,Brizland,gbrizlandi@uiuc.edu
Friedrick,Tzuker,ftzukerj@plala.or.jp
Anestassia,Chasmoor,achasmoork@bigcartel.com
Ingrim,Cutler,icutlerl@thetimes.co.uk
Faunie,Ades,fadesm@sitemeter.com
Hermy,Braywood,hbraywoodn@cafepress.com
Sashenka,Shimmings,sshimmingso@hud.gov
Koralle,Covotti,kcovottip@opensource.org
Allyn,Mitchell,amitchellq@cdc.gov
Lazare,Ogley,logleyr@sohu.com
Marcelia,Billitteri,mbillitteris@aboutads.info
Mildred,Coldrick,mcoldrickt@cafepress.com
Cesare,Skyram,cskyramu@networksolutions.com
Doy,Primarolo,dprimarolov@gravatar.com
Anestassia,Domotor,adomotorw@etsy.com
Tabbie,Preddy,tpreddyx@fda.gov
Mathilda,Moquin,mmoquiny@wired.com
Fina,Bezarra,fbezarraz@boston.com
Demetria,Heaseman,dheaseman10@elegantthemes.com
Ashien,De Michele,ademichele11@yolasite.com
Terry,Vautier,tvautier12@examiner.com
Lewie,Bryant,lbryant13@bbc.co.uk
Taber,Geraud,tgeraud14@tinypic.com
Colin,Garwill,cgarwill15@discovery.com
Tobit,Rontsch,trontsch16@nhs.uk
Yelena,Coggins,ycoggins17@facebook.com
Miguela,Iorizzo,miorizzo18@ezinearticles.com
Izabel,Bullion,ibullion19@loc.gov
Johann,Vossgen,jvossgen1a@github.io
Angie,Rainy,arainy1b@fema.gov
Elie,Claughton,eclaughton1c@indiatimes.com
Emlynne,Kelling,ekelling1d@dagondesign.com
Maridel,Dunlea,mdunlea1e@thetimes.co.uk
Ferne,Lippard,flippard1f@clickbank.net
Cort,Sames,csames1g@shareasale.com
Lorne,Mitro,lmitro1h@globo.com
Lammond,Lawful,llawful1i@hatena.ne.jp
Jean,Dakhno,jdakhno1j@pen.io
Filbert,Girhard,fgirhard1k@home.pl
Finn,Emberton,femberton1l@google.co.uk
Ddene,Toulson,dtoulson1m@skyrock.com
Elbert,Batisse,ebatisse1n@digg.com
Tybalt,Tatlow,ttatlow1o@state.gov
Gannon,Grindrod,ggrindrod1p@reuters.com
Shoshanna,Penwright,spenwright1q@nps.gov
Obadias,Brogioni,obrogioni1r@goodreads.com
Briggs,Wimbridge,bwimbridge1s@yellowpages.com
Joe,Murdy,jmurdy1t@feedburner.com
Godfrey,Brunroth,gbrunroth1u@mtv.com
Oberon,Hancorn,ohancorn1v@reference.com
Riki,Furby,rfurby1w@privacy.gov.au
Henderson,Picker,hpicker1x@biblegateway.com
Vinita,Steely,vsteely1y@opensource.org
Marnia,Craighall,mcraighall1z@army.mil
Bryn,Holsall,bholsall20@dell.com
Emlyn,Marcam,emarcam21@w3.org
Stormy,Behn,sbehn22@domainmarket.com
Daniele,Engelbrecht,dengelbrecht23@census.gov
Aubrie,Leinthall,aleinthall24@bing.com
Collin,Rawdales,crawdales25@thetimes.co.uk
Joshua,Lante,jlante26@wunderground.com
Liza,Drewitt,ldrewitt27@nydailynews.com
Marlowe,Loisi,mloisi28@answers.com
Meredith,Soane,msoane29@examiner.com
Almira,Zorzutti,azorzutti2a@yellowpages.com
Aubrie,Roughey,aroughey2b@bing.com
Brooke,Hundall,bhundall2c@ebay.com
Aland,Guinane,aguinane2d@sitemeter.com
Tedman,Baty,tbaty2e@networksolutions.com
Coreen,Dunwoody,cdunwoody2f@ucsd.edu
Guthrey,Peartree,gpeartree2g@addthis.com
Yetty,Jovey,yjovey2h@aboutads.info
Pearle,Davydochkin,pdavydochkin2i@japanpost.jp
Imogene,Orneles,iorneles2j@scientificamerican.com
Dotti,Tweddell,dtweddell2k@amazon.de
Rafaela,Manlow,rmanlow2l@pinterest.com
Marlon,Corless,mcorless2m@cbc.ca
Clemmy,Smullen,csmullen2n@icio.us
Kaela,Fosher,kfosher2o@wsj.com
Jocelyn,Offener,joffener2p@go.com
Vincent,Churchlow,vchurchlow2q@smh.com.au
Ettie,Mawdsley,emawdsley2r@uiuc.edu
Gaby,Mabbott,gmabbott2s@cargocollective.com
Conny,Tournay,ctournay2t@cloudflare.com
Devan,Connors,dconnors2u@studiopress.com
Giraud,Pfertner,gpfertner2v@theglobeandmail.com
Tate,Dargie,tdargie2w@facebook.com
Flory,Meaders,fmeaders2x@liveinternet.ru
Flo,Prise,fprise2y@deviantart.com
Steffie,Lunney,slunney2z@icq.com
Winnie,Silverwood,wsilverwood30@cmu.edu
Eleonore,Dabernott,edabernott31@shutterfly.com
Ashleigh,Petrovsky,apetrovsky32@last.fm
Charline,Fearby,cfearby33@wordpress.org
Legra,Janic,ljanic34@ocn.ne.jp
Katharyn,Bedlington,kbedlington35@cafepress.com
Dorri,Everton,deverton36@bloglines.com
Flossy,Yeowell,fyeowell37@answers.com
Jo,Sushams,jsushams38@so-net.ne.jp
Fawnia,Penketh,fpenketh39@paginegialle.it
Osmund,Hoogendorp,ohoogendorp3a@tinypic.com
Carlina,Phalip,cphalip3b@accuweather.com
Roze,Tebbs,rtebbs3c@accuweather.com
Jolynn,Tonkin,jtonkin3d@edublogs.org
Channa,Goldsberry,cgoldsberry3e@arstechnica.com
Christan,Pentercost,cpentercost3f@prlog.org
Phil,Paraman,pparaman3g@wisc.edu
Benjie,Van Arsdale,bvanarsdale3h@jigsy.com
Danny,Damp,ddamp3i@nymag.com
Jim,Basset,jbasset3j@uiuc.edu
Liesa,Eliasson,leliasson3k@ask.com
Camala,Fuke,cfuke3l@opensource.org
Naomi,Bittlestone,nbittlestone3m@tinypic.com
Jodee,Labusquiere,jlabusquiere3n@yellowbook.com
Ferdinande,Penticost,fpenticost3o@ebay.co.uk
Jordan,Piscotti,jpiscotti3p@51.la
Adrien,Seller,aseller3q@blogs.com
Dede,Waite,dwaite3r@hostgator.com
Cinda,Joule,cjoule3s@homestead.com
Sosanna,Sheasby,ssheasby3t@networksolutions.com
Gayler,Elam,gelam3u@hhs.gov
Hymie,Bernaciak,hbernaciak3v@amazon.co.uk
Gaylord,Torrance,gtorrance3w@sciencedirect.com
Corty,Endecott,cendecott3x@opensource.org
Calli,O'Tuohy,cotuohy3y@smugmug.com
Bonnee,Isakovitch,bisakovitch3z@nyu.edu
Constantia,Carle,ccarle40@europa.eu
Corrinne,Bockett,cbockett41@blog.com
Felice,D'Oyly,fdoyly42@independent.co.uk
Mattheus,Blundon,mblundon43@myspace.com
Jade,Spinetti,jspinetti44@cnet.com
Zonda,Standrin,zstandrin45@google.cn
Madlin,Keywood,mkeywood46@tinyurl.com
Allene,Andrzejczak,aandrzejczak47@google.com.hk
Ignazio,Jillions,ijillions48@state.gov
Fernando,Minshull,fminshull49@ox.ac.uk
Ciro,Rentoll,crentoll4a@earthlink.net
Ceciley,Redfield,credfield4b@123-reg.co.uk
Clayson,Gingedale,cgingedale4c@archive.org
Yehudit,Baughan,ybaughan4d@comcast.net
Madonna,Chucks,mchucks4e@mozilla.com
Tierney,O'Sheerin,tosheerin4f@theguardian.com
Ulrika,St. John,ustjohn4g@wikispaces.com
Ahmed,Pizzey,apizzey4h@google.ca
Levy,Bertelet,lbertelet4i@homestead.com
Kelbee,Barnhart,kbarnhart4j@ftc.gov
Allyn,Hymor,ahymor4k@nps.gov
Geri,Blamey,gblamey4l@sohu.com
Bjorn,Riach,briach4m@diigo.com
Bendix,Vassano,bvassano4n@aboutads.info
Sher,Cousens,scousens4o@merriam-webster.com
Nicky,Bauchop,nbauchop4p@de.vu
Hew,Avory,havory4q@elpais.com
Mozes,Speller,mspeller4r@github.com
Jarret,Brougham,jbrougham4s@deviantart.com
Alaster,Lyford,alyford4t@china.com.cn
Inger,Wynett,iwynett4u@google.co.jp
Vasilis,Filochov,vfilochov4v@princeton.edu
Minne,Gierok,mgierok4w@bluehost.com
Andy,Volks,avolks4x@livejournal.com
Dal,Cordelle,dcordelle4y@tripod.com
Homerus,Anthoine,hanthoine4z@fc2.com
Kirsten,Bessett,kbessett50@amazon.co.jp
Harmonia,Brane,hbrane51@jiathis.com
Nikki,Mulrenan,nmulrenan52@house.gov
Kit,Snookes,ksnookes53@ovh.net
Bran,Flaonier,bflaonier54@skype.com
Madelena,Boorn,mboorn55@flavors.me
Vern,Race,vrace56@networkadvertising.org
Jess,Goodayle,jgoodayle57@eventbrite.com
Gale,Heamus,gheamus58@webeden.co.uk
Maximilian,Skullet,mskullet59@ehow.com
Carver,Kovelmann,ckovelmann5a@nba.com
Gabriela,Gagin,ggagin5b@dyndns.org
Simonette,Oldall,soldall5c@biglobe.ne.jp
Jeramie,Venediktov,jvenediktov5d@tuttocitta.it
Mortie,Horche,mhorche5e@princeton.edu
Hilly,Foss,hfoss5f@addtoany.com
Antoni,Pearton,apearton5g@merriam-webster.com
Dennie,Shivlin,dshivlin5h@google.co.jp
Osbourne,Drakeley,odrakeley5i@sun.com
Marcelo,Tabb,mtabb5j@shinystat.com
Stormie,Scripture,sscripture5k@loc.gov
Poppy,Nancarrow,pnancarrow5l@unicef.org
Alena,Kerry,akerry5m@nymag.com
Sile,Barzen,sbarzen5n@reverbnation.com
Jaymie,Masic,jmasic5o@microsoft.com
Adda,Pinfold,apinfold5p@qq.com
Arthur,Mathely,amathely5q@uol.com.br
Addi,Fincham,afincham5r@hubpages.com
Mona,McKinstry,mmckinstry5s@amazon.de
Kaitlyn,Kryszkiecicz,kkryszkiecicz5t@apple.com
Micki,Lind,mlind5u@webnode.com
Thebault,Riply,triply5v@ovh.net
Jackquelin,Richemont,jrichemont5w@github.com
Reidar,Tern,rtern5x@ning.com
Jonathon,Spera,jspera5y@miibeian.gov.cn
Riki,Churchill,rchurchill5z@homestead.com
Elke,Whyborn,ewhyborn60@dropbox.com
Cammy,Gibbe,cgibbe61@earthlink.net
Titus,McKniely,tmckniely62@prlog.org
Marinna,Baxandall,mbaxandall63@4shared.com
Ado,Rhys,arhys64@list-manage.com
Henrie,Inseal,hinseal65@google.ca
Viviene,Shah,vshah66@blogger.com
Jaymee,Frid,jfrid67@live.com
Di,Yancey,dyancey68@bbc.co.uk
Arabella,Tartt,atartt69@cocolog-nifty.com
Inglebert,MacCafferky,imaccafferky6a@dion.ne.jp
Marsh,Passey,mpassey6b@answers.com
Wolfie,McGeown,wmcgeown6c@angelfire.com
Betti,A'Barrow,babarrow6d@auda.org.au
Liesa,Weymouth,lweymouth6e@tripadvisor.com
Seka,Robez,srobez6f@hatena.ne.jp
Amerigo,Savege,asavege6g@simplemachines.org
Yurik,Colgan,ycolgan6h@usa.gov
Page,Garlett,pgarlett6i@devhub.com
Torrey,Westcar,twestcar6j@accuweather.com
Red,Maddern,rmaddern6k@canalblog.com
Richmound,Prosh,rprosh6l@mail.ru
Dolley,Isley,disley6m@apple.com
Jami,Bawden,jbawden6n@pcworld.com
Dun,Woodroffe,dwoodroffe6o@mayoclinic.com
Jayme,Skull,jskull6p@shareasale.com
Ira,Salisbury,isalisbury6q@examiner.com
Roselia,Bleesing,rbleesing6r@indiegogo.com
Reed,Gammet,rgammet6s@spiegel.de
Jonathan,Bourcq,jbourcq6t@ifeng.com
Bernadine,Neeves,bneeves6u@github.com
Sherman,Eich,seich6v@buzzfeed.com
Barb,Theis,btheis6w@mac.com
Irita,Cheavin,icheavin6x@meetup.com
Bartholomeo,Doyley,bdoyley6y@odnoklassniki.ru
Guy,Jakov,gjakov6z@mit.edu
Marna,Francescozzi,mfrancescozzi70@symantec.com
Tarah,Llywarch,tllywarch71@loc.gov
Klarrisa,Conkie,kconkie72@ftc.gov
Morlee,Spatoni,mspatoni73@answers.com
Connie,Llywarch,cllywarch74@state.gov
Jessalin,Cowmeadow,jcowmeadow75@jigsy.com
Koo,Hiland,khiland76@bluehost.com
Celisse,Ekell,cekell77@webmd.com
Levy,Fantini,lfantini78@reuters.com
Graehme,Naile,gnaile79@fc2.com
Dolly,Damarell,ddamarell7a@canalblog.com
Cornela,Jacombs,cjacombs7b@phpbb.com
Courtnay,Batt,cbatt7c@blog.com
Rolph,Banghe,rbanghe7d@dot.gov
Selinda,Franchyonok,sfranchyonok7e@wikispaces.com
Frankie,Swadlin,fswadlin7f@issuu.com
Brand,Bousquet,bbousquet7g@bloglines.com
Lydon,Cholton,lcholton7h@oakley.com
Celestina,Flipsen,cflipsen7i@woothemes.com
Elsie,Hlavac,ehlavac7j@drupal.org
Bastien,Skinner,bskinner7k@elegantthemes.com
Shina,Nann,snann7l@meetup.com
Katherine,Mallalieu,kmallalieu7m@biglobe.ne.jp
Fidole,Milella,fmilella7n@ucla.edu
Robinson,Gibard,rgibard7o@myspace.com
Ricoriki,Trevance,rtrevance7p@gov.uk
Hagen,Schruyer,hschruyer7q@auda.org.au
Michaelina,Leason,mleason7r@google.ca
Terri,Dayley,tdayley7s@mtv.com
Ezequiel,Leggett,eleggett7t@goodreads.com
Joellyn,Gaddie,jgaddie7u@t.co
Sollie,Jeram,sjeram7v@answers.com
Farleigh,Cubbini,fcubbini7w@mediafire.com
Chloris,Hallagan,challagan7x@state.tx.us
Raven,Riditch,rriditch7y@comsenz.com
Antonino,Swynley,aswynley7z@va.gov
Brewer,Roantree,broantree80@independent.co.uk
Norbert,Alejandro,nalejandro81@altervista.org
Grady,Hallowell,ghallowell82@mlb.com
Igor,Jurasek,ijurasek83@comcast.net
Gallard,Babalola,gbabalola84@cafepress.com
Haskell,Poley,hpoley85@360.cn
Taddeo,Daughtry,tdaughtry86@youtube.com
Dewain,Gissop,dgissop87@ucoz.com
Bertina,Fairburn,bfairburn88@163.com
Hewet,Annand,hannand89@epa.gov
Elias,Dutt,edutt8a@etsy.com
Wilona,Braime,wbraime8b@dropbox.com
Laurie,Kindleside,lkindleside8c@ycombinator.com
Brody,Dales,bdales8d@marketwatch.com
Delilah,Gaylor,dgaylor8e@java.com
Bettye,Jaimez,bjaimez8f@1688.com
Cybil,Bree,cbree8g@yellowpages.com
Ariella,Gallihawk,agallihawk8h@ovh.net
Melamie,Tuckley,mtuckley8i@domainmarket.com
Trixy,Pallin,tpallin8j@nps.gov
Theo,Starton,tstarton8k@webmd.com
Frederic,Diano,fdiano8l@umn.edu
Sharl,Baigent,sbaigent8m@earthlink.net
Aveline,Valentin,avalentin8n@nsw.gov.au
Retha,Perse,rperse8o@ocn.ne.jp
Zebulen,Pressman,zpressman8p@joomla.org
Bent,Capps,bcapps8q@drupal.org
Annabel,Getch,agetch8r@t.co
Adriena,Carress,acarress8s@ezinearticles.com
Nissy,Fidgin,nfidgin8t@geocities.jp
Isis,Large,ilarge8u@answers.com
Chris,Machel,cmachel8v@foxnews.com
Udall,Brophy,ubrophy8w@altervista.org
Jeanne,Dugall,jdugall8x@geocities.com
Betty,Gerrad,bgerrad8y@prlog.org
Nester,Brownstein,nbrownstein8z@businessweek.com
Dana,Michael,dmichael90@comsenz.com
Jarid,Junkinson,jjunkinson91@cloudflare.com
Basile,Cattermole,bcattermole92@flickr.com
Teodora,Spendlove,tspendlove93@ted.com
Giacobo,Danels,gdanels94@google.cn
Deena,Aldine,daldine95@a8.net
Shelley,Louden,slouden96@angelfire.com
Cash,Honnan,chonnan97@wordpress.com
Barbara,Steadman,bsteadman98@tinypic.com
Loise,Derrett,lderrett99@artisteer.com
Thedrick,Neame,tneame9a@privacy.gov.au
Georgiana,Galland,ggalland9b@admin.ch
Daniele,Dalinder,ddalinder9c@tripadvisor.com
Jillie,Sorel,jsorel9d@163.com
Klara,Grenfell,kgrenfell9e@ifeng.com
Devina,Crowche,dcrowche9f@bloomberg.com
Cale,Lundbeck,clundbeck9g@jigsy.com
Esta,Turville,eturville9h@jigsy.com
Raimundo,Stell,rstell9i@skyrock.com
Aloysia,Undrill,aundrill9j@sourceforge.net
Oswald,Locarno,olocarno9k@booking.com
Whit,Gricewood,wgricewood9l@ehow.com
Adriane,Soggee,asoggee9m@t-online.de
Archy,Dulany,adulany9n@github.io
Burl,Joice,bjoice9o@archive.org
Lainey,Linwood,llinwood9p@google.com.br
Netti,Pawlaczyk,npawlaczyk9q@sohu.com
Cathy,Heinschke,cheinschke9r@tiny.cc
Eileen,Strafford,estrafford9s@google.it
Evangelia,O'Mohun,eomohun9t@webmd.com
Niki,Waple,nwaple9u@sbwire.com
Filmer,Minero,fminero9v@deviantart.com
Anatol,Cisar,acisar9w@wunderground.com
Anita,Snipe,asnipe9x@utexas.edu
Roldan,Doerren,rdoerren9y@wufoo.com
Kimball,Spensly,kspensly9z@newyorker.com
Sascha,Henker,shenkera0@usatoday.com
Maryjane,Trayford,mtrayforda1@usgs.gov
Shane,Coughlan,scoughlana2@weebly.com
Jerad,Piddlehinton,jpiddlehintona3@yahoo.co.jp
Ely,Sifflett,esiffletta4@wikipedia.org
Daniele,Tumilty,dtumiltya5@examiner.com
Lamar,Lafford,llafforda6@jimdo.com
Julieta,Dreger,jdregera7@simplemachines.org
Niel,Hart,nharta8@fastcompany.com
Agnesse,Boich,aboicha9@booking.com
Vinnie,Pawlata,vpawlataaa@arizona.edu
Dugald,Longfield,dlongfieldab@opensource.org
Lucille,Palatini,lpalatiniac@miitbeian.gov.cn
Dareen,Pendered,dpenderedad@g.co
Donella,Dyka,ddykaae@biglobe.ne.jp
Pippy,Gerrets,pgerretsaf@hostgator.com
Cobby,Blondell,cblondellag@netlog.com
Silvana,Clerk,sclerkah@go.com
Nickie,Aisbett,naisbettai@ibm.com
Leighton,Phillot,lphillotaj@infoseek.co.jp
Jeffrey,Pinor,jpinorak@ustream.tv
Zollie,Dugue,zdugueal@abc.net.au
Alvie,Pappi,apappiam@ow.ly
Jo-ann,Thraves,jthravesan@dedecms.com
Alan,Blaw,ablawao@opera.com
Fran,Gilardengo,fgilardengoap@loc.gov
Shayna,Shaw,sshawaq@hud.gov
Geoffrey,Wilkie,gwilkiear@vk.com
Kaleb,Ambrogi,kambrogias@mayoclinic.com
Tootsie,Pencott,tpencottat@vimeo.com
Hamel,Sansome,hsansomeau@nymag.com
Gav,Varren,gvarrenav@mit.edu
Ailene,Ismail,aismailaw@icq.com
Tommi,Womack,twomackax@sourceforge.net
Delbert,Hazeldean,dhazeldeanay@youtube.com
Therese,Cawthry,tcawthryaz@w3.org
Sanson,Giovannardi,sgiovannardib0@wired.com
Noelle,Lazenbury,nlazenburyb1@amazonaws.com
Adams,Woolway,awoolwayb2@squidoo.com
Giralda,Ormes,gormesb3@netscape.com
Imogene,Tallach,itallachb4@weebly.com
Gordan,McKerlie,gmckerlieb5@1688.com
Caralie,Vallow,cvallowb6@google.com.au
Zach,Boldra,zboldrab7@wikimedia.org
Vasili,Barnish,vbarnishb8@moonfruit.com
Lula,Riggs,lriggsb9@miitbeian.gov.cn
Lona,Scinelli,lscinelliba@berkeley.edu
Rowney,Maffia,rmaffiabb@theglobeandmail.com
Clarita,Cowern,ccowernbc@ask.com
Morse,Selkirk,mselkirkbd@google.it
Mitchel,Eary,mearybe@nationalgeographic.com
Ynez,Borris,yborrisbf@ocn.ne.jp
Charley,Wollrauch,cwollrauchbg@gnu.org
Bordy,Saffran,bsaffranbh@china.com.cn
Evey,Caroline,ecarolinebi@flickr.com
Martyn,McDuffie,mmcduffiebj@ibm.com
Nadiya,Tyres,ntyresbk@hao123.com
Blanca,Tellenbroker,btellenbrokerbl@tinypic.com
Cayla,Hacquoil,chacquoilbm@whitehouse.gov
Bastian,Daglish,bdaglishbn@merriam-webster.com
Friedrick,Jouhan,fjouhanbo@nps.gov
Olivie,Cockle,ococklebp@barnesandnoble.com
Curt,O'Loinn,coloinnbq@bravesites.com
Birdie,Imort,bimortbr@yelp.com
Porter,Balaisot,pbalaisotbs@vinaora.com
Dannel,Jannex,djannexbt@qq.com
Judye,Chastenet,jchastenetbu@whitehouse.gov
Lotti,Bounde,lboundebv@google.cn
Hilliary,Riddlesden,hriddlesdenbw@desdev.cn
Alfredo,McGarel,amcgarelbx@lulu.com
Yvon,Pountain,ypountainby@japanpost.jp
Kelbee,Blackhall,kblackhallbz@diigo.com
Robin,Schinetti,rschinettic0@time.com
Hyman,Immins,himminsc1@hugedomains.com
Maryjane,Pantry,mpantryc2@yale.edu
Dyane,Gooke,dgookec3@vkontakte.ru
Nathanil,Bartle,nbartlec4@marriott.com
Matthieu,Habard,mhabardc5@webeden.co.uk
Carroll,Willson,cwillsonc6@hibu.com
Bartholomeo,Ziemens,bziemensc7@parallels.com
Korey,Wintringham,kwintringhamc8@apple.com
Barty,Beresford,bberesfordc9@google.it
Pancho,Jelley,pjelleyca@soundcloud.com
Tiena,Proudley,tproudleycb@amazonaws.com
Estelle,Cheshir,echeshircc@nih.gov
Sigismond,Spelsbury,sspelsburycd@sourceforge.net
Thorpe,Jeff,tjeffce@tripod.com
Ann,Osbaldstone,aosbaldstonecf@imgur.com
Rickard,Croucher,rcrouchercg@who.int
Lynnelle,Fielder,lfielderch@google.co.jp
Chilton,Moye,cmoyeci@virginia.edu
Kareem,Penlington,kpenlingtoncj@ask.com
Dawn,Earpe,dearpeck@guardian.co.uk
Angela,Ghidoli,aghidolicl@miitbeian.gov.cn
Maurizia,Giraudat,mgiraudatcm@dailymotion.com
Latrena,Yakovlev,lyakovlevcn@china.com.cn
Corrie,Maasz,cmaaszco@spiegel.de
Hughie,Sabbin,hsabbincp@deviantart.com
Hank,Battabee,hbattabeecq@tumblr.com
Mikey,Dollen,mdollencr@adobe.com
Leia,Berceros,lberceroscs@infoseek.co.jp
Buckie,Adamou,badamouct@zimbio.com
Portia,Dessant,pdessantcu@reference.com
Florie,Tuppeny,ftuppenycv@disqus.com
Padraig,Axworthy,paxworthycw@ed.gov
Siobhan,Buddington,sbuddingtoncx@ovh.net
Gypsy,Carding,gcardingcy@cmu.edu
Neil,Ouver,nouvercz@washingtonpost.com
Tamara,Janatka,tjanatkad0@usnews.com
Basia,Langlois,blangloisd1@opera.com
Abey,Pennycord,apennycordd2@wisc.edu
Chelsey,Bernadzki,cbernadzkid3@yahoo.co.jp
Lyman,Britnell,lbritnelld4@abc.net.au
Milty,Adkin,madkind5@about.me
Welby,McGuiness,wmcguinessd6@time.com
Christopher,Jessett,cjessettd7@dedecms.com
Lucias,Lenin,llenind8@about.com
Alfreda,Rubbens,arubbensd9@prlog.org
Cathleen,Le Galle,clegalleda@biglobe.ne.jp
Bronnie,Annetts,bannettsdb@hc360.com
Dyanne,Swansborough,dswansboroughdc@noaa.gov
Wayland,Basketter,wbasketterdd@amazonaws.com
Annecorinne,Grassi,agrasside@netvibes.com
Gerald,Mirfield,gmirfielddf@ovh.net
Octavia,Bearblock,obearblockdg@vkontakte.ru
Kira,Bernardos,kbernardosdh@odnoklassniki.ru
Charo,Ferrini,cferrinidi@about.me
Conny,Korpolak,ckorpolakdj@squidoo.com
Benedicta,Eicheler,beichelerdk@webnode.com
Buck,Shakesby,bshakesbydl@flavors.me
Reese,Toffanini,rtoffaninidm@1und1.de
Madalena,Oleksinski,moleksinskidn@techcrunch.com
Tillie,Lukasen,tlukasendo@networksolutions.com
Saunder,Andell,sandelldp@scientificamerican.com
Lek,Kynoch,lkynochdq@mit.edu
Maighdiln,Beckers,mbeckersdr@feedburner.com
Krystalle,Whyborne,kwhyborneds@forbes.com
Jayson,Petschelt,jpetscheltdt@g.co
Ediva,Fountaine,efountainedu@bizjournals.com
Shaughn,Lackner,slacknerdv@shinystat.com
Dudley,Strettell,dstrettelldw@surveymonkey.com
Matty,Jessett,mjessettdx@mail.ru
Cassandry,Duferie,cduferiedy@arizona.edu
Rana,Brito,rbritodz@usa.gov
Oralie,Sperski,osperskie0@discuz.net
Rance,Icke,rickee1@cbslocal.com
Wynn,Giorio,wgiorioe2@google.de
Charil,Upex,cupexe3@yahoo.com
Wat,Iban,wibane4@army.mil
Meredith,Brindle,mbrindlee5@squarespace.com
Dominique,Pechard,dpecharde6@intel.com
Crysta,Maior,cmaiore7@imgur.com
Clari,Balazs,cbalazse8@godaddy.com
Vito,Yarn,vyarne9@ftc.gov
Binny,Hellwich,bhellwichea@google.de
Ansell,Gillicuddy,agillicuddyeb@blogs.com
Phillipp,MacConneely,pmacconneelyec@cbslocal.com
Lexis,Bydaway,lbydawayed@booking.com
Care,Ivanchin,civanchinee@miibeian.gov.cn
Kendall,Death,kdeathef@zdnet.com
Rikki,Farr,rfarreg@hao123.com
Rafe,Grigoryev,rgrigoryeveh@go.com
Maurene,Yearsley,myearsleyei@cnn.com
Ariella,Whyley,awhyleyej@gizmodo.com
Halli,Foye,hfoyeek@last.fm
Una,Flann,uflannel@cafepress.com
Garrik,Whitmore,gwhitmoreem@howstuffworks.com
Meier,Bodycomb,mbodycomben@photobucket.com
Toby,Dionisii,tdionisiieo@google.it
Leyla,Kubelka,lkubelkaep@feedburner.com
Talya,Trobey,ttrobeyeq@slideshare.net
Pet,Illem,pillemer@tinyurl.com
Della,Foxhall,dfoxhalles@omniture.com
Adriana,Dyke,adykeet@webs.com
Louis,Wanley,lwanleyeu@e-recht24.de
Erl,Oxlee,eoxleeev@ning.com
Archer,Simenel,asimenelew@washingtonpost.com
Mata,MacIlory,mmaciloryex@home.pl
Elisha,Speke,espekeey@booking.com
Kittie,Borrow,kborrowez@redcross.org
Veda,Killock,vkillockf0@wikimedia.org
Nisse,Ellens,nellensf1@myspace.com
Meade,Wringe,mwringef2@weather.com
Meriel,Dorant,mdorantf3@seattletimes.com
Merrilee,Sango,msangof4@netvibes.com
Yvette,Housegoe,yhousegoef5@theatlantic.com
Sybil,Walkden,swalkdenf6@google.com.au
Karisa,Darragh,kdarraghf7@youtube.com
Dale,Nyssens,dnyssensf8@prnewswire.com
Jinny,Ingleby,jinglebyf9@uol.com.br
Rickard,Hasel,rhaselfa@elegantthemes.com
Sam,Dickie,sdickiefb@symantec.com
Noelani,Artrick,nartrickfc@lulu.com
Dunn,Alleyn,dalleynfd@github.com
Arlinda,Gwyther,agwytherfe@phpbb.com
Arabel,Klaas,aklaasff@samsung.com
Sybilla,Bliben,sblibenfg@google.it
Isadore,Foch,ifochfh@dailymotion.com
Doug,Slocum,dslocumfi@php.net
Ralph,O'Dunneen,rodunneenfj@e-recht24.de
Sebastien,Erangy,serangyfk@taobao.com
Gawain,Littley,glittleyfl@latimes.com
Lotti,Hasselby,lhasselbyfm@wikipedia.org
Noah,Beeden,nbeedenfn@pagesperso-orange.fr
Malissia,Sanches,msanchesfo@businesswire.com
Marin,Cowpertwait,mcowpertwaitfp@booking.com
Nickolai,Schulze,nschulzefq@netvibes.com
Nikolai,Greste,ngrestefr@list-manage.com
Margie,Curton,mcurtonfs@163.com
Ximenez,Gregory,xgregoryft@vistaprint.com
Esdras,Clouter,eclouterfu@nifty.com
Anissa,MacAndie,amacandiefv@nytimes.com
Edgardo,Odde,eoddefw@bizjournals.com
Heinrick,Josephy,hjosephyfx@51.la
Beckie,Vashchenko,bvashchenkofy@independent.co.uk
Ailey,Pinckney,apinckneyfz@oaic.gov.au
Durante,Krook,dkrookg0@army.mil
Janeva,Scimone,jscimoneg1@bing.com
Mickey,Dodgson,mdodgsong2@nba.com
Arleta,Pigeon,apigeong3@theguardian.com
Heloise,Santhouse,hsanthouseg4@mozilla.com
Frederick,Lissandri,flissandrig5@walmart.com
Paquito,Roistone,proistoneg6@icio.us
Udale,Toomey,utoomeyg7@techcrunch.com
Jobye,Petrollo,jpetrollog8@etsy.com
Edythe,Rudham,erudhamg9@bbb.org
Davine,Lotherington,dlotheringtonga@sphinn.com
Kimmie,Leftridge,kleftridgegb@nhs.uk
Braden,Levey,bleveygc@furl.net
Marge,Keay,mkeaygd@nature.com
Avrit,MacNab,amacnabge@rambler.ru
Starr,Breed,sbreedgf@fda.gov
Raimondo,Pott,rpottgg@list-manage.com
Cece,Moukes,cmoukesgh@bloglovin.com
Nance,Humerstone,nhumerstonegi@odnoklassniki.ru
Rowan,Miroy,rmiroygj@virginia.edu
Bartholomeo,Easlea,beasleagk@redcross.org
Gaby,Aisbett,gaisbettgl@eepurl.com
Melisent,Larkin,mlarkingm@ucoz.com
Bronnie,Tweedlie,btweedliegn@go.com
Ryley,Avrahamoff,ravrahamoffgo@deliciousdays.com
Kevyn,Winear,kwineargp@indiegogo.com
Shauna,Padden,spaddengq@altervista.org
Ermentrude,Giamelli,egiamelligr@irs.gov
Dalia,Paulton,dpaultongs@meetup.com
Albrecht,Van den Dael,avandendaelgt@homestead.com
Kellyann,Kelloch,kkellochgu@microsoft.com
Morlee,Offa,moffagv@a8.net
Worth,Gun,wgungw@studiopress.com
Joni,Wraxall,jwraxallgx@go.com
Sheena,Kuhwald,skuhwaldgy@archive.org
Nilson,Schwier,nschwiergz@bluehost.com
Agata,Dyshart,adysharth0@slideshare.net
Libbey,Gravie,lgravieh1@godaddy.com
Janis,Hackley,jhackleyh2@abc.net.au
Denise,Edelmann,dedelmannh3@soup.io
Andee,Breitling,abreitlingh4@dyndns.org
Kassandra,Tams,ktamsh5@ox.ac.uk
Herc,Womersley,hwomersleyh6@dmoz.org
Dominik,Dannohl,ddannohlh7@dailymail.co.uk
Pegeen,Loy,ployh8@squarespace.com
Rosie,Bilby,rbilbyh9@usa.gov
Allie,Bunclark,abunclarkha@ehow.com
Rosita,Barukh,rbarukhhb@vinaora.com
Addi,Boshier,aboshierhc@wikia.com
Sybila,Blackwood,sblackwoodhd@fc2.com
Hymie,Jimmes,hjimmeshe@addthis.com
Alexis,Laven,alavenhf@vistaprint.com
Russell,Eydel,reydelhg@cpanel.net
Silva,Pampling,spamplinghh@diigo.com
Babbette,Gibbett,bgibbetthi@drupal.org
Norry,Rojas,nrojashj@unesco.org
Neila,Hindsberg,nhindsberghk@blinklist.com
Edin,Carson,ecarsonhl@plala.or.jp
Esmaria,Dewing,edewinghm@bravesites.com
Neale,Astlet,nastlethn@yandex.ru
Spike,Thireau,sthireauho@wunderground.com
Ailene,McCool,amccoolhp@squidoo.com
Peggi,Mager,pmagerhq@patch.com
Gerik,Heinel,gheinelhr@yahoo.com
Rutledge,Gercken,rgerckenhs@so-net.ne.jp
Lesley,Denecamp,ldenecampht@angelfire.com
Gretta,Owers,gowershu@economist.com
Alejandra,Baudin,abaudinhv@homestead.com
Meris,Denington,mdeningtonhw@wp.com
Annmarie,Teasdale,ateasdalehx@homestead.com
Filmore,McCard,fmccardhy@kickstarter.com
Hermy,McGrirl,hmcgrirlhz@businesswire.com
Zack,Gleed,zgleedi0@google.com
Friedrick,Searston,fsearstoni1@bizjournals.com
Wallie,Sullens,wsullensi2@blinklist.com
Dallas,McKew,dmckewi3@loc.gov
Joshua,Eltun,jeltuni4@about.com
Melony,Grigore,mgrigorei5@nyu.edu
Rabbi,Piatti,rpiattii6@newyorker.com
Viviana,Gudgion,vgudgioni7@cnet.com
Benoit,Dalziell,bdalzielli8@flavors.me
Rog,Hurdidge,rhurdidgei9@homestead.com
Harman,Sidry,hsidryia@yahoo.co.jp
Newton,Higbin,nhigbinib@cdbaby.com
Hilliary,Poltun,hpoltunic@fda.gov
Esteban,Crawshay,ecrawshayid@youku.com
Lesly,Scandrick,lscandrickie@nba.com
Flin,Cafferty,fcaffertyif@histats.com
Rebecka,Shirtcliffe,rshirtcliffeig@youtube.com
Sonny,Finn,sfinnih@tamu.edu
Onfre,January,ojanuaryii@gizmodo.com
Mirna,Pimley,mpimleyij@reddit.com
Chester,Joubert,cjoubertik@shop-pro.jp
Faythe,Feldmark,ffeldmarkil@marriott.com
Greer,Teresi,gteresiim@arstechnica.com
Dasi,Callicott,dcallicottin@behance.net
Veda,Laudham,vlaudhamio@ibm.com
Carlotta,Bellany,cbellanyip@army.mil
Paulette,Sabathier,psabathieriq@arstechnica.com
Heather,Pickrell,hpickrellir@wix.com
Monika,Swinerd,mswinerdis@delicious.com
Kala,Shew,kshewit@xinhuanet.com
Chilton,Tuftin,ctuftiniu@forbes.com
Nathan,Wimsett,nwimsettiv@bigcartel.com
Omero,Slowan,oslowaniw@clickbank.net
Kimble,Gemmill,kgemmillix@blinklist.com
Rosanne,Child,rchildiy@infoseek.co.jp
Gusta,Shergold,gshergoldiz@google.pl
Chicky,MacMoyer,cmacmoyerj0@sohu.com
Tonnie,Ladloe,tladloej1@ihg.com
Edi,Wyllie,ewylliej2@123-reg.co.uk
Petronia,Lawlings,plawlingsj3@yellowbook.com
Kitti,Bannister,kbannisterj4@imageshack.us
Mamie,Choake,mchoakej5@clickbank.net
Orazio,Fatscher,ofatscherj6@twitter.com
Killy,Panichelli,kpanichellij7@engadget.com
Krissie,Comsty,kcomstyj8@discovery.com
William,Tuffield,wtuffieldj9@nature.com
Amandie,Milburn,amilburnja@example.com
Kendra,McKiddin,kmckiddinjb@umich.edu
Rosalie,Yandell,ryandelljc@canalblog.com
Cecilius,Antoniak,cantoniakjd@oaic.gov.au
Melody,Tregenna,mtregennaje@sciencedaily.com
Alecia,Frostdicke,afrostdickejf@nba.com
Celestina,Guichard,cguichardjg@usda.gov
Rocky,Girvin,rgirvinjh@mysql.com
Fara,Rohlf,frohlfji@cornell.edu
Dorey,Wayvill,dwayvilljj@skype.com
Tomlin,Attfield,tattfieldjk@ucsd.edu
Ellissa,Tressler,etresslerjl@bluehost.com
Melba,Killby,mkillbyjm@accuweather.com
Carlos,Tourle,ctourlejn@dagondesign.com
Cindi,McCaffrey,cmccaffreyjo@myspace.com
Heddi,Campbell-Dunlop,hcampbelldunlopjp@msn.com
Ring,Longbone,rlongbonejq@ifeng.com
Mallory,Immins,mimminsjr@blogtalkradio.com
Germana,Cathersides,gcathersidesjs@webmd.com
Anastassia,Nussey,anusseyjt@photobucket.com
Joshua,Mudge,jmudgeju@indiegogo.com
Lyn,Moylane,lmoylanejv@businesswire.com
Rani,Crossfield,rcrossfieldjw@bravesites.com
Syman,Lebourn,slebournjx@google.co.jp
Cindi,Blaber,cblaberjy@webnode.com
Axe,Yaus,ayausjz@pinterest.com
Yolanda,Lapsley,ylapsleyk0@sun.com
Wye,Gascoyen,wgascoyenk1@flavors.me
Harold,Probet,hprobetk2@nbcnews.com
Brose,Nutkins,bnutkinsk3@ezinearticles.com
Denise,Sykes,dsykesk4@goodreads.com
Sharl,Sylvester,ssylvesterk5@yale.edu
Abramo,Cometti,acomettik6@123-reg.co.uk
Sydelle,Roberds,sroberdsk7@wiley.com
Adella,Ferneley,aferneleyk8@blogger.com
Mara,Ickovitz,mickovitzk9@epa.gov
Thia,Crix,tcrixka@ovh.net
Fredi,Southers,fsoutherskb@weebly.com
Eugenia,Trail,etrailkc@cbslocal.com
Harper,Spoure,hspourekd@delicious.com
Elfrida,Ickov,eickovke@sourceforge.net
Carlynn,Arnaldy,carnaldykf@hugedomains.com
Fania,Clopton,fcloptonkg@fema.gov
Bud,Sculley,bsculleykh@weibo.com
Laney,Mateiko,lmateikoki@qq.com
Tedie,Whichelow,twhichelowkj@google.com
Beatrice,Kitchiner,bkitchinerkk@google.pl
Zorine,Godilington,zgodilingtonkl@alexa.com
Jelene,Seywood,jseywoodkm@fda.gov
Irina,Hurcombe,ihurcombekn@elegantthemes.com
Morissa,Erickssen,merickssenko@typepad.com
Welsh,Teaz,wteazkp@scientificamerican.com
Vilma,Jenkins,vjenkinskq@angelfire.com
Micah,Goodinge,mgoodingekr@hugedomains.com
Jorgan,Forri,jforriks@google.com.au
Bealle,Tunesi,btunesikt@nih.gov
Enrica,Durand,edurandku@smh.com.au
Gordon,Hinkley,ghinkleykv@youtu.be
Lannie,Deerr,ldeerrkw@twitpic.com
Reilly,Siley,rsileykx@jiathis.com
Ange,Starten,astartenky@blogspot.com
Nico,Dagger,ndaggerkz@usgs.gov
Karlen,Clevely,kclevelyl0@discuz.net
Hugo,Danielou,hdanieloul1@posterous.com
Gasper,Crombie,gcrombiel2@patch.com
Arlin,Klosa,aklosal3@gov.uk
John,Carrivick,jcarrivickl4@un.org
Elsinore,Boliver,eboliverl5@usgs.gov
Tremaine,Belvin,tbelvinl6@hugedomains.com
Marcelo,Rockwell,mrockwelll7@dailymail.co.uk
Riannon,Taverner,rtavernerl8@jiathis.com
Davis,Dyer,ddyerl9@youku.com
Jess,Stichall,jstichallla@techcrunch.com
Rance,Findlater,rfindlaterlb@deviantart.com
Becki,Yearn,byearnlc@bloomberg.com
Reba,Roebuck,rroebuckld@imdb.com
Dulcinea,Adlard,dadlardle@addthis.com
Roselin,Stenson,rstensonlf@cdbaby.com
Dorey,Maben,dmabenlg@hibu.com
Catherin,Merle,cmerlelh@virginia.edu
Danny,Rehme,drehmeli@skype.com
Milty,Quare,mquarelj@mapy.cz
Lind,Tieman,ltiemanlk@fema.gov
Gauthier,Spittall,gspittallll@eventbrite.com
Margret,Voff,mvofflm@businessweek.com
Wernher,Giacomi,wgiacomiln@cocolog-nifty.com
Alisa,Jasik,ajasiklo@instagram.com
Ephrem,Vuitte,evuittelp@desdev.cn
Brew,Littlepage,blittlepagelq@altervista.org
Nanine,Baytrop,nbaytroplr@xrea.com
Odette,Gallop,ogallopls@state.tx.us
Milissent,Rubenfeld,mrubenfeldlt@mashable.com
Nana,Tidmarsh,ntidmarshlu@theguardian.com
Irwin,Pengilly,ipengillylv@amazon.com
Lambert,Tesdale,ltesdalelw@wiley.com
Phineas,Joust,pjoustlx@spiegel.de
Vikki,Gaitone,vgaitonely@buzzfeed.com
Bellina,Warnes,bwarneslz@apple.com
Tania,Swetmore,tswetmorem0@goodreads.com
Timoteo,Goddard,tgoddardm1@hatena.ne.jp
Ebony,Buckingham,ebuckinghamm2@reddit.com
Trev,Whimpenny,twhimpennym3@columbia.edu
Lynne,Woodwind,lwoodwindm4@geocities.com
Aimee,Winspeare,awinspearem5@quantcast.com
Lynette,Durtnal,ldurtnalm6@addtoany.com
Rozanne,Whetson,rwhetsonm7@businesswire.com
Ealasaid,Jedrys,ejedrysm8@51.la
Bat,Riceards,briceardsm9@pinterest.com
Alberik,Sherebrooke,asherebrookema@china.com.cn
Korney,Bailes,kbailesmb@yelp.com
Miller,Petrasek,mpetrasekmc@google.es
Artus,Darwen,adarwenmd@wikipedia.org
Fitz,Thackray,fthackrayme@soundcloud.com
Desiri,Martusewicz,dmartusewiczmf@gravatar.com
Mischa,Brandts,mbrandtsmg@wiley.com
Pablo,Chartres,pchartresmh@google.com.br
Truda,Rysom,trysommi@wordpress.com
Cesya,Feltham,cfelthammj@discovery.com
Phoebe,Matiashvili,pmatiashvilimk@fotki.com
Galina,Johnsson,gjohnssonml@nih.gov
Constantin,Blaschek,cblaschekmm@tamu.edu
Rourke,Duxbury,rduxburymn@networksolutions.com
Errol,Hoffner,ehoffnermo@harvard.edu
Johannah,Tidbury,jtidburymp@google.com.br
Alana,Speedin,aspeedinmq@accuweather.com
Anton,Etuck,aetuckmr@edublogs.org
Baxy,Kubasek,bkubasekms@wikia.com
Iosep,Dibdale,idibdalemt@wikipedia.org
Leandra,Frankcomb,lfrankcombmu@examiner.com
Daphene,Snadden,dsnaddenmv@t.co
Leanna,Harbor,lharbormw@amazon.com
Libbi,Purcell,lpurcellmx@nifty.com
Aggy,Jelk,ajelkmy@cornell.edu
Griffin,Smallpeice,gsmallpeicemz@amazon.co.jp
Rosita,Sextone,rsextonen0@hibu.com
Harald,Corter,hcortern1@macromedia.com
Ellary,Schachter,eschachtern2@bizjournals.com
Lemar,Hutchason,lhutchasonn3@ucla.edu
Shanie,Panketh,spankethn4@issuu.com
Hardy,Britton,hbrittonn5@google.ca
Ajay,Shewery,asheweryn6@hud.gov
Bernardo,O'Hearn,bohearnn7@berkeley.edu
Lucie,Hawksby,lhawksbyn8@jugem.jp
Orly,McTurlough,omcturloughn9@zimbio.com
Norris,Ropars,nroparsna@webnode.com
Siana,Sainthill,ssainthillnb@ehow.com
Israel,Amys,iamysnc@guardian.co.uk
Brandyn,Alessandrelli,balessandrellind@samsung.com
Tully,Connock,tconnockne@sun.com
Mohandis,Matovic,mmatovicnf@usa.gov
Annemarie,MacAllester,amacallesterng@plala.or.jp
Nicolis,Blundan,nblundannh@de.vu
Gert,Emes,gemesni@bloglovin.com
Yehudit,Tharme,ytharmenj@nature.com
Tallia,Aingell,taingellnk@slideshare.net
Chandal,Maulkin,cmaulkinnl@home.pl
Jeanie,Bertrand,jbertrandnm@yolasite.com
Aubert,Trammel,atrammelnn@aboutads.info
Roxanna,Pucker,rpuckerno@army.mil
Ragnar,Bedboro,rbedboronp@about.com
Kenn,Haslen,khaslennq@cmu.edu
Fredric,Hansberry,fhansberrynr@opensource.org
Lyndsie,Greschik,lgreschikns@virginia.edu
Kerri,Ebbotts,kebbottsnt@deviantart.com
Wilfrid,Wix,wwixnu@examiner.com
Andros,Pitkins,apitkinsnv@omniture.com
Anselma,Androletti,aandrolettinw@who.int
Fransisco,Corbet,fcorbetnx@jiathis.com
Giffy,Bumford,gbumfordny@sciencedirect.com
Harriette,Tinson,htinsonnz@eventbrite.com
Terrell,Jeakins,tjeakinso0@comsenz.com
Robers,Murtagh,rmurtagho1@vistaprint.com
Laina,Baszniak,lbaszniako2@feedburner.com
Hubert,Meddick,hmeddicko3@furl.net
Alfonso,Curtin,acurtino4@npr.org
Alix,Spilsburie,aspilsburieo5@simplemachines.org
Celia,Hurley,churleyo6@flickr.com
Giulietta,Drinkhall,gdrinkhallo7@blogspot.com
Terese,Litchmore,tlitchmoreo8@parallels.com
Juliette,Tunnicliffe,jtunnicliffeo9@plala.or.jp
Elbertina,Sixsmith,esixsmithoa@biblegateway.com
Suzanne,Brucker,sbruckerob@wunderground.com
Olenolin,Decaze,odecazeoc@aboutads.info
Marti,Lippini,mlippiniod@zdnet.com
Liliane,Tonkes,ltonkesoe@desdev.cn
Shandee,Toffel,stoffelof@usgs.gov
Tremayne,Sheara,tshearaog@mlb.com
Sebastian,Simeoni,ssimeonioh@g.co
Leo,Cosins,lcosinsoi@barnesandnoble.com
Horton,Bleasdale,hbleasdaleoj@usa.gov
Lanae,Arondel,larondelok@adobe.com
Laurianne,McCumskay,lmccumskayol@amazon.co.uk
Pete,Mattevi,pmatteviom@admin.ch
Roxane,Hannigan,rhanniganon@cdbaby.com
Timmy,Zute,tzuteoo@reverbnation.com
Woody,Jurewicz,wjurewiczop@people.com.cn
Morganica,Bachs,mbachsoq@weebly.com
Barb,Barracks,bbarracksor@ezinearticles.com
Gerhardt,Pegg,gpeggos@fastcompany.com
Sky,Dur,sdurot@trellian.com
Cindie,Thripp,cthrippou@baidu.com
Robby,Moody,rmoodyov@liveinternet.ru
Kent,Terrett,kterrettow@edublogs.org
Deanna,McTerry,dmcterryox@ning.com
Lynn,Hathaway,lhathawayoy@geocities.jp
Jyoti,Austin,jaustinoz@aboutads.info
Stinky,Rugiero,srugierop0@oakley.com
Lind,Pyffe,lpyffep1@washingtonpost.com
Devi,Clowes,dclowesp2@vk.com
Nichol,Rubartelli,nrubartellip3@google.es
Tom,Sweett,tsweettp4@europa.eu
Foss,Tuppeny,ftuppenyp5@toplist.cz
Tera,Titterell,ttitterellp6@google.com.au
Gwenore,Myhan,gmyhanp7@washingtonpost.com
Curry,Stringfellow,cstringfellowp8@cyberchimps.com
Caterina,Del Monte,cdelmontep9@scribd.com
Melva,Indge,mindgepa@mapy.cz
Ddene,Wilhelmy,dwilhelmypb@sakura.ne.jp
Anya,Pottiphar,apottipharpc@howstuffworks.com
Misti,Hackett,mhackettpd@ebay.co.uk
Fabian,Gaylor,fgaylorpe@independent.co.uk
Wilhelmina,Aulton,waultonpf@cloudflare.com
Anthia,Carryer,acarryerpg@weibo.com
Mill,Rubie,mrubieph@goo.ne.jp
Judy,Nanetti,jnanettipi@mapy.cz
Nell,Mozzetti,nmozzettipj@discuz.net
Field,Kingscote,fkingscotepk@bloglines.com
Constantina,Rishworth,crishworthpl@qq.com
Lynn,Goshawke,lgoshawkepm@columbia.edu
Siegfried,Dietz,sdietzpn@blinklist.com
Lewie,Cowl,lcowlpo@devhub.com
Denna,Sallter,dsallterpp@booking.com
Rozella,Cain,rcainpq@icio.us
Arel,Ketts,akettspr@feedburner.com
Christel,Washtell,cwashtellps@census.gov
Lilla,Garden,lgardenpt@xrea.com
Moselle,Sybbe,msybbepu@gov.uk
Storm,Schade,sschadepv@eepurl.com
Jessalin,Izon,jizonpw@constantcontact.com
Lars,Izakof,lizakofpx@prlog.org
Tania,Laurentino,tlaurentinopy@barnesandnoble.com
Syd,Winley,swinleypz@webs.com
Cully,Brezlaw,cbrezlawq0@archive.org
Leland,Carbert,lcarbertq1@archive.org
Adolphe,Crichten,acrichtenq2@wordpress.org
Lenora,Soaper,lsoaperq3@webmd.com
Christos,O'Flaverty,coflavertyq4@prnewswire.com
Eugene,Madge,emadgeq5@icq.com
Carole,Rainsden,crainsdenq6@bbc.co.uk
Olympia,Scamadin,oscamadinq7@soundcloud.com
Daniela,Muckle,dmuckleq8@google.com.hk
Merwyn,Royle,mroyleq9@tumblr.com
Teddy,Florey,tfloreyqa@mozilla.org
Nollie,Scottini,nscottiniqb@epa.gov
Layton,Jakeway,ljakewayqc@php.net
Charmaine,Sinkins,csinkinsqd@washington.edu
Aymer,Littledyke,alittledykeqe@1und1.de
Row,Zienkiewicz,rzienkiewiczqf@cornell.edu
Marjie,Crannis,mcrannisqg@forbes.com
Ines,Colwill,icolwillqh@ucla.edu
Trixie,O'Cahsedy,tocahsedyqi@fc2.com
Vail,Wreiford,vwreifordqj@newsvine.com
Nealson,Ribbens,nribbensqk@so-net.ne.jp
Rad,St. Quentin,rstquentinql@livejournal.com
Geri,Marnes,gmarnesqm@linkedin.com
Ashlie,Tripcony,atripconyqn@digg.com
Viviene,Skupinski,vskupinskiqo@cocolog-nifty.com
Cori,Steere,csteereqp@ted.com
Luciano,Grendon,lgrendonqq@hc360.com
Teodorico,Pearn,tpearnqr@nasa.gov
Jacinthe,Lancaster,jlancasterqs@walmart.com
Orelle,Plummer,oplummerqt@sina.com.cn
Berk,Mumbray,bmumbrayqu@imdb.com
Desirae,Slaney,dslaneyqv@bbc.co.uk
Fidel,Darlington,fdarlingtonqw@wp.com
Tallou,Rowett,trowettqx@rambler.ru
Barbra,Marshman,bmarshmanqy@slashdot.org
Cos,Beveredge,cbeveredgeqz@geocities.com
Kristina,Enderson,kendersonr0@mashable.com
Bondon,Hasling,bhaslingr1@usa.gov
Jeffie,Heffernon,jheffernonr2@sogou.com
Jodie,Worgen,jworgenr3@digg.com
Tammy,Yuryichev,tyuryichevr4@is.gd
Honoria,Kinsey,hkinseyr5@technorati.com
Raffaello,Mumby,rmumbyr6@last.fm
Lesya,Goddert.sf,lgoddertsfr7@vimeo.com
Nicola,Strodder,nstrodderr8@wiley.com
Paxton,Dobbson,pdobbsonr9@discovery.com
Hank,Revens,hrevensra@yellowbook.com
Hal,Capin,hcapinrb@storify.com
Livvie,Hexum,lhexumrc@aol.com
Elle,Hawksworth,ehawksworthrd@oaic.gov.au
Langston,Richardes,lrichardesre@hp.com
Andrea,Tomaello,atomaellorf@accuweather.com
Filberte,Mandry,fmandryrg@posterous.com
Amberly,Blewett,ablewettrh@gov.uk
Byram,Wyd,bwydri@ocn.ne.jp
Gayelord,Keenor,gkeenorrj@noaa.gov
Sherman,Clougher,sclougherrk@example.com
Glyn,Tilly,gtillyrl@symantec.com
Torie,Alstead,talsteadrm@shutterfly.com
Berenice,Scare,bscarern@aboutads.info
Josefa,Fairfoot,jfairfootro@wikipedia.org
Benni,Karel,bkarelrp@seesaa.net
Dane,Lowis,dlowisrq@hatena.ne.jp
Nannie,Salt,nsaltrr@icq.com
